id,platform,title,brand,model,material,color,condition,price_brl,original_price_brl,sales,rating,reviews,seller,seller_type,state,city,shipping_free,installments_count,interest_free,available_quantity,listed_date
MLB-0142,Mercado Livre,Case Poco X6 Transparente Policarbonato - Xiaomi,Xiaomi,Poco X6,Policarbonato,Marrom,Novo,59.9,,23865,4.4,1400,Prime Cases,Vendedor,RJ,Niterói,False,9,True,225,2026-05-02
MLB-0101,Mercado Livre,Case iPhone 16 Anti-Risco Glitter Policarbonato,Apple,iPhone 16,Policarbonato,Verde,Novo,36.1,52.0,22466,4.4,1272,Case Mania,Vendedor,CE,Sobral,True,,,16,2026-02-27
MLB-0201,Mercado Livre,Case iPhone 13 Com Desenho Silicone Vermelho - Apple,Apple,iPhone 13,Silicone,Vermelho,Novo,23.1,,20501,4.6,2377,CaseHub,MercadoLíder,SP,São Bernardo do Campo,True,9,True,122,2026-03-17
MLB-0292,Mercado Livre,Capa de Celular Poco X6 Lisa Capa com Suporte,Xiaomi,Poco X6,Capa com Suporte,Branco,Novo,35.8,56.6,18631,4.1,939,Digital Case BR,Vendedor,RJ,Niterói,False,,,152,2026-06-02
MLB-0469,Mercado Livre,Capa de Celular realme Note 50 Anti-Risco Lisa À Prova d'Água Verde - realme,realme,realme Note 50,À Prova d'Água,Verde,Novo,39.9,58.3,16010,4.9,1211,Prime Cases,MercadoLíder,MG,Contagem,False,,,165,2025-12-28
MLB-0311,Mercado Livre,Case Galaxy S25 Ultra Com Desenho Glitter TPU com Cordão Branco - Samsung,Samsung,Galaxy S25 Ultra,TPU com Cordão,Branco,Novo,25.1,,12925,4.9,837,Max Acessórios,Vendedor,MG,Belo Horizonte,True,3,True,299,2025-12-01
MLB-0603,Mercado Livre,Capa de Celular iPhone 11 Geométrica Glitter Couro com MagSafe Laranja,Apple,iPhone 11,Couro com MagSafe,Laranja,Novo,79.1,98.4,12220,5.0,1365,TecnoCases,MercadoLíder,ES,Vitória,True,12,True,66,2025-12-02
MLB-0362,Mercado Livre,Capinha Galaxy A55 Anti-Risco Colorida Capa com Suporte Azul,Samsung,Galaxy A55,Capa com Suporte,Azul,Novo,31.4,54.1,7602,5.0,696,Digital Case BR,Vendedor,CE,Juazeiro do Norte,False,3,True,49,2025-08-19
MLB-0321,Mercado Livre,Capa Protetora Galaxy A35 Com Desenho Colorida TPU - Samsung,Samsung,Galaxy A35,TPU,Rosa,Novo,14.3,,7596,4.7,207,Prime Cases,MercadoLíder,MG,Belo Horizonte,True,6,False,140,2026-02-27
MLB-0191,Mercado Livre,Capinha Galaxy M15 Glitter Acrílico Cristal Roxo - Samsung,Samsung,Galaxy M15,Acrílico Cristal,Roxo,Novo,37.6,,7511,4.6,877,CaseHub,Vendedor,SP,Osasco,False,,,194,2025-09-05
MLB-0231,Mercado Livre,Case Poco X6 Anti-Risco Couro Sintético - Xiaomi,Xiaomi,Poco X6,Couro Sintético,Marrom,Novo,57.1,91.9,7492,4.5,324,iCases Store,Vendedor,GO,Aparecida de Goiânia,False,9,True,113,2025-10-13
MLB-0168,Mercado Livre,Capinha Redmi Note 14 Floral Couro Sintético Branco - Xiaomi,Xiaomi,Redmi Note 14,Couro Sintético,Branco,Novo,89.9,121.3,7388,4.5,316,Max Acessórios,MercadoLíder,MG,Contagem,True,6,True,222,2025-11-06
MLB-0437,Mercado Livre,Case Redmi Note 13 Glitter Lisa Pelúcia,Xiaomi,Redmi Note 13,Pelúcia,Cinza,Novo,51.5,,7321,4.6,840,Top Cel Acessórios,MercadoLíder,SP,Guarulhos,True,9,True,276,2026-04-04
MLB-0064,Mercado Livre,Capa Protetora Galaxy S23 Transparente Acrílico Cristal - Samsung,Samsung,Galaxy S23,Acrílico Cristal,Azul,Novo,43.8,,7230,4.6,811,Case Mania,Vendedor,SC,Blumenau,True,3,True,114,2025-10-22
MLB-0496,Mercado Livre,Case realme C53 Com Anel Antichoque Silicone com Anel - realme,realme,realme C53,Silicone com Anel,Preto,Novo,36.6,51.5,7018,4.9,320,Case Store Brasil,MercadoLíder,BA,Vitória da Conquista,False,6,False,296,2025-08-27
MLB-0396,Mercado Livre,Capinha Galaxy S25 Ultra Anti-Risco Acrílico Cristal Prata - Samsung,Samsung,Galaxy S25 Ultra,Acrílico Cristal,Prata,Novo,28.7,38.6,7016,4.5,669,CaseHub,Vendedor,SC,Florianópolis,True,9,False,108,2026-08-08
MLB-0107,Mercado Livre,Case Moto G54 Camuflada Lisa Pelúcia Verde,Motorola,Moto G54,Pelúcia,Verde,Novo,69.9,,6899,4.7,192,Importados BR,Vendedor,RS,Canoas,True,6,True,214,2025-11-13
MLB-0203,Mercado Livre,Capa de Celular iPhone 11 Antichoque Fosca TPU com Cordão - Apple,Apple,iPhone 11,TPU com Cordão,Marrom,Novo,24.1,30.0,6783,4.7,301,iCases Store,Loja Oficial,PE,Recife,False,12,True,129,2026-06-23
MLB-0338,Mercado Livre,Case Redmi Note 12 Lisa TPU com Cordão,Xiaomi,Redmi Note 12,TPU com Cordão,Vermelho,Novo,22.1,,6600,4.8,768,Capinha Express,Vendedor,RS,Caxias do Sul,False,3,True,248,2025-10-18
MLB-0270,Mercado Livre,Case Redmi Note 13 Com Suporte Texturizada Capa com Suporte - Xiaomi,Xiaomi,Redmi Note 13,Capa com Suporte,Preto,Novo,30.7,52.7,6599,4.7,534,Importados BR,MercadoLíder,SP,Osasco,True,12,True,269,2026-05-01
MLB-0135,Mercado Livre,Capinha Redmi Note 12 Ultra Fino TPU com Cordão - Xiaomi,Xiaomi,Redmi Note 12,TPU com Cordão,Transparente,Novo,18.1,,6443,4.4,337,Digital Case BR,Vendedor,MG,Uberlândia,True,12,True,259,2026-06-26
MLB-0539,Mercado Livre,Capa Protetora iPhone 11 Transparente Texturizada Capa com Suporte Branco - Apple,Apple,iPhone 11,Capa com Suporte,Branco,Novo,54.9,81.2,6425,4.8,364,CaseHub,Vendedor,RJ,Rio de Janeiro,True,9,False,30,2025-10-27
MLB-0114,Mercado Livre,Capa Protetora realme C53 Camuflada Ultra Fino Silicone com MagSafe,realme,realme C53,Silicone com MagSafe,Transparente,Novo,49.6,82.6,6290,4.6,253,Brasil Case Center,Vendedor,SC,Blumenau,False,,,119,2026-07-20
MLB-0538,Mercado Livre,Capa de Celular Galaxy S24 Fosca TPU com Cordão,Samsung,Galaxy S24,TPU com Cordão,Camuflado,Novo,99.9,,5983,4.7,711,Digital Case BR,Vendedor,CE,Juazeiro do Norte,True,9,True,90,2025-12-30
MLB-0399,Mercado Livre,Capa Protetora Moto G54 Camuflada Transparente Silicone Camuflado - Motorola,Motorola,Moto G54,Silicone,Camuflado,Novo,20.6,36.8,5906,4.8,604,Max Acessórios,MercadoLíder,DF,Taguatinga,True,9,False,283,2026-04-15
MLB-0334,Mercado Livre,Capinha Galaxy A55 Ultra Fino Couro com MagSafe - Samsung,Samsung,Galaxy A55,Couro com MagSafe,Amarelo,Novo,74.4,130.6,5891,4.7,635,Top Cel Acessórios,Vendedor,CE,Juazeiro do Norte,False,,,65,2026-03-11
MLB-0442,Mercado Livre,Case iPhone 16 Pro Max Couro Premium Couro com MagSafe - Apple,Apple,iPhone 16 Pro Max,Couro com MagSafe,Cinza,Novo,65.0,102.6,5825,4.7,452,Capinha Express,MercadoLíder,SP,Campinas,False,9,True,0,2025-07-19
MLB-0452,Mercado Livre,Capa Protetora realme C53 Premium Antichoque Couro Sintético Prata - realme,realme,realme C53,Couro Sintético,Prata,Novo,59.8,,5796,4.6,528,Mega Cases Shop,Loja Oficial,AM,Parintins,True,12,True,54,2025-08-20
MLB-0389,Mercado Livre,Capa Protetora Galaxy S25 Ultra Colorida Espelhada TPU Camuflado - Samsung,Samsung,Galaxy S25 Ultra,TPU,Camuflado,Novo,11.4,20.3,5587,4.9,591,iCases Store,Vendedor,PR,Curitiba,True,3,True,50,2026-07-15
MLB-0145,Mercado Livre,Capinha Redmi Note 13 Geométrica Texturizada Policarbonato - Xiaomi,Xiaomi,Redmi Note 13,Policarbonato,Cinza,Novo,39.3,,5166,4.8,225,CelShop Brasil,Vendedor,PR,Cascavel,False,12,False,245,2026-06-17
MLB-0606,Mercado Livre,Capa Protetora Redmi Note 14 Ultra Fino Couro com MagSafe Roxo - Xiaomi,Xiaomi,Redmi Note 14,Couro com MagSafe,Roxo,Novo,14.9,,5007,5.0,551,Acessórios Prime,Vendedor,RJ,Campos dos Goytacazes,True,3,True,215,2026-04-16
MLB-0617,Mercado Livre,Case Moto G84 Ultra Fino Capa com Suporte - Motorola,Motorola,Moto G84,Capa com Suporte,Rosa,Novo,37.7,,4700,5.0,119,Max Acessórios,MercadoLíder,MA,São Luís,True,3,False,147,2025-07-19
MLB-0516,Mercado Livre,Case iPhone 16 Pelúcia Texturizada Pelúcia Preto - Apple,Apple,iPhone 16,Pelúcia,Preto,Novo,51.1,,4211,4.6,445,Digital Case BR,Vendedor,MG,Belo Horizonte,True,,,125,2026-03-30
MLB-0551,Mercado Livre,Capa Protetora Poco X6 Com Desenho Capa com Suporte Azul,Xiaomi,Poco X6,Capa com Suporte,Azul,Novo,40.7,60.7,4130,4.7,376,TecnoCases,Vendedor,CE,Fortaleza,True,9,True,198,2025-12-08
MLB-0380,Mercado Livre,Capa de Celular realme Note 50 Fosca Couro Sintético - realme,realme,realme Note 50,Couro Sintético,Cinza,Novo,42.4,67.2,3988,4.8,412,Case Store Brasil,MercadoLíder,RJ,Rio de Janeiro,True,12,True,63,2026-06-21
MLB-0073,Mercado Livre,Case realme 11 Geométrica Espelhada Couro com MagSafe - realme,realme,realme 11,Couro com MagSafe,Dourado,Novo,85.2,138.7,3963,4.7,89,Capinha Express,Vendedor,RJ,Duque de Caxias,True,12,True,214,2026-07-09
MLB-0567,Mercado Livre,Case realme 12 Lisa Geométrica Silicone com Anel Marrom - realme,realme,realme 12,Silicone com Anel,Marrom,Novo,43.8,75.5,3953,5.0,158,Prime Cases,Vendedor,ES,Vila Velha,False,6,True,146,2026-03-24
MLB-0273,Mercado Livre,Capinha Galaxy S25 Espelhada Silicone Verde - Samsung,Samsung,Galaxy S25,Silicone,Verde,Novo,18.3,,3806,4.2,335,Case Store Brasil,MercadoLíder,MG,Belo Horizonte,True,3,True,90,2025-08-11
MLB-0069,Mercado Livre,Capinha iPhone 13 Anti-Risco TPU com Cordão,Apple,iPhone 13,TPU com Cordão,Rosa,Novo,64.9,,3670,4.7,148,Max Acessórios,Vendedor,SP,São Bernardo do Campo,False,9,True,6,2026-01-17
MLB-0375,Mercado Livre,Capinha Galaxy S25 Ultra Fosca Capa com Suporte - Samsung,Samsung,Galaxy S25 Ultra,Capa com Suporte,Laranja,Novo,38.7,61.9,2869,4.3,103,Top Cel Acessórios,MercadoLíder,PR,Curitiba,False,3,True,212,2026-02-22
MLB-0111,Mercado Livre,Capa de Celular Moto Edge 50 Espelhada Antichoque Pelúcia Preto,Motorola,Moto Edge 50,Pelúcia,Preto,Novo,50.1,87.8,2826,4.5,310,Case Mania,MercadoLíder,SP,Guarulhos,True,6,False,49,2026-01-12
MLB-0464,Mercado Livre,Case Galaxy S25 Antirrisco Acrílico Cristal Prata - Samsung,Samsung,Galaxy S25,Acrílico Cristal,Prata,Novo,35.4,45.0,2486,5.0,151,Case Mania,MercadoLíder,GO,Anápolis,True,3,True,60,2026-01-06
MLB-0027,Mercado Livre,Case iPhone 15 Colorida À Prova d'Água - Apple,Apple,iPhone 15,À Prova d'Água,Roxo,Novo,52.6,,2328,4.4,254,Brasil Case Center,Vendedor,SP,Campinas,True,6,True,24,2025-10-28
MLB-0256,Mercado Livre,Capa Protetora Galaxy A35 MagSafe Couro com MagSafe - Samsung,Samsung,Galaxy A35,Couro com MagSafe,Dourado,Novo,9.9,14.2,2267,4.8,192,iCases Store,Vendedor,PR,Maringá,False,6,True,251,2026-05-03
MLB-0505,Mercado Livre,Capinha realme 11 Texturizada Com Desenho À Prova d'Água - realme,realme,realme 11,À Prova d'Água,Verde,Novo,27.9,42.5,1969,4.3,198,Importados BR,MercadoLíder,SP,São Bernardo do Campo,True,3,True,41,2026-02-12
MLB-0241,Mercado Livre,Case iPhone 14 Texturizada À Prova d'Água - Apple,Apple,iPhone 14,À Prova d'Água,Rosa,Novo,62.9,98.2,1951,4.4,100,Case Store Brasil,Vendedor,CE,Juazeiro do Norte,True,,,279,2025-11-21
MLB-0245,Mercado Livre,Case Moto G24 Antichoque Silicone com Anel - Motorola,Motorola,Moto G24,Silicone com Anel,Branco,Novo,24.7,,1943,4.4,182,iCases Store,Vendedor,SC,Florianópolis,True,9,False,100,2026-07-23
MLB-0493,Mercado Livre,Capinha realme C53 Lisa Couro Sintético Amarelo,realme,realme C53,Couro Sintético,Amarelo,Novo,22.9,37.6,1941,4.3,72,Digital Case BR,Vendedor,SC,Blumenau,False,3,False,26,2026-06-10
MLB-0374,Mercado Livre,Case iPhone 16 Couro Premium Couro com MagSafe - Apple,Apple,iPhone 16,Couro com MagSafe,Rosa,Novo,64.7,101.1,1931,4.7,181,Importados BR,Loja Oficial,RJ,Rio de Janeiro,True,,,100,2025-10-29
MLB-0608,Mercado Livre,Case realme C53 Lisa Anti-Risco TPU - realme,realme,realme C53,TPU,Preto,Novo,14.3,18.1,1921,4.4,62,Top Cel Acessórios,MercadoLíder,BA,Vitória da Conquista,True,,,284,2026-03-04
MLB-0267,Mercado Livre,Capa Protetora iPhone 12 Fosca Anti-Risco Silicone com MagSafe Laranja - Apple,Apple,iPhone 12,Silicone com MagSafe,Laranja,Novo,68.9,,1910,4.7,134,CaseHub,Vendedor,RJ,Campos dos Goytacazes,False,6,True,108,2025-10-09
MLB-0255,Mercado Livre,Capa de Celular realme Note 50 Floral MagSafe Couro com MagSafe,realme,realme Note 50,Couro com MagSafe,Preto,Novo,65.9,98.9,1851,4.3,202,CelShop Brasil,MercadoLíder,SP,São Paulo,True,12,False,292,2025-09-10
MLB-0317,Mercado Livre,Capinha Poco X6 Pro Ultra Fino Acrílico Cristal Verde - Xiaomi,Xiaomi,Poco X6 Pro,Acrílico Cristal,Verde,Novo,38.6,,1849,4.5,218,Case Mania,MercadoLíder,MG,Contagem,True,12,True,195,2026-06-21
MLB-0393,Mercado Livre,Capa Protetora iPhone 11 Com Desenho Floral Couro com MagSafe Amarelo,Apple,iPhone 11,Couro com MagSafe,Amarelo,Novo,72.8,115.3,1844,4.0,69,Max Acessórios,Loja Oficial,BA,Salvador,True,6,False,246,2025-09-22
MLB-0151,Mercado Livre,Capinha Moto Edge 50 Floral Com Cordão TPU com Cordão - Motorola,Motorola,Moto Edge 50,TPU com Cordão,Verde,Novo,23.5,,1835,4.8,215,iCases Store,Loja Oficial,PR,Cascavel,False,,,292,2026-04-06
MLB-0202,Mercado Livre,Capa de Celular iPhone 16 Couro Couro Sintético Rosa,Apple,iPhone 16,Couro Sintético,Rosa,Novo,51.7,,1827,4.1,141,Case Store Brasil,Vendedor,SC,Blumenau,True,6,True,237,2026-07-30
MLB-0445,Mercado Livre,Capa Protetora Galaxy A16 Transparente Silicone Rosa - Samsung,Samsung,Galaxy A16,Silicone,Rosa,Novo,22.4,,1827,5.0,202,Top Cel Acessórios,Loja Oficial,MG,Belo Horizonte,True,9,False,216,2025-11-29
MLB-0358,Mercado Livre,Capinha Redmi Note 14 Com Suporte Lisa Capa com Suporte Branco - Xiaomi,Xiaomi,Redmi Note 14,Capa com Suporte,Branco,Novo,89.9,110.3,1821,4.9,192,Max Acessórios,Loja Oficial,RJ,Niterói,False,3,True,248,2026-05-17
MLB-0235,Mercado Livre,Case Galaxy S24 Magnética Espelhada Silicone com MagSafe Preto - Samsung,Samsung,Galaxy S24,Silicone com MagSafe,Preto,Novo,43.3,77.7,1800,5.0,168,CaseHub,Vendedor,ES,Vila Velha,True,9,True,209,2025-11-11
MLB-0561,Mercado Livre,Capinha Galaxy M15 Couro Couro Sintético,Samsung,Galaxy M15,Couro Sintético,Marrom,Novo,22.9,27.5,1796,4.4,119,CaseHub,MercadoLíder,MG,Uberlândia,True,9,True,121,2025-08-26
MLB-0610,Mercado Livre,Case Poco X6 Fosca Silicone com MagSafe,Xiaomi,Poco X6,Silicone com MagSafe,Vermelho,Novo,54.2,74.7,1774,4.7,113,Mega Cases Shop,Vendedor,SP,Guarulhos,False,9,True,257,2025-07-25
MLB-0038,Mercado Livre,Case Galaxy A15 Transparente Colorida Acrílico Cristal Preto,Samsung,Galaxy A15,Acrílico Cristal,Preto,Novo,32.8,,1765,4.4,78,Importados BR,Vendedor,ES,Vila Velha,True,6,True,77,2025-10-27
MLB-0363,Mercado Livre,Case iPhone 15 Glitter Capa com Suporte Rosa - Apple,Apple,iPhone 15,Capa com Suporte,Rosa,Novo,19.9,30.7,1755,4.7,40,Case Mania,Vendedor,SP,Campinas,True,9,True,52,2025-09-17
MLB-0414,Mercado Livre,Case Galaxy A15 Lisa Geométrica Silicone com Anel Rosa - Samsung,Samsung,Galaxy A15,Silicone com Anel,Rosa,Novo,9.9,,1748,4.5,58,Max Acessórios,Vendedor,MG,Contagem,True,9,True,230,2026-06-05
MLB-0435,Mercado Livre,Capa de Celular iPhone 13 Floral Glitter Couro Sintético Marrom - Apple,Apple,iPhone 13,Couro Sintético,Marrom,Novo,51.5,92.3,1745,4.5,175,Max Acessórios,Vendedor,SP,Campinas,False,6,True,182,2025-09-02
MLB-0179,Mercado Livre,Capa Protetora Galaxy A16 Com Desenho Glitter Couro Sintético - Samsung,Samsung,Galaxy A16,Couro Sintético,Branco,Novo,34.8,,1735,4.6,36,Top Cel Acessórios,Vendedor,MG,Belo Horizonte,True,,,256,2026-04-28
MLB-0598,Mercado Livre,Capa de Celular Moto G24 Transparente Couro Sintético,Motorola,Moto G24,Couro Sintético,Verde,Novo,15.9,22.8,1702,4.1,110,Case Mania,MercadoLíder,RJ,Campos dos Goytacazes,True,,,28,2025-07-17
MLB-0519,Mercado Livre,Capa de Celular iPhone 16 Camuflada Silicone À Prova d'Água Roxo - Apple,Apple,iPhone 16,À Prova d'Água,Roxo,Novo,69.9,,1686,4.4,130,TecnoCases,MercadoLíder,CE,Juazeiro do Norte,False,,,233,2026-03-22
MLB-0229,Mercado Livre,Case Galaxy A15 Ultra Fino Espelhada Silicone - Samsung,Samsung,Galaxy A15,Silicone,Camuflado,Novo,17.1,27.1,1674,4.7,116,Brasil Case Center,MercadoLíder,SP,Osasco,True,3,True,37,2026-08-02
MLB-0615,Mercado Livre,Case iPhone 11 Transparente Capa com Suporte Dourado - Apple,Apple,iPhone 11,Capa com Suporte,Dourado,Novo,69.9,96.4,1632,4.1,136,Digital Case BR,Vendedor,SP,Campinas,False,6,True,291,2026-05-14
MLB-0376,Mercado Livre,Capa Protetora Moto G54 Colorida Pelúcia,Motorola,Moto G54,Pelúcia,Prata,Novo,59.9,,1597,4.0,48,CelShop Brasil,Vendedor,MG,Juiz de Fora,False,9,True,1,2026-07-15
MLB-0492,Mercado Livre,Capa Protetora Moto G85 Ultra Fino Colorida Pelúcia,Motorola,Moto G85,Pelúcia,Camuflado,Novo,54.9,69.3,1566,4.5,92,Mega Cases Shop,Vendedor,SP,Campinas,False,6,False,63,2025-11-18
MLB-0574,Mercado Livre,Capinha iPhone 13 Espelhada Lisa Silicone com Anel Cinza - Apple,Apple,iPhone 13,Silicone com Anel,Cinza,Novo,17.9,23.4,1524,4.5,51,Max Acessórios,MercadoLíder,RJ,Campos dos Goytacazes,False,,,135,2025-11-08
MLB-0320,Mercado Livre,Capinha Galaxy S24 Geométrica TPU Preto - Samsung,Samsung,Galaxy S24,TPU,Preto,Novo,19.2,,1472,4.8,78,Case Store Brasil,Vendedor,MG,Contagem,True,6,False,204,2026-02-12
MLB-0237,Mercado Livre,Case Galaxy S23 Ultra Fino Acrílico Cristal Amarelo,Samsung,Galaxy S23,Acrílico Cristal,Amarelo,Novo,79.9,112.5,1458,4.7,150,Capinha Express,MercadoLíder,GO,Aparecida de Goiânia,True,,,265,2025-11-27
MLB-0204,Mercado Livre,Capa de Celular Xiaomi 14 Espelhada Glitter Couro Sintético Laranja,Xiaomi,Xiaomi 14,Couro Sintético,Laranja,Novo,99.9,,1390,4.5,110,Mega Cases Shop,MercadoLíder,SP,Osasco,False,,,275,2025-08-30
MLB-0171,Mercado Livre,Capinha Moto Edge 50 Camuflada Com Desenho Couro com MagSafe Rosa - Motorola,Motorola,Moto Edge 50,Couro com MagSafe,Rosa,Novo,32.9,,1377,4.0,160,Top Cel Acessórios,Vendedor,SP,Guarulhos,True,6,True,218,2026-01-02
MLB-0174,Mercado Livre,Capa de Celular realme 11 Glitter Colorida Couro Sintético,realme,realme 11,Couro Sintético,Branco,Novo,60.8,,1358,4.8,125,Case Store Brasil,Vendedor,SP,Osasco,True,6,True,7,2025-10-16
MLB-0503,Mercado Livre,Case Galaxy A56 Transparente Floral Acrílico Cristal - Samsung,Samsung,Galaxy A56,Acrílico Cristal,Azul,Novo,45.2,73.8,1340,4.4,106,TecnoCases,Vendedor,DF,Taguatinga,True,6,False,0,2026-05-21
MLB-0175,Mercado Livre,Case realme 12 Floral Couro com MagSafe Preto - realme,realme,realme 12,Couro com MagSafe,Preto,Novo,67.9,115.0,1332,4.5,90,iCases Store,Vendedor,SP,São Paulo,False,9,True,215,2026-03-04
MLB-0568,Mercado Livre,Case Redmi Note 14 Floral Fosca Pelúcia,Xiaomi,Redmi Note 14,Pelúcia,Roxo,Novo,14.9,22.8,1305,4.7,64,Brasil Case Center,Vendedor,PR,Londrina,True,6,True,23,2026-02-09
MLB-0559,Mercado Livre,Capa Protetora Redmi Note 14 Texturizada Lisa À Prova d'Água,Xiaomi,Redmi Note 14,À Prova d'Água,Cinza,Novo,66.6,94.4,1293,4.8,63,iCases Store,MercadoLíder,MA,São Luís,True,3,True,68,2025-10-08
MLB-0495,Mercado Livre,Capinha Redmi Note 12 Antichoque Anti-Risco Acrílico Cristal,Xiaomi,Redmi Note 12,Acrílico Cristal,Transparente,Novo,17.9,,1289,4.9,67,Digital Case BR,Vendedor,BA,Salvador,True,,,66,2026-01-14
MLB-0369,Mercado Livre,Capa Protetora iPhone 13 Espelhada Couro com MagSafe Vermelho - Apple,Apple,iPhone 13,Couro com MagSafe,Vermelho,Novo,19.9,26.0,1284,4.4,70,Digital Case BR,Vendedor,ES,Vila Velha,True,9,True,275,2025-12-18
MLB-0305,Mercado Livre,Capa de Celular Redmi Note 13 Ultra Fino Silicone,Xiaomi,Redmi Note 13,Silicone,Transparente,Novo,17.9,31.6,1277,4.9,152,Importados BR,Loja Oficial,GO,Anápolis,True,9,True,109,2026-01-01
MLB-0618,Mercado Livre,Capa de Celular Galaxy M35 Fosca Couro Sintético,Samsung,Galaxy M35,Couro Sintético,Laranja,Novo,58.2,,1272,4.8,60,CelShop Brasil,MercadoLíder,PA,Belém,True,3,True,0,2026-07-28
MLB-0434,Mercado Livre,Case iPhone 12 Ultra Fino Silicone - Apple,Apple,iPhone 12,Silicone,Rosa,Novo,79.9,,1261,3.7,42,Acessórios Prime,MercadoLíder,SP,Guarulhos,True,3,False,110,2025-10-29
MLB-0303,Mercado Livre,Capa Protetora realme Note 50 Floral Couro com MagSafe - realme,realme,realme Note 50,Couro com MagSafe,Roxo,Novo,92.3,,1235,4.3,43,Capinha Express,Vendedor,SP,São Bernardo do Campo,False,12,False,279,2025-11-16
MLB-0159,Mercado Livre,Capa de Celular Galaxy A15 Lisa Antichoque Capa com Suporte Transparente - Samsung,Samsung,Galaxy A15,Capa com Suporte,Transparente,Novo,39.0,,1218,5.0,90,Prime Cases,Vendedor,BA,Vitória da Conquista,False,6,False,262,2026-02-04
MLB-0592,Mercado Livre,Capinha Redmi Note 12 Floral TPU com Cordão - Xiaomi,Xiaomi,Redmi Note 12,TPU com Cordão,Preto,Novo,18.0,,1194,4.5,113,Top Cel Acessórios,Vendedor,CE,Juazeiro do Norte,True,9,False,53,2025-08-27
MLB-0162,Mercado Livre,Capa Protetora realme 11 Texturizada Floral TPU com Cordão,realme,realme 11,TPU com Cordão,Laranja,Novo,27.1,39.8,1189,4.1,58,Brasil Case Center,Vendedor,AM,Parintins,True,3,True,45,2026-05-05
MLB-0550,Mercado Livre,Case iPhone 15 Antichoque À Prova d'Água Vermelho - Apple,Apple,iPhone 15,À Prova d'Água,Vermelho,Novo,71.2,,1187,4.4,44,Max Acessórios,Loja Oficial,MG,Contagem,True,,,37,2026-07-19
MLB-0132,Mercado Livre,Capa Protetora Redmi Note 14 Camuflada Glitter Pelúcia - Xiaomi,Xiaomi,Redmi Note 14,Pelúcia,Laranja,Novo,16.9,,1182,4.6,62,Capinha Express,Loja Oficial,RS,Canoas,True,3,True,100,2026-01-11
MLB-0040,Mercado Livre,Capa de Celular Moto G54 Floral Couro Sintético Amarelo,Motorola,Moto G54,Couro Sintético,Amarelo,Novo,27.9,43.8,1177,4.8,91,Digital Case BR,Vendedor,RS,Porto Alegre,True,9,True,41,2026-03-16
MLB-0467,Mercado Livre,Case Galaxy S25 Ultra Camuflada TPU Rosa - Samsung,Samsung,Galaxy S25 Ultra,TPU,Rosa,Novo,89.9,,1150,4.8,119,Prime Cases,Loja Oficial,SP,São Paulo,False,3,False,0,2026-02-04
MLB-0553,Mercado Livre,Case iPhone 12 Transparente Silicone Branco,Apple,iPhone 12,Silicone,Branco,Novo,14.1,,1142,4.4,85,Acessórios Prime,Vendedor,SP,Osasco,False,9,False,8,2026-07-26
MLB-0528,Mercado Livre,Capa de Celular realme 11 Transparente Floral Couro com MagSafe Dourado - realme,realme,realme 11,Couro com MagSafe,Dourado,Novo,87.4,,1125,4.5,101,CaseHub,Vendedor,SP,Osasco,True,12,True,85,2025-10-09
MLB-0251,Mercado Livre,Capa de Celular Xiaomi 14 Colorida Couro Sintético - Xiaomi,Xiaomi,Xiaomi 14,Couro Sintético,Verde,Novo,17.9,,1120,4.6,122,Max Acessórios,MercadoLíder,DF,Brasília,True,3,True,143,2026-05-24
MLB-0122,Mercado Livre,Case Moto Edge 50 Camuflada Texturizada Pelúcia - Motorola,Motorola,Moto Edge 50,Pelúcia,Camuflado,Novo,54.9,66.2,1111,4.2,94,Case Mania,MercadoLíder,MG,Belo Horizonte,False,9,True,165,2026-01-28
MLB-0182,Mercado Livre,Capa Protetora realme 12 Anti-Risco Espelhada Silicone com MagSafe - realme,realme,realme 12,Silicone com MagSafe,Laranja,Novo,77.7,,1110,4.3,40,Brasil Case Center,Vendedor,RJ,Campos dos Goytacazes,True,,,178,2025-09-07
MLB-0573,Mercado Livre,Capinha Galaxy S25 Com Desenho Antichoque Policarbonato Verde - Samsung,Samsung,Galaxy S25,Policarbonato,Verde,Novo,9.9,,1101,4.8,95,Case Store Brasil,Loja Oficial,PR,Londrina,True,12,True,196,2026-01-11
MLB-0184,Mercado Livre,Case Xiaomi 14 Lisa Silicone Branco - Xiaomi,Xiaomi,Xiaomi 14,Silicone,Branco,Novo,27.9,,1094,4.9,115,Capinha Express,Loja Oficial,MG,Belo Horizonte,False,3,True,169,2025-07-14
MLB-0517,Mercado Livre,Case Galaxy M15 Anti-Risco Com Desenho Silicone com MagSafe - Samsung,Samsung,Galaxy M15,Silicone com MagSafe,Verde,Novo,61.5,104.9,1087,4.2,113,Brasil Case Center,Vendedor,RJ,Campos dos Goytacazes,True,9,True,15,2026-01-26
MLB-0420,Mercado Livre,Case Galaxy M15 Camuflada Silicone Silicone,Samsung,Galaxy M15,Silicone,Transparente,Novo,49.9,,1077,4.9,127,Max Acessórios,Loja Oficial,SP,Osasco,True,,,98,2026-04-27
MLB-0326,Mercado Livre,Capa de Celular iPhone 15 Transparente Antichoque Silicone com Anel - Apple,Apple,iPhone 15,Silicone com Anel,Amarelo,Novo,64.9,91.7,1063,5.0,89,CelShop Brasil,Vendedor,MG,Uberlândia,False,,,162,2026-06-07
MLB-0462,Mercado Livre,Case Redmi Note 13 Antichoque Elegante Couro Sintético Vermelho - Xiaomi,Xiaomi,Redmi Note 13,Couro Sintético,Vermelho,Novo,54.7,74.6,1062,4.2,31,Max Acessórios,MercadoLíder,MG,Belo Horizonte,False,6,True,200,2026-02-19
MLB-0555,Mercado Livre,Capinha Galaxy M15 Glitter À Prova d'Água Transparente - Samsung,Samsung,Galaxy M15,À Prova d'Água,Transparente,Novo,37.9,57.2,1052,4.9,115,iCases Store,MercadoLíder,SP,Campinas,False,3,True,21,2025-12-21
MLB-0117,Mercado Livre,Capinha Moto Edge 50 Ultra Fino Silicone - Motorola,Motorola,Moto Edge 50,Silicone,Dourado,Novo,44.9,71.7,991,3.9,111,Acessórios Prime,Vendedor,SC,Chapecó,True,6,False,5,2025-12-28
MLB-0385,Mercado Livre,Case iPhone 16 Pro Max Glitter Couro com MagSafe Vermelho,Apple,iPhone 16 Pro Max,Couro com MagSafe,Vermelho,Novo,69.9,90.2,964,4.7,30,TecnoCases,Loja Oficial,RJ,Niterói,False,3,False,127,2025-10-25
MLB-0545,Mercado Livre,Capa de Celular Redmi Note 12 Anti-Risco Capa com Suporte Marrom,Xiaomi,Redmi Note 12,Capa com Suporte,Marrom,Novo,39.9,57.5,947,4.7,89,Prime Cases,MercadoLíder,BA,Feira de Santana,True,,,238,2026-04-25
MLB-0531,Mercado Livre,Capa de Celular Poco X6 Geométrica À Prova d'Água - Xiaomi,Xiaomi,Poco X6,À Prova d'Água,Verde,Novo,52.7,,930,4.8,24,CelShop Brasil,Vendedor,RJ,Campos dos Goytacazes,True,6,False,222,2026-07-16
MLB-0370,Mercado Livre,Capa Protetora realme Note 50 Fosca Couro Sintético Branco,realme,realme Note 50,Couro Sintético,Branco,Novo,44.6,69.8,923,4.2,65,Prime Cases,Vendedor,PR,Maringá,False,9,True,209,2025-12-15
MLB-0161,Mercado Livre,Capa Protetora realme Note 50 Colorida Policarbonato Camuflado - realme,realme,realme Note 50,Policarbonato,Camuflado,Novo,31.3,40.4,921,4.1,72,CaseHub,MercadoLíder,SP,São Paulo,False,,,256,2025-10-24
MLB-0506,Mercado Livre,Capa de Celular Moto Edge 50 Glitter Colorida Policarbonato Transparente - Motorola,Motorola,Moto Edge 50,Policarbonato,Transparente,Novo,17.9,30.2,900,4.8,55,TecnoCases,Vendedor,SC,Chapecó,True,12,True,28,2026-05-17
MLB-0542,Mercado Livre,Case Galaxy M35 Colorida Ultra Fino Pelúcia - Samsung,Samsung,Galaxy M35,Pelúcia,Rosa,Novo,24.9,39.8,880,5.0,41,Capinha Express,Vendedor,PR,Londrina,True,6,True,149,2026-05-09
MLB-0037,Mercado Livre,Case Galaxy S23 Colorida TPU com Cordão Prata - Samsung,Samsung,Galaxy S23,TPU com Cordão,Prata,Novo,23.1,,872,4.6,81,CaseHub,MercadoLíder,AM,Parintins,False,,,299,2026-03-08
MLB-0394,Mercado Livre,Capa Protetora realme Note 50 Silicone Glitter Silicone com Anel Branco - realme,realme,realme Note 50,Silicone com Anel,Branco,Novo,34.0,,862,4.5,21,Case Store Brasil,MercadoLíder,SP,São Paulo,False,12,True,93,2025-08-27
MLB-0314,Mercado Livre,Case Moto G84 Colorida TPU com Cordão - Motorola,Motorola,Moto G84,TPU com Cordão,Laranja,Novo,21.6,26.8,854,4.1,54,iCases Store,Vendedor,RS,Canoas,True,6,True,166,2025-08-19
MLB-0398,Mercado Livre,Case Galaxy S24 Lisa Antichoque Silicone com MagSafe - Samsung,Samsung,Galaxy S24,Silicone com MagSafe,Marrom,Novo,50.7,89.0,805,4.4,26,CaseHub,Vendedor,SP,Guarulhos,False,12,True,18,2026-04-05
MLB-0447,Mercado Livre,Capinha realme C53 Texturizada Lisa Silicone Rosa - realme,realme,realme C53,Silicone,Rosa,Novo,19.9,,766,4.9,84,Digital Case BR,Vendedor,SP,Guarulhos,True,12,True,229,2026-02-04
MLB-0400,Mercado Livre,Capa de Celular iPhone 13 Fosca Texturizada Pelúcia,Apple,iPhone 13,Pelúcia,Amarelo,Novo,51.8,,765,4.1,32,Digital Case BR,Vendedor,SP,Osasco,True,9,True,294,2026-06-29
MLB-0560,Mercado Livre,Capinha Galaxy A55 Com Desenho Texturizada Policarbonato Amarelo - Samsung,Samsung,Galaxy A55,Policarbonato,Amarelo,Novo,35.2,53.3,762,4.6,69,Case Mania,MercadoLíder,SP,Osasco,True,6,True,132,2025-10-28
MLB-0557,Mercado Livre,Case Redmi Note 14 Antichoque TPU - Xiaomi,Xiaomi,Redmi Note 14,TPU,Transparente,Novo,12.0,18.9,744,4.8,78,CaseHub,Vendedor,BA,Vitória da Conquista,False,,,37,2025-11-09
MLB-0330,Mercado Livre,Case Galaxy S23 Floral Acrílico Cristal Cinza - Samsung,Samsung,Galaxy S23,Acrílico Cristal,Cinza,Novo,34.7,48.9,731,5.0,79,Case Store Brasil,MercadoLíder,SP,São Bernardo do Campo,False,12,True,259,2025-11-01
MLB-0384,Mercado Livre,Capinha Moto G84 Glitter Anti-Risco Couro Sintético Dourado,Motorola,Moto G84,Couro Sintético,Dourado,Novo,34.9,,729,4.5,17,Top Cel Acessórios,Loja Oficial,RS,Porto Alegre,True,6,False,60,2025-07-15
MLB-0520,Mercado Livre,Capa de Celular iPhone 12 Colorida Texturizada À Prova d'Água Dourado,Apple,iPhone 12,À Prova d'Água,Dourado,Novo,22.9,36.0,709,4.2,57,Case Mania,Loja Oficial,SP,Osasco,True,,,37,2026-02-20
MLB-0613,Mercado Livre,Capa de Celular realme 11 Antichoque Silicone Marrom,realme,realme 11,Silicone,Marrom,Novo,59.9,,701,4.9,60,Brasil Case Center,Vendedor,RJ,Duque de Caxias,False,,,0,2026-08-06
MLB-0048,Mercado Livre,Capa Protetora Moto G84 Floral Pelúcia - Motorola,Motorola,Moto G84,Pelúcia,Camuflado,Novo,54.9,85.1,649,4.4,59,Acessórios Prime,Vendedor,BA,Salvador,True,12,True,226,2025-10-22
MLB-0059,Mercado Livre,Capinha Xiaomi 14 Floral Pelúcia - Xiaomi,Xiaomi,Xiaomi 14,Pelúcia,Azul,Novo,44.9,66.6,601,4.9,34,Brasil Case Center,MercadoLíder,MG,Belo Horizonte,False,6,True,132,2026-03-06
MLB-0425,Mercado Livre,Capa Protetora realme C53 Com Desenho Anti-Risco Capa com Suporte - realme,realme,realme C53,Capa com Suporte,Vermelho,Novo,44.0,56.9,587,4.8,40,Case Mania,MercadoLíder,RJ,Niterói,False,6,True,257,2026-04-19
MLB-0479,Mercado Livre,Case realme C53 Premium Couro Sintético - realme,realme,realme C53,Couro Sintético,Transparente,Novo,48.8,87.7,556,5.0,60,iCases Store,Vendedor,RS,Caxias do Sul,True,6,False,231,2026-02-19
MLB-0378,Mercado Livre,Capa Protetora Moto Edge 50 Geométrica Antichoque TPU Cinza - Motorola,Motorola,Moto Edge 50,TPU,Cinza,Novo,99.9,125.9,518,4.7,30,Capinha Express,Vendedor,BA,Salvador,False,12,True,171,2025-12-04
MLB-0178,Mercado Livre,Capinha realme Note 50 Geométrica Anti-Risco Capa com Suporte Rosa - realme,realme,realme Note 50,Capa com Suporte,Rosa,Novo,27.9,37.0,480,4.8,54,TecnoCases,MercadoLíder,RJ,Niterói,True,12,True,53,2025-10-04
MLB-0595,Mercado Livre,Capa Protetora iPhone 16 Pro Max Ultra Fino Cristal Acrílico Cristal Rosa,Apple,iPhone 16 Pro Max,Acrílico Cristal,Rosa,Novo,14.9,18.3,475,4.4,30,Importados BR,MercadoLíder,SP,São Bernardo do Campo,True,9,True,0,2026-07-13
MLB-0514,Mercado Livre,Capa Protetora Redmi Note 14 Antichoque Colorida Pelúcia Camuflado - Xiaomi,Xiaomi,Redmi Note 14,Pelúcia,Camuflado,Novo,27.9,47.5,474,4.0,50,Digital Case BR,MercadoLíder,SP,São Bernardo do Campo,True,12,True,29,2025-11-03
MLB-0234,Mercado Livre,Capa Protetora Xiaomi 14 Silicone À Prova d'Água,Xiaomi,Xiaomi 14,À Prova d'Água,Azul,Novo,72.6,,464,5.0,48,Brasil Case Center,Vendedor,SP,Guarulhos,False,6,False,243,2025-09-17
MLB-0500,Mercado Livre,Case iPhone 11 Camuflada Silicone com Anel Vermelho - Apple,Apple,iPhone 11,Silicone com Anel,Vermelho,Novo,27.8,47.6,461,4.4,11,Case Mania,Loja Oficial,SP,São Paulo,True,,,48,2025-11-09
MLB-0054,Mercado Livre,Case iPhone 13 Camuflada Silicone - Apple,Apple,iPhone 13,Silicone,Marrom,Novo,17.9,26.4,445,4.6,33,Max Acessórios,Vendedor,RS,Canoas,True,9,True,10,2025-09-14
MLB-0402,Mercado Livre,Capa Protetora Galaxy A56 Fosca Espelhada Capa com Suporte Transparente,Samsung,Galaxy A56,Capa com Suporte,Transparente,Novo,49.3,61.5,443,4.8,17,Digital Case BR,Vendedor,RJ,Duque de Caxias,False,,,227,2025-12-26
MLB-0533,Mercado Livre,Capinha Moto Edge 50 Fosca Silicone com MagSafe Preto - Motorola,Motorola,Moto Edge 50,Silicone com MagSafe,Preto,Novo,65.9,107.7,436,4.4,50,CelShop Brasil,Vendedor,SC,Chapecó,True,6,True,163,2025-11-08
MLB-0575,Mercado Livre,Case Moto G54 Anti-Risco TPU Verde - Motorola,Motorola,Moto G54,TPU,Verde,Novo,18.1,27.1,436,4.5,10,Top Cel Acessórios,MercadoLíder,PA,Belém,True,3,True,57,2026-05-25
MLB-0003,Mercado Livre,Case iPhone 11 Lisa Geométrica Couro Sintético - Apple,Apple,iPhone 11,Couro Sintético,Amarelo,Novo,37.9,,435,4.4,15,Importados BR,Vendedor,PR,Curitiba,True,9,True,84,2026-06-12
MLB-0566,Mercado Livre,Capinha Moto Edge 50 Transparente TPU Amarelo,Motorola,Moto Edge 50,TPU,Amarelo,Novo,64.9,,399,4.6,47,TecnoCases,Loja Oficial,PR,Curitiba,True,,,88,2025-08-14
MLB-0345,Mercado Livre,Capa de Celular realme 12 Com Desenho Lisa TPU Camuflado - realme,realme,realme 12,TPU,Camuflado,Novo,29.9,47.2,398,4.3,29,Max Acessórios,MercadoLíder,MG,Contagem,False,,,147,2026-07-16
MLB-0438,Mercado Livre,Capinha iPhone 15 À Prova d'Água À Prova d'Água Transparente,Apple,iPhone 15,À Prova d'Água,Transparente,Novo,86.3,149.3,398,4.9,34,CelShop Brasil,Loja Oficial,MG,Uberlândia,False,6,True,274,2026-03-07
MLB-0239,Mercado Livre,Capinha realme 11 Texturizada Glitter Pelúcia Cinza - realme,realme,realme 11,Pelúcia,Cinza,Novo,49.4,,396,4.9,13,CelShop Brasil,Vendedor,RJ,Niterói,True,,,0,2026-07-17
MLB-0607,Mercado Livre,Case iPhone 11 Camuflada TPU com Cordão - Apple,Apple,iPhone 11,TPU com Cordão,Rosa,Novo,19.8,31.4,395,4.4,9,CelShop Brasil,Vendedor,SP,Guarulhos,False,,,300,2025-08-07
MLB-0456,Mercado Livre,Capinha realme 12 Antichoque Lisa Couro com MagSafe - realme,realme,realme 12,Couro com MagSafe,Marrom,Novo,14.9,,394,4.4,29,Prime Cases,Vendedor,PE,Recife,True,12,False,41,2026-05-12
MLB-0390,Mercado Livre,Capa de Celular Redmi Note 14 Espelhada Fosca Policarbonato Laranja,Xiaomi,Redmi Note 14,Policarbonato,Laranja,Novo,38.5,63.2,393,4.6,28,Capinha Express,Vendedor,PE,Recife,True,3,False,73,2026-04-11
MLB-0030,Mercado Livre,Case Moto G84 Antichoque Silicone com MagSafe Verde - Motorola,Motorola,Moto G84,Silicone com MagSafe,Verde,Novo,55.1,,391,5.0,13,Prime Cases,Vendedor,SP,São Bernardo do Campo,False,9,False,71,2025-12-09
MLB-0254,Mercado Livre,Capa Protetora Galaxy M35 Anti-Risco Glitter Silicone - Samsung,Samsung,Galaxy M35,Silicone,Azul,Novo,24.2,,387,5.0,24,Mega Cases Shop,MercadoLíder,SP,Osasco,False,6,True,115,2025-10-02
MLB-0074,Mercado Livre,Capa Protetora Galaxy M15 Anti-Risco Capa com Suporte Roxo,Samsung,Galaxy M15,Capa com Suporte,Roxo,Novo,33.0,,386,4.3,41,Mega Cases Shop,Vendedor,SC,Blumenau,True,,,193,2026-05-03
MLB-0522,Mercado Livre,Capinha iPhone 15 Colorida Ultra Fino Acrílico Cristal Dourado,Apple,iPhone 15,Acrílico Cristal,Dourado,Novo,64.9,,384,4.3,33,Case Mania,MercadoLíder,RJ,Niterói,False,9,True,125,2026-07-20
MLB-0424,Mercado Livre,Capinha iPhone 14 Anti-Risco TPU Prata - Apple,Apple,iPhone 14,TPU,Prata,Novo,11.9,,383,4.4,8,Importados BR,Vendedor,MG,Uberlândia,False,,,257,2026-03-22
MLB-0591,Mercado Livre,Case Redmi Note 12 Camuflada Espelhada TPU com Cordão Camuflado - Xiaomi,Xiaomi,Redmi Note 12,TPU com Cordão,Camuflado,Novo,23.1,31.7,381,4.7,23,Acessórios Prime,MercadoLíder,SP,Campinas,True,3,True,246,2025-08-21
MLB-0138,Mercado Livre,Capa de Celular Moto G85 À Prova d'Água À Prova d'Água Branco - Motorola,Motorola,Moto G85,À Prova d'Água,Branco,Novo,59.0,79.6,379,4.7,14,Importados BR,MercadoLíder,RJ,Niterói,False,9,True,24,2025-11-28
MLB-0319,Mercado Livre,Case realme C53 Lisa Policarbonato - realme,realme,realme C53,Policarbonato,Azul,Novo,26.3,37.7,377,4.8,38,Mega Cases Shop,Vendedor,SP,São Bernardo do Campo,True,3,True,69,2025-11-09
MLB-0502,Mercado Livre,Case Redmi Note 14 MagSafe Fosca Silicone com MagSafe Vermelho,Xiaomi,Redmi Note 14,Silicone com MagSafe,Vermelho,Novo,79.9,134.9,364,4.9,22,Capinha Express,Vendedor,SP,São Paulo,False,12,False,154,2025-11-18
MLB-0510,Mercado Livre,Capa de Celular iPhone 14 Geométrica Capa com Suporte Transparente - Apple,Apple,iPhone 14,Capa com Suporte,Transparente,Novo,17.9,,364,4.5,14,TecnoCases,Vendedor,MG,Contagem,True,3,True,175,2026-08-10
MLB-0381,Mercado Livre,Capa Protetora realme 11 Antichoque Com Suporte Capa com Suporte - realme,realme,realme 11,Capa com Suporte,Cinza,Novo,32.6,46.8,362,5.0,32,CaseHub,Vendedor,PE,Olinda,False,3,False,0,2026-03-16
MLB-0041,Mercado Livre,Capa de Celular Moto G84 Espelhada Silicone com Anel Marrom - Motorola,Motorola,Moto G84,Silicone com Anel,Marrom,Novo,79.9,,361,4.4,27,Case Store Brasil,Vendedor,SC,Joinville,True,3,False,0,2026-04-22
MLB-0266,Mercado Livre,Capinha Moto G24 Fosca Geométrica Silicone,Motorola,Moto G24,Silicone,Branco,Novo,18.6,,358,5.0,35,Brasil Case Center,MercadoLíder,RJ,Campos dos Goytacazes,False,12,False,41,2025-08-16
MLB-0537,Mercado Livre,Case Moto G54 Glitter Acrílico Cristal - Motorola,Motorola,Moto G54,Acrílico Cristal,Roxo,Novo,59.9,,358,4.4,8,Case Mania,Vendedor,PE,Olinda,True,6,False,271,2025-10-21
MLB-0485,Mercado Livre,Capa Protetora iPhone 16 Pro Max Antichoque Anti-Risco À Prova d'Água Preto,Apple,iPhone 16 Pro Max,À Prova d'Água,Preto,Novo,26.9,46.9,357,4.4,9,Prime Cases,Loja Oficial,SP,Osasco,True,,,109,2026-07-28
MLB-0120,Mercado Livre,Case Poco X6 Ultra Fino Texturizada TPU,Xiaomi,Poco X6,TPU,Azul,Novo,79.9,98.1,356,4.0,34,TecnoCases,Vendedor,RJ,Rio de Janeiro,False,6,True,166,2026-02-06
MLB-0439,Mercado Livre,Capinha Xiaomi 14 Pelúcia Espelhada Pelúcia Roxo - Xiaomi,Xiaomi,Xiaomi 14,Pelúcia,Roxo,Novo,42.4,71.5,356,4.4,22,CelShop Brasil,Vendedor,MG,Belo Horizonte,False,3,True,209,2026-03-27
MLB-0350,Mercado Livre,Case realme 12 Fosca Fosca Silicone - realme,realme,realme 12,Silicone,Transparente,Novo,89.9,,354,4.7,34,iCases Store,Vendedor,SP,Campinas,True,9,False,96,2026-05-12
MLB-0088,Mercado Livre,Capinha Redmi Note 12 Colorida Policarbonato Verde - Xiaomi,Xiaomi,Redmi Note 12,Policarbonato,Verde,Novo,32.3,,351,4.8,14,Max Acessórios,Vendedor,PE,Olinda,True,9,False,35,2026-03-03
MLB-0232,Mercado Livre,Case realme 12 Fosca Camuflada Couro com MagSafe - realme,realme,realme 12,Couro com MagSafe,Branco,Novo,74.7,,348,5.0,32,Acessórios Prime,MercadoLíder,GO,Aparecida de Goiânia,True,3,False,60,2025-11-13
MLB-0020,Mercado Livre,Case Redmi Note 12 Silicone Silicone Vermelho - Xiaomi,Xiaomi,Redmi Note 12,Silicone,Vermelho,Novo,14.9,18.7,347,4.6,13,Mega Cases Shop,Vendedor,RS,Pelotas,True,12,True,250,2025-10-29
MLB-0614,Mercado Livre,Capinha iPhone 13 Transparente MagSafe Couro com MagSafe - Apple,Apple,iPhone 13,Couro com MagSafe,Roxo,Novo,69.9,,347,4.6,16,Max Acessórios,MercadoLíder,RS,Porto Alegre,True,,,74,2025-12-23
MLB-0186,Mercado Livre,Capa Protetora Galaxy A15 Colorida Pelúcia - Samsung,Samsung,Galaxy A15,Pelúcia,Cinza,Novo,21.9,28.9,345,4.3,29,Brasil Case Center,Vendedor,SP,Campinas,False,,,88,2025-11-17
MLB-0221,Mercado Livre,Capinha Galaxy A15 Antichoque Silicone com MagSafe Verde - Samsung,Samsung,Galaxy A15,Silicone com MagSafe,Verde,Novo,65.2,,345,4.6,32,Case Mania,Vendedor,BA,Salvador,False,12,True,19,2025-09-08
MLB-0344,Mercado Livre,Capinha Moto Edge 50 Texturizada Transparente Silicone com Anel Laranja - Motorola,Motorola,Moto Edge 50,Silicone com Anel,Laranja,Novo,29.9,,345,4.5,16,Case Store Brasil,Vendedor,MA,Imperatriz,True,9,True,288,2026-02-07
MLB-0571,Mercado Livre,Case realme 12 Geométrica Pelúcia Pelúcia - realme,realme,realme 12,Pelúcia,Camuflado,Novo,46.2,,345,4.4,34,Capinha Express,MercadoLíder,DF,Ceilândia,True,12,True,251,2026-01-01
MLB-0213,Mercado Livre,Capinha iPhone 12 Transparente MagSafe Silicone com MagSafe Cinza - Apple,Apple,iPhone 12,Silicone com MagSafe,Cinza,Novo,42.5,66.6,343,4.5,13,Max Acessórios,Vendedor,PR,Cascavel,True,6,True,121,2026-04-08
MLB-0217,Mercado Livre,Capa Protetora realme 12 Geométrica Policarbonato Prata - realme,realme,realme 12,Policarbonato,Prata,Novo,37.6,61.5,343,4.6,27,Brasil Case Center,Vendedor,PR,Londrina,False,12,True,240,2025-10-29
MLB-0405,Mercado Livre,Capa Protetora Poco X6 Com Cordão TPU com Cordão Branco - Xiaomi,Xiaomi,Poco X6,TPU com Cordão,Branco,Novo,49.9,,341,4.4,14,CelShop Brasil,Vendedor,SP,São Paulo,False,9,True,75,2025-10-11
MLB-0512,Mercado Livre,Capa Protetora Galaxy A35 Com Cordão TPU com Cordão - Samsung,Samsung,Galaxy A35,TPU com Cordão,Branco,Novo,9.9,,332,4.6,38,CaseHub,Vendedor,GO,Aparecida de Goiânia,True,3,False,133,2026-07-28
MLB-0463,Mercado Livre,Capa Protetora Galaxy S23 Transparente Policarbonato Roxo - Samsung,Samsung,Galaxy S23,Policarbonato,Roxo,Novo,27.8,44.9,330,4.9,19,Importados BR,Vendedor,SP,Guarulhos,True,6,False,107,2025-10-16
MLB-0274,Mercado Livre,Capinha realme C53 Policarbonato Capa com Suporte,realme,realme C53,Capa com Suporte,Laranja,Novo,29.9,,329,4.7,32,Top Cel Acessórios,Vendedor,MA,São Luís,False,9,True,27,2026-02-12
MLB-0413,Mercado Livre,Capa de Celular Galaxy S25 Camuflada Acrílico Cristal,Samsung,Galaxy S25,Acrílico Cristal,Camuflado,Novo,59.9,85.4,329,4.2,23,Digital Case BR,MercadoLíder,SC,Florianópolis,False,12,True,23,2026-08-11
MLB-0436,Mercado Livre,Capa Protetora iPhone 15 Colorida Capa com Suporte Transparente - Apple,Apple,iPhone 15,Capa com Suporte,Transparente,Novo,31.8,,329,4.8,14,Mega Cases Shop,Vendedor,RS,Canoas,True,12,True,284,2026-07-04
MLB-0195,Mercado Livre,Capa Protetora Poco X6 Pro Glitter TPU com Cordão Marrom,Xiaomi,Poco X6 Pro,TPU com Cordão,Marrom,Novo,26.8,40.5,310,4.9,27,Importados BR,Vendedor,SC,Chapecó,True,12,False,232,2025-11-17
MLB-0208,Mercado Livre,Capinha realme C53 Antichoque TPU TPU com Cordão Preto - realme,realme,realme C53,TPU com Cordão,Preto,Novo,25.4,40.0,309,4.7,29,Case Store Brasil,Vendedor,CE,Fortaleza,True,9,True,64,2026-05-26
MLB-0327,Mercado Livre,Capinha realme C53 Fosca Capa Dura Policarbonato - realme,realme,realme C53,Policarbonato,Vermelho,Novo,26.0,,309,4.8,13,Prime Cases,Vendedor,SP,Osasco,False,3,True,279,2026-07-14
MLB-0386,Mercado Livre,Capa de Celular realme 12 Camuflada Couro Sintético,realme,realme 12,Couro Sintético,Rosa,Novo,32.9,58.9,306,4.2,35,Prime Cases,Vendedor,SP,São Bernardo do Campo,True,3,False,44,2025-12-24
MLB-0097,Mercado Livre,Capa Protetora Moto G84 Transparente TPU com Cordão Azul - Motorola,Motorola,Moto G84,TPU com Cordão,Azul,Novo,37.9,,305,4.7,28,Capinha Express,MercadoLíder,SC,Chapecó,True,6,True,138,2026-04-18
MLB-0417,Mercado Livre,Case iPhone 12 Colorida Espelhada TPU com Cordão,Apple,iPhone 12,TPU com Cordão,Azul,Novo,37.9,47.5,302,4.3,18,iCases Store,Vendedor,ES,Vitória,False,,,8,2025-09-25
MLB-0153,Mercado Livre,Capa de Celular realme 11 Glitter Silicone Laranja,realme,realme 11,Silicone,Laranja,Novo,17.9,29.7,301,4.8,23,iCases Store,Vendedor,RJ,Rio de Janeiro,True,9,False,147,2025-07-25
MLB-0346,Mercado Livre,Capinha Galaxy M35 Glitter Ultra Fino Couro com MagSafe Prata,Samsung,Galaxy M35,Couro com MagSafe,Prata,Novo,106.2,,300,4.6,19,CaseHub,MercadoLíder,SP,Guarulhos,True,,,266,2026-06-23
MLB-0262,Mercado Livre,Capa Protetora iPhone 16 Transparente Anti-Risco Couro com MagSafe - Apple,Apple,iPhone 16,Couro com MagSafe,Transparente,Novo,94.3,114.8,299,4.2,6,Mega Cases Shop,Vendedor,SP,Guarulhos,True,,,212,2025-11-30
MLB-0507,Mercado Livre,Capinha iPhone 12 Lisa Policarbonato Capa com Suporte Laranja - Apple,Apple,iPhone 12,Capa com Suporte,Laranja,Novo,31.6,,299,4.7,7,Case Store Brasil,MercadoLíder,PR,Londrina,True,9,True,31,2026-06-14
MLB-0222,Mercado Livre,Capa Protetora realme C53 Transparente Texturizada Acrílico Cristal - realme,realme,realme C53,Acrílico Cristal,Vermelho,Novo,32.9,,298,4.4,6,Max Acessórios,MercadoLíder,AM,Manaus,False,6,True,110,2025-09-12
MLB-0611,Mercado Livre,Capa Protetora Galaxy S23 Ultra Fino Camuflada À Prova d'Água Vermelho - Samsung,Samsung,Galaxy S23,À Prova d'Água,Vermelho,Novo,70.3,,298,4.4,16,TecnoCases,Vendedor,RJ,Campos dos Goytacazes,False,6,False,10,2025-08-24
MLB-0333,Mercado Livre,Case Redmi Note 13 Espelhada Anti-Risco Silicone com Anel Verde - Xiaomi,Xiaomi,Redmi Note 13,Silicone com Anel,Verde,Novo,17.9,27.3,295,5.0,15,Top Cel Acessórios,Vendedor,AM,Parintins,True,9,False,270,2025-07-31
MLB-0329,Mercado Livre,Capa Protetora realme 11 Floral Capa com Suporte Prata - realme,realme,realme 11,Capa com Suporte,Prata,Novo,17.9,,294,5.0,26,Importados BR,Vendedor,SC,Joinville,True,12,False,197,2025-10-24
MLB-0004,Mercado Livre,Case realme 11 Anti-Risco Antichoque Silicone com MagSafe Marrom,realme,realme 11,Silicone com MagSafe,Marrom,Novo,9.9,,291,4.7,28,Acessórios Prime,Vendedor,SP,Guarulhos,True,,,159,2025-08-27
MLB-0051,Mercado Livre,Capa de Celular iPhone 16 Pro Max Geométrica Transparente TPU,Apple,iPhone 16 Pro Max,TPU,Transparente,Novo,24.9,36.9,290,4.9,23,Digital Case BR,Loja Oficial,ES,Serra,True,9,True,275,2026-03-15
MLB-0014,Mercado Livre,Capa Protetora Galaxy M15 Floral Geométrica Couro Sintético Azul,Samsung,Galaxy M15,Couro Sintético,Azul,Novo,64.9,108.5,288,4.6,7,TecnoCases,Vendedor,SP,São Paulo,False,6,False,0,2025-08-10
MLB-0419,Mercado Livre,Case realme Note 50 Com Cordão Ultra Fino TPU com Cordão,realme,realme Note 50,TPU com Cordão,Vermelho,Novo,27.0,,287,4.4,16,Case Store Brasil,Vendedor,MG,Contagem,False,6,False,0,2026-06-30
MLB-0457,Mercado Livre,Case iPhone 15 Ultra Fino Antichoque TPU Roxo - Apple,Apple,iPhone 15,TPU,Roxo,Novo,20.4,,284,4.7,7,Importados BR,Vendedor,CE,Juazeiro do Norte,False,12,True,48,2026-03-30
MLB-0260,Mercado Livre,Capa de Celular Galaxy A15 Fosca Texturizada Silicone - Samsung,Samsung,Galaxy A15,Silicone,Dourado,Novo,16.2,22.3,282,4.8,28,CelShop Brasil,Vendedor,PR,Maringá,True,9,False,266,2026-01-27
MLB-0490,Mercado Livre,Capinha iPhone 13 Floral Geométrica TPU com Cordão Vermelho - Apple,Apple,iPhone 13,TPU com Cordão,Vermelho,Novo,29.4,35.9,280,4.3,14,Digital Case BR,Vendedor,DF,Ceilândia,False,6,False,243,2026-02-13
MLB-0082,Mercado Livre,Capinha iPhone 16 Camuflada Couro com MagSafe Rosa - Apple,Apple,iPhone 16,Couro com MagSafe,Rosa,Usado,64.9,,275,5.0,6,CelShop Brasil,Vendedor,PR,Curitiba,True,,,175,2026-06-29
MLB-0019,Mercado Livre,Capa de Celular Moto G24 TPU Texturizada TPU Roxo - Motorola,Motorola,Moto G24,TPU,Roxo,Novo,15.6,22.6,274,4.2,25,Capinha Express,MercadoLíder,MG,Uberlândia,False,12,True,35,2026-06-17
MLB-0408,Mercado Livre,Case Poco X6 Fosca Silicone com MagSafe - Xiaomi,Xiaomi,Poco X6,Silicone com MagSafe,Laranja,Novo,67.1,,273,3.8,24,Prime Cases,Vendedor,MG,Uberlândia,True,3,True,185,2026-08-08
MLB-0015,Mercado Livre,Capinha Galaxy S25 Ultra Texturizada TPU com Cordão Roxo,Samsung,Galaxy S25 Ultra,TPU com Cordão,Roxo,Novo,17.1,30.3,270,4.4,23,Case Store Brasil,MercadoLíder,MG,Juiz de Fora,False,,,117,2025-07-22
MLB-0079,Mercado Livre,Capinha Galaxy A35 Floral TPU com Cordão - Samsung,Samsung,Galaxy A35,TPU com Cordão,Dourado,Novo,9.9,,269,4.2,16,Brasil Case Center,Vendedor,SP,Guarulhos,True,,,265,2025-10-30
MLB-0103,Mercado Livre,Capa Protetora realme 11 Colorida Couro Sintético - realme,realme,realme 11,Couro Sintético,Rosa,Novo,47.0,82.1,267,4.4,22,TecnoCases,MercadoLíder,BA,Vitória da Conquista,False,6,True,173,2026-05-06
MLB-0572,Mercado Livre,Case Poco X6 Antichoque TPU com Cordão Preto,Xiaomi,Poco X6,TPU com Cordão,Preto,Novo,22.4,39.7,263,4.9,21,Capinha Express,Loja Oficial,RS,Pelotas,True,6,False,167,2025-07-24
MLB-0547,Mercado Livre,Case Redmi Note 13 Fosca Silicone Silicone com Anel - Xiaomi,Xiaomi,Redmi Note 13,Silicone com Anel,Dourado,Novo,38.3,61.1,262,4.7,27,CaseHub,MercadoLíder,MA,São Luís,False,9,True,295,2026-05-07
MLB-0415,Mercado Livre,Capa de Celular realme 11 Glitter Com Desenho TPU com Cordão - realme,realme,realme 11,TPU com Cordão,Dourado,Novo,25.9,36.1,261,4.6,19,Digital Case BR,Vendedor,SC,Chapecó,False,9,True,200,2026-06-21
MLB-0619,Mercado Livre,Capa Protetora Moto Edge 50 Fosca Texturizada Couro com MagSafe Prata - Motorola,Motorola,Moto Edge 50,Couro com MagSafe,Prata,Novo,91.8,158.7,259,4.4,22,Max Acessórios,Vendedor,SP,São Paulo,True,9,True,264,2026-01-10
MLB-0187,Mercado Livre,Capa de Celular realme 11 Transparente Anti-Risco À Prova d'Água Rosa - realme,realme,realme 11,À Prova d'Água,Rosa,Novo,53.6,,257,4.8,24,CelShop Brasil,Vendedor,PE,Caruaru,False,9,True,15,2026-07-27
MLB-0288,Mercado Livre,Capa Protetora Moto G84 Antichoque TPU Amarelo - Motorola,Motorola,Moto G84,TPU,Amarelo,Novo,49.9,85.9,255,4.9,19,Case Store Brasil,MercadoLíder,GO,Anápolis,False,9,True,128,2026-04-21
MLB-0010,Mercado Livre,Capinha iPhone 16 Espelhada Transparente Silicone com Anel,Apple,iPhone 16,Silicone com Anel,Rosa,Novo,31.7,48.9,254,4.1,13,Brasil Case Center,Vendedor,GO,Aparecida de Goiânia,True,,,248,2025-12-16
MLB-0072,Mercado Livre,Capa de Celular Moto G54 Antirrisco Acrílico Cristal Camuflado,Motorola,Moto G54,Acrílico Cristal,Camuflado,Novo,33.4,45.7,254,4.9,16,iCases Store,Loja Oficial,RS,Pelotas,True,6,True,64,2025-11-30
MLB-0265,Mercado Livre,Case iPhone 16 Colorida Couro Sintético Camuflado - Apple,Apple,iPhone 16,Couro Sintético,Camuflado,Novo,16.9,,253,4.2,17,Importados BR,MercadoLíder,SP,Osasco,False,12,False,162,2025-07-28
MLB-0455,Mercado Livre,Case iPhone 16 Pro Max Geométrica Colorida Pelúcia - Apple,Apple,iPhone 16 Pro Max,Pelúcia,Transparente,Novo,69.9,,253,4.1,10,Capinha Express,MercadoLíder,RS,Pelotas,True,,,49,2026-08-02
MLB-0113,Mercado Livre,Capinha Poco X6 Pro Texturizada Geométrica Silicone Laranja - Xiaomi,Xiaomi,Poco X6 Pro,Silicone,Laranja,Novo,29.9,37.1,252,4.9,15,Importados BR,Vendedor,PR,Maringá,False,6,True,268,2026-06-05
MLB-0532,Mercado Livre,Capinha realme 11 Ultra Fino Silicone com MagSafe Amarelo - realme,realme,realme 11,Silicone com MagSafe,Amarelo,Novo,44.0,61.4,251,4.8,18,Mega Cases Shop,MercadoLíder,RS,Caxias do Sul,False,6,True,64,2025-11-08
MLB-0286,Mercado Livre,Capa Protetora realme 11 Antirrisco Acrílico Cristal - realme,realme,realme 11,Acrílico Cristal,Prata,Novo,32.9,55.5,248,4.6,24,Brasil Case Center,Vendedor,SC,Florianópolis,True,12,True,2,2026-06-25
MLB-0605,Mercado Livre,Capa Protetora Moto G24 Anti-Risco Silicone com MagSafe - Motorola,Motorola,Moto G24,Silicone com MagSafe,Marrom,Novo,60.6,,244,4.2,21,Digital Case BR,MercadoLíder,GO,Aparecida de Goiânia,False,,,177,2026-05-07
MLB-0331,Mercado Livre,Capinha realme 12 Glitter Anti-Risco Acrílico Cristal Camuflado - realme,realme,realme 12,Acrílico Cristal,Camuflado,Novo,37.9,52.2,240,4.3,23,Mega Cases Shop,MercadoLíder,SP,Guarulhos,True,,,0,2026-04-09
MLB-0176,Mercado Livre,Capinha Redmi Note 13 Espelhada TPU,Xiaomi,Redmi Note 13,TPU,Roxo,Novo,14.0,21.4,239,4.7,20,Acessórios Prime,MercadoLíder,MG,Uberlândia,True,12,True,200,2025-07-28
MLB-0180,Mercado Livre,Capa Protetora Moto G85 Anti-Risco Capa com Suporte Transparente,Motorola,Moto G85,Capa com Suporte,Transparente,Novo,43.3,67.3,238,4.5,18,Mega Cases Shop,Vendedor,SC,Blumenau,True,6,True,22,2026-02-03
MLB-0280,Mercado Livre,Capinha Galaxy S25 Anti-Risco Texturizada Policarbonato - Samsung,Samsung,Galaxy S25,Policarbonato,Verde,Novo,24.7,43.9,238,4.7,18,Top Cel Acessórios,MercadoLíder,SP,São Bernardo do Campo,True,6,True,43,2025-12-06
MLB-0459,Mercado Livre,Capa de Celular realme Note 50 Silicone À Prova d'Água Verde,realme,realme Note 50,À Prova d'Água,Verde,Novo,29.9,42.3,238,4.7,9,Brasil Case Center,Vendedor,SP,São Bernardo do Campo,False,,,282,2026-02-06
MLB-0021,Mercado Livre,Capinha Moto G24 Transparente Ultra Fino Silicone Roxo - Motorola,Motorola,Moto G24,Silicone,Roxo,Novo,23.0,,237,4.1,22,CelShop Brasil,Vendedor,SP,São Paulo,False,,,92,2025-12-26
MLB-0379,Mercado Livre,Case realme 11 Texturizada Silicone com Anel - realme,realme,realme 11,Silicone com Anel,Preto,Novo,40.5,,237,5.0,23,Capinha Express,Vendedor,PR,Maringá,True,,,122,2025-12-25
MLB-0307,Mercado Livre,Case Galaxy S25 Lisa TPU - Samsung,Samsung,Galaxy S25,TPU,Dourado,Novo,24.9,33.1,236,4.4,13,iCases Store,Vendedor,SC,Joinville,True,,,208,2026-07-23
MLB-0325,Mercado Livre,Case Moto G84 Elegante Com Desenho Couro Sintético Azul - Motorola,Motorola,Moto G84,Couro Sintético,Azul,Novo,59.4,88.4,231,4.6,21,Importados BR,MercadoLíder,RJ,Campos dos Goytacazes,False,6,True,63,2026-06-02
MLB-0426,Mercado Livre,Capa Protetora Galaxy A56 Espelhada Antichoque Capa com Suporte Cinza,Samsung,Galaxy A56,Capa com Suporte,Cinza,Novo,47.8,58.7,231,4.7,14,CaseHub,Vendedor,PR,Londrina,False,9,False,203,2026-03-01
MLB-0446,Mercado Livre,Case Moto G24 Antichoque Silicone Roxo,Motorola,Moto G24,Silicone,Roxo,Novo,18.3,29.3,228,5.0,6,CaseHub,Vendedor,SP,Osasco,True,,,239,2026-08-01
MLB-0228,Mercado Livre,Capinha iPhone 13 Ultra Fino Floral Couro com MagSafe - Apple,Apple,iPhone 13,Couro com MagSafe,Verde,Novo,76.2,106.2,227,5.0,20,CelShop Brasil,Loja Oficial,DF,Brasília,False,6,True,195,2025-10-21
MLB-0473,Mercado Livre,Case realme 11 Antichoque Silicone Silicone com Anel - realme,realme,realme 11,Silicone com Anel,Cinza,Novo,37.6,51.3,226,4.9,11,iCases Store,Vendedor,SP,Guarulhos,True,12,True,107,2025-12-07
MLB-0406,Mercado Livre,Case Moto Edge 50 Geométrica Glitter Silicone com Anel - Motorola,Motorola,Moto Edge 50,Silicone com Anel,Laranja,Novo,40.5,71.6,225,4.5,11,CelShop Brasil,MercadoLíder,SP,Osasco,False,6,True,129,2025-08-29
MLB-0075,Mercado Livre,Capinha realme 11 Com Desenho Lisa TPU com Cordão Roxo,realme,realme 11,TPU com Cordão,Roxo,Novo,25.2,40.1,224,4.6,10,Max Acessórios,Vendedor,PE,Recife,False,,,14,2026-06-12
MLB-0149,Mercado Livre,Capa de Celular Poco X6 Lisa TPU Amarelo - Xiaomi,Xiaomi,Poco X6,TPU,Amarelo,Novo,11.6,16.4,223,4.5,18,Top Cel Acessórios,Vendedor,MG,Belo Horizonte,True,,,283,2025-11-19
MLB-0155,Mercado Livre,Capinha Moto G84 Espelhada TPU com Cordão Branco - Motorola,Motorola,Moto G84,TPU com Cordão,Branco,Novo,17.7,26.9,223,5.0,25,iCases Store,Vendedor,CE,Juazeiro do Norte,False,12,True,0,2026-06-29
MLB-0324,Mercado Livre,Capinha Redmi Note 14 Anti-Risco Fosca TPU - Xiaomi,Xiaomi,Redmi Note 14,TPU,Vermelho,Novo,29.9,,223,4.3,22,Case Store Brasil,Vendedor,BA,Feira de Santana,True,,,251,2025-10-05
MLB-0395,Mercado Livre,Case iPhone 13 Antirrisco Acrílico Cristal Cinza,Apple,iPhone 13,Acrílico Cristal,Cinza,Novo,30.8,43.9,222,4.4,13,Digital Case BR,MercadoLíder,PR,Cascavel,True,12,True,8,2026-04-28
MLB-0089,Mercado Livre,Case Moto G85 Transparente TPU Vermelho - Motorola,Motorola,Moto G85,TPU,Vermelho,Novo,16.9,,221,4.3,16,Prime Cases,MercadoLíder,RS,Caxias do Sul,True,3,True,272,2026-05-14
MLB-0200,Mercado Livre,Capa de Celular iPhone 14 Ultra Fino Policarbonato Capa com Suporte,Apple,iPhone 14,Capa com Suporte,Transparente,Novo,9.9,15.2,221,5.0,5,Prime Cases,Vendedor,MG,Juiz de Fora,False,12,True,201,2026-02-12
MLB-0131,Mercado Livre,Capa de Celular Moto G85 Lisa Silicone com Anel Azul - Motorola,Motorola,Moto G85,Silicone com Anel,Azul,Novo,64.9,,219,4.9,7,Digital Case BR,Loja Oficial,RJ,Campos dos Goytacazes,True,6,True,225,2026-04-01
MLB-0351,Mercado Livre,Capa Protetora iPhone 14 À Prova d'Água À Prova d'Água - Apple,Apple,iPhone 14,À Prova d'Água,Camuflado,Novo,14.9,20.4,218,4.7,14,Max Acessórios,Vendedor,SP,São Bernardo do Campo,True,12,True,16,2025-09-07
MLB-0243,Mercado Livre,Capa Protetora Moto Edge 50 Fosca Policarbonato Cinza - Motorola,Motorola,Moto Edge 50,Policarbonato,Cinza,Novo,38.7,,217,4.6,8,Top Cel Acessórios,MercadoLíder,SC,Blumenau,True,12,False,214,2026-03-01
MLB-0087,Mercado Livre,Case Moto G54 Espelhada Silicone com Anel Laranja,Motorola,Moto G54,Silicone com Anel,Laranja,Novo,64.9,92.4,216,4.5,13,Brasil Case Center,Loja Oficial,CE,Fortaleza,True,,,78,2026-01-04
MLB-0323,Mercado Livre,Capa de Celular Galaxy S24 Texturizada Glitter Pelúcia Cinza - Samsung,Samsung,Galaxy S24,Pelúcia,Cinza,Novo,32.9,46.3,215,4.8,6,CaseHub,Loja Oficial,SP,São Bernardo do Campo,True,,,149,2025-10-19
MLB-0060,Mercado Livre,Capinha iPhone 15 Transparente Acrílico Cristal Amarelo,Apple,iPhone 15,Acrílico Cristal,Amarelo,Novo,45.4,,213,4.9,13,Importados BR,Vendedor,AM,Manaus,True,12,False,201,2025-12-15
MLB-0102,Mercado Livre,Case Galaxy M35 Fosca Lisa Couro Sintético - Samsung,Samsung,Galaxy M35,Couro Sintético,Camuflado,Novo,49.9,74.3,213,4.3,7,Case Store Brasil,Vendedor,PE,Recife,True,,,233,2026-02-18
MLB-0407,Mercado Livre,Capa Protetora realme Note 50 Floral Anti-Risco Silicone com Anel Dourado - realme,realme,realme Note 50,Silicone com Anel,Dourado,Novo,27.7,38.1,213,4.5,22,Case Mania,Vendedor,MA,São Luís,True,,,162,2026-03-10
MLB-0170,Mercado Livre,Capinha Moto G84 Anti-Risco Glitter Silicone - Motorola,Motorola,Moto G84,Silicone,Roxo,Novo,21.0,29.1,209,4.6,14,iCases Store,MercadoLíder,SP,São Paulo,True,3,False,0,2026-04-04
MLB-0298,Mercado Livre,Capa de Celular realme 12 Geométrica Policarbonato Roxo - realme,realme,realme 12,Policarbonato,Roxo,Novo,37.1,57.1,209,4.8,22,Max Acessórios,Vendedor,SP,Guarulhos,False,6,True,69,2026-07-18
MLB-0118,Mercado Livre,Capinha Poco X6 Pro Glitter Capa com Suporte Rosa,Xiaomi,Poco X6 Pro,Capa com Suporte,Rosa,Novo,28.6,38.1,208,5.0,13,Brasil Case Center,Vendedor,SP,Osasco,True,,,299,2026-05-13
MLB-0127,Mercado Livre,Capa Protetora iPhone 11 Camuflada À Prova d'Água Branco - Apple,Apple,iPhone 11,À Prova d'Água,Branco,Novo,29.9,53.6,208,5.0,14,Prime Cases,Vendedor,CE,Fortaleza,True,3,True,225,2025-09-03
MLB-0226,Mercado Livre,Capinha realme Note 50 Anti-Risco TPU TPU Camuflado,realme,realme Note 50,TPU,Camuflado,Novo,12.5,17.8,208,4.5,6,Brasil Case Center,Vendedor,RS,Canoas,True,12,True,54,2025-11-20
MLB-0017,Mercado Livre,Capa de Celular iPhone 13 Colorida Silicone com MagSafe - Apple,Apple,iPhone 13,Silicone com MagSafe,Azul,Novo,79.1,105.7,206,4.5,23,Importados BR,Vendedor,RJ,Duque de Caxias,False,3,True,15,2025-08-31
MLB-0212,Mercado Livre,Case Redmi Note 12 Ultra Fino Acrílico Cristal,Xiaomi,Redmi Note 12,Acrílico Cristal,Preto,Novo,49.9,77.4,205,4.5,5,Acessórios Prime,MercadoLíder,GO,Anápolis,True,3,False,280,2025-09-08
MLB-0529,Mercado Livre,Capinha iPhone 15 Lisa Capa com Suporte - Apple,Apple,iPhone 15,Capa com Suporte,Preto,Novo,12.9,,205,4.0,23,CelShop Brasil,Loja Oficial,SP,Guarulhos,False,,,79,2025-12-29
MLB-0150,Mercado Livre,Capa de Celular Moto G85 Glitter Acrílico Cristal Prata,Motorola,Moto G85,Acrílico Cristal,Prata,Novo,9.9,12.1,203,4.7,4,Prime Cases,MercadoLíder,SP,São Bernardo do Campo,False,6,True,70,2025-08-26
MLB-0541,Mercado Livre,Case Moto G24 Glitter Com Desenho TPU com Cordão Marrom - Motorola,Motorola,Moto G24,TPU com Cordão,Marrom,Novo,20.8,26.2,199,4.1,4,Top Cel Acessórios,Vendedor,SP,Osasco,True,9,True,0,2026-03-12
MLB-0006,Mercado Livre,Capinha iPhone 14 Lisa Policarbonato Branco,Apple,iPhone 14,Policarbonato,Branco,Novo,14.9,26.0,198,4.6,17,Case Store Brasil,Loja Oficial,RJ,Campos dos Goytacazes,True,6,True,282,2026-03-27
MLB-0360,Mercado Livre,Capinha Galaxy S25 Camuflada Ultra Fino À Prova d'Água,Samsung,Galaxy S25,À Prova d'Água,Vermelho,Novo,89.6,,198,4.8,12,Max Acessórios,MercadoLíder,MG,Belo Horizonte,False,3,True,60,2026-03-21
MLB-0354,Mercado Livre,Capinha realme C53 Transparente Silicone com MagSafe Roxo - realme,realme,realme C53,Silicone com MagSafe,Roxo,Novo,77.6,,196,5.0,19,Acessórios Prime,Vendedor,SC,Florianópolis,False,12,True,73,2026-02-07
MLB-0140,Mercado Livre,Capa de Celular Redmi Note 12 Anti-Risco Silicone Prata,Xiaomi,Redmi Note 12,Silicone,Prata,Novo,69.9,,193,4.9,15,Acessórios Prime,Vendedor,BA,Salvador,False,6,False,216,2026-08-07
MLB-0223,Mercado Livre,Capa de Celular Moto G85 Ultra Fino TPU Rosa,Motorola,Moto G85,TPU,Rosa,Novo,69.9,104.2,193,4.8,8,TecnoCases,Vendedor,RS,Porto Alegre,False,12,False,120,2025-10-27
MLB-0287,Mercado Livre,Capa Protetora iPhone 16 Lisa Com Desenho Couro Sintético Camuflado - Apple,Apple,iPhone 16,Couro Sintético,Camuflado,Novo,35.2,58.1,193,4.4,21,Acessórios Prime,Vendedor,PE,Caruaru,False,9,False,251,2026-01-16
MLB-0263,Mercado Livre,Capa Protetora Moto Edge 50 Transparente Policarbonato Amarelo - Motorola,Motorola,Moto Edge 50,Policarbonato,Amarelo,Novo,35.8,50.9,192,4.7,19,iCases Store,MercadoLíder,PR,Curitiba,True,,,131,2025-10-02
MLB-0430,Mercado Livre,Capa Protetora Moto Edge 50 Lisa Texturizada Pelúcia - Motorola,Motorola,Moto Edge 50,Pelúcia,Prata,Novo,31.6,,192,3.8,15,Importados BR,MercadoLíder,BA,Feira de Santana,True,9,False,118,2026-06-08
MLB-0474,Mercado Livre,Capa de Celular realme C53 Transparente TPU com Cordão - realme,realme,realme C53,TPU com Cordão,Laranja,Novo,19.9,34.7,192,4.0,9,Prime Cases,Vendedor,MG,Belo Horizonte,True,9,True,192,2025-08-02
MLB-0007,Mercado Livre,Case iPhone 11 Silicone Silicone - Apple,Apple,iPhone 11,Silicone,Vermelho,Novo,34.9,62.3,189,4.9,14,CaseHub,MercadoLíder,SP,Osasco,True,,,60,2026-01-31
MLB-0252,Mercado Livre,Capa de Celular iPhone 14 Ultra Fino Transparente Acrílico Cristal,Apple,iPhone 14,Acrílico Cristal,Rosa,Novo,49.9,,189,4.3,16,Acessórios Prime,Loja Oficial,AM,Parintins,False,,,284,2025-10-07
MLB-0300,Mercado Livre,Capa de Celular iPhone 11 Camuflada Couro Sintético Laranja,Apple,iPhone 11,Couro Sintético,Laranja,Novo,61.9,99.3,184,4.2,12,TecnoCases,MercadoLíder,RS,Porto Alegre,True,3,True,115,2026-03-21
MLB-0431,Mercado Livre,Capa de Celular Galaxy A55 Lisa Capa com Suporte - Samsung,Samsung,Galaxy A55,Capa com Suporte,Dourado,Novo,36.4,48.2,183,4.9,14,Max Acessórios,MercadoLíder,DF,Brasília,True,9,True,178,2026-08-16
MLB-0355,Mercado Livre,Capa Protetora Galaxy A55 Anti-Risco Silicone Dourado - Samsung,Samsung,Galaxy A55,Silicone,Dourado,Novo,22.8,,182,4.3,5,Capinha Express,Vendedor,PR,Maringá,False,9,True,32,2026-07-10
MLB-0465,Mercado Livre,Capa de Celular realme Note 50 Camuflada Geométrica Policarbonato - realme,realme,realme Note 50,Policarbonato,Vermelho,Novo,26.2,41.2,181,4.2,16,Max Acessórios,Vendedor,PR,Cascavel,True,6,False,183,2026-01-21
MLB-0271,Mercado Livre,Capa de Celular Redmi Note 13 Colorida Camuflada Capa com Suporte Prata,Xiaomi,Redmi Note 13,Capa com Suporte,Prata,Novo,54.9,70.1,175,4.3,8,CaseHub,MercadoLíder,MG,Juiz de Fora,True,3,True,0,2025-10-17
MLB-0042,Mercado Livre,Capa de Celular realme 12 TPU TPU - realme,realme,realme 12,TPU,Vermelho,Novo,17.9,24.2,174,4.6,15,Capinha Express,Vendedor,ES,Vila Velha,False,6,True,173,2025-11-02
MLB-0590,Mercado Livre,Capinha realme 12 Espelhada Transparente TPU Prata,realme,realme 12,TPU,Prata,Novo,12.5,20.4,173,4.2,15,CelShop Brasil,Vendedor,CE,Sobral,True,3,True,290,2025-07-31
MLB-0450,Mercado Livre,Case Moto G54 Fofinha Pelúcia - Motorola,Motorola,Moto G54,Pelúcia,Camuflado,Novo,34.4,,172,4.3,3,TecnoCases,MercadoLíder,PA,Belém,False,9,True,2,2026-03-08
MLB-0001,Mercado Livre,Capinha Redmi Note 12 Texturizada Pelúcia - Xiaomi,Xiaomi,Redmi Note 12,Pelúcia,Roxo,Novo,50.2,,169,4.6,3,Capinha Express,MercadoLíder,RJ,Rio de Janeiro,False,6,False,108,2025-10-09
MLB-0461,Mercado Livre,Capa Protetora Moto G54 Geométrica Floral Policarbonato Cinza,Motorola,Moto G54,Policarbonato,Cinza,Novo,23.1,,158,4.8,8,Acessórios Prime,Vendedor,SP,Guarulhos,True,9,True,196,2026-02-03
MLB-0134,Mercado Livre,Capa de Celular realme 12 Floral Fosca Pelúcia,realme,realme 12,Pelúcia,Preto,Novo,37.9,,157,4.1,3,Max Acessórios,Vendedor,PE,Caruaru,True,6,True,60,2026-04-09
MLB-0616,Mercado Livre,Case realme 11 Com Desenho Silicone - realme,realme,realme 11,Silicone,Roxo,Novo,23.9,32.2,157,4.5,13,Acessórios Prime,Loja Oficial,SP,Guarulhos,False,,,86,2025-08-11
MLB-0322,Mercado Livre,Capa Protetora Moto G54 Floral Transparente Acrílico Cristal Roxo - Motorola,Motorola,Moto G54,Acrílico Cristal,Roxo,Novo,37.4,,155,4.2,17,Acessórios Prime,Vendedor,SP,Campinas,True,,,252,2026-01-06
MLB-0164,Mercado Livre,Capinha realme 11 Floral Espelhada Capa com Suporte,realme,realme 11,Capa com Suporte,Vermelho,Novo,15.9,,154,4.4,16,Mega Cases Shop,MercadoLíder,RS,Canoas,True,9,False,265,2026-03-17
MLB-0218,Mercado Livre,Capinha Poco X6 Colorida Espelhada Capa com Suporte,Xiaomi,Poco X6,Capa com Suporte,Transparente,Novo,64.9,,154,4.7,3,Prime Cases,Vendedor,SP,Osasco,False,9,True,0,2026-05-14
MLB-0189,Mercado Livre,Case realme Note 50 Silicone Com Desenho Silicone - realme,realme,realme Note 50,Silicone,Rosa,Novo,21.5,28.4,152,4.2,3,Prime Cases,Vendedor,GO,Aparecida de Goiânia,True,,,201,2026-06-13
MLB-0477,Mercado Livre,Capa de Celular iPhone 14 Com Desenho Pelúcia Amarelo,Apple,iPhone 14,Pelúcia,Amarelo,Novo,31.7,,152,4.7,10,Case Store Brasil,Vendedor,SP,São Paulo,False,9,True,0,2026-05-16
MLB-0230,Mercado Livre,Capa de Celular realme 12 Texturizada Colorida Silicone com MagSafe - realme,realme,realme 12,Silicone com MagSafe,Transparente,Novo,79.9,120.6,148,4.3,12,Case Store Brasil,Vendedor,PR,Curitiba,True,,,117,2026-01-20
MLB-0548,Mercado Livre,Capa Protetora Galaxy A56 Camuflada Magnética Couro com MagSafe Marrom - Samsung,Samsung,Galaxy A56,Couro com MagSafe,Marrom,Novo,104.5,177.5,147,4.0,5,CelShop Brasil,Vendedor,RJ,Rio de Janeiro,True,,,285,2025-12-19
MLB-0511,Mercado Livre,Capinha Galaxy M15 Camuflada Ultra Fino Silicone com MagSafe Vermelho - Samsung,Samsung,Galaxy M15,Silicone com MagSafe,Vermelho,Novo,79.9,109.8,145,4.6,14,CelShop Brasil,Vendedor,RS,Canoas,False,9,False,124,2026-07-16
MLB-0123,Mercado Livre,Case realme C53 Espelhada Couro Sintético,realme,realme C53,Couro Sintético,Rosa,Novo,51.2,,144,5.0,6,CaseHub,Vendedor,BA,Feira de Santana,False,3,True,91,2025-11-14
MLB-0259,Mercado Livre,Capa Protetora Poco X6 Pro Camuflada Silicone Silicone Branco - Xiaomi,Xiaomi,Poco X6 Pro,Silicone,Branco,Novo,21.4,30.2,143,4.2,16,Capinha Express,Vendedor,SP,São Bernardo do Campo,True,6,True,10,2026-04-16
MLB-0482,Mercado Livre,Capa de Celular realme 11 Lisa Floral Capa com Suporte - realme,realme,realme 11,Capa com Suporte,Vermelho,Novo,40.0,67.4,142,4.4,7,Capinha Express,Vendedor,CE,Juazeiro do Norte,False,,,109,2025-07-14
MLB-0185,Mercado Livre,Capa de Celular Galaxy A35 Glitter Fosca Capa com Suporte,Samsung,Galaxy A35,Capa com Suporte,Branco,Novo,15.9,,137,4.6,3,Digital Case BR,Loja Oficial,SP,São Bernardo do Campo,True,3,True,121,2026-01-16
MLB-0364,Mercado Livre,Capinha Redmi Note 14 Camuflada Com Desenho TPU com Cordão,Xiaomi,Redmi Note 14,TPU com Cordão,Laranja,Novo,17.9,23.8,137,4.1,3,Capinha Express,Loja Oficial,ES,Serra,True,12,False,124,2026-03-29
MLB-0031,Mercado Livre,Capinha Galaxy S25 Ultra Lisa Couro Sintético Verde,Samsung,Galaxy S25 Ultra,Couro Sintético,Verde,Novo,36.9,62.3,135,4.3,15,Digital Case BR,Vendedor,PE,Recife,True,,,95,2025-10-12
MLB-0352,Mercado Livre,Capa Protetora Redmi Note 14 Ultra Fino Silicone - Xiaomi,Xiaomi,Redmi Note 14,Silicone,Preto,Usado,16.3,21.7,131,4.6,2,CelShop Brasil,Vendedor,RS,Caxias do Sul,False,12,True,144,2025-12-18
MLB-0240,Mercado Livre,Capa Protetora realme Note 50 Ultra Fino À Prova d'Água Azul,realme,realme Note 50,À Prova d'Água,Azul,Novo,27.9,39.7,129,4.2,4,iCases Store,Vendedor,SP,São Paulo,False,9,True,228,2026-01-13
MLB-0094,Mercado Livre,Capa Protetora Moto G85 Lisa À Prova d'Água Azul - Motorola,Motorola,Moto G85,À Prova d'Água,Azul,Novo,49.9,,122,4.9,2,Max Acessórios,Vendedor,PA,Ananindeua,True,6,True,259,2026-04-15
MLB-0594,Mercado Livre,Case realme C53 Espelhada Couro Sintético Branco,realme,realme C53,Couro Sintético,Branco,Novo,44.3,60.7,122,4.6,14,Acessórios Prime,MercadoLíder,BA,Feira de Santana,True,12,True,177,2025-09-07
MLB-0579,Mercado Livre,Case iPhone 13 Transparente TPU com Cordão - Apple,Apple,iPhone 13,TPU com Cordão,Transparente,Novo,17.9,,117,4.7,10,Mega Cases Shop,MercadoLíder,SC,Florianópolis,True,6,False,93,2025-10-28
MLB-0034,Mercado Livre,Capinha Galaxy M35 Colorida Silicone Branco - Samsung,Samsung,Galaxy M35,Silicone,Branco,Novo,89.9,142.1,116,4.4,10,TecnoCases,Vendedor,DF,Taguatinga,True,12,True,0,2026-04-01
MLB-0209,Mercado Livre,Case iPhone 16 Pro Max MagSafe Geométrica Silicone com MagSafe - Apple,Apple,iPhone 16 Pro Max,Silicone com MagSafe,Camuflado,Novo,73.2,119.3,116,4.7,12,CelShop Brasil,Vendedor,PR,Cascavel,True,12,True,179,2026-05-05
MLB-0318,Mercado Livre,Capa Protetora iPhone 15 Glitter Geométrica Couro Sintético Cinza,Apple,iPhone 15,Couro Sintético,Cinza,Novo,46.6,72.9,116,4.3,9,iCases Store,Vendedor,SP,Campinas,True,12,True,2,2025-09-14
MLB-0427,Mercado Livre,Case iPhone 15 Com Desenho Com Cordão TPU com Cordão,Apple,iPhone 15,TPU com Cordão,Camuflado,Novo,27.6,41.8,116,4.5,8,Digital Case BR,Vendedor,SP,Guarulhos,True,,,162,2025-08-17
MLB-0167,Mercado Livre,Capinha iPhone 14 Transparente Pelúcia Camuflado,Apple,iPhone 14,Pelúcia,Camuflado,Novo,49.6,62.8,108,4.6,5,Brasil Case Center,MercadoLíder,RS,Caxias do Sul,True,9,False,98,2026-08-03
MLB-0018,Mercado Livre,Case Moto G54 Antichoque Transparente Silicone com MagSafe Cinza - Motorola,Motorola,Moto G54,Silicone com MagSafe,Cinza,Novo,68.9,,106,4.0,11,Top Cel Acessórios,Vendedor,MG,Juiz de Fora,True,6,True,6,2025-08-10
MLB-0458,Mercado Livre,Case Galaxy S24 Geométrica Silicone Prata,Samsung,Galaxy S24,Silicone,Prata,Novo,21.9,31.0,106,4.4,6,Case Mania,Vendedor,SP,São Paulo,True,,,213,2025-12-16
MLB-0401,Mercado Livre,Capinha realme Note 50 Lisa Silicone,realme,realme Note 50,Silicone,Verde,Novo,24.6,,105,4.4,8,Importados BR,Vendedor,SP,Campinas,False,3,True,21,2025-12-25
MLB-0599,Mercado Livre,Capinha iPhone 15 Ultra Fino Transparente Couro Sintético,Apple,iPhone 15,Couro Sintético,Marrom,Novo,79.9,106.3,105,4.2,4,Digital Case BR,Vendedor,RJ,Campos dos Goytacazes,True,,,214,2026-05-02
MLB-0183,Mercado Livre,Capinha Poco X6 Silicone Ultra Fino Silicone Camuflado - Xiaomi,Xiaomi,Poco X6,Silicone,Camuflado,Novo,18.2,,104,4.7,5,Brasil Case Center,Vendedor,RJ,Duque de Caxias,True,,,254,2026-08-13
MLB-0552,Mercado Livre,Capa de Celular Moto G84 Fosca Silicone com MagSafe - Motorola,Motorola,Moto G84,Silicone com MagSafe,Cinza,Novo,63.6,82.2,104,4.5,3,Digital Case BR,MercadoLíder,SP,Campinas,False,12,False,56,2025-11-18
MLB-0443,Mercado Livre,Capa Protetora iPhone 12 Geométrica Espelhada Pelúcia Branco - Apple,Apple,iPhone 12,Pelúcia,Branco,Novo,35.3,48.0,103,5.0,2,Acessórios Prime,Loja Oficial,SC,Blumenau,False,12,True,57,2025-08-21
MLB-0284,Mercado Livre,Capa de Celular iPhone 14 Espelhada Couro Sintético Rosa - Apple,Apple,iPhone 14,Couro Sintético,Rosa,Novo,35.5,,102,4.6,4,TecnoCases,Vendedor,SC,Chapecó,False,6,True,128,2026-05-14
MLB-0328,Mercado Livre,Capinha Moto Edge 50 Camuflada TPU com Cordão,Motorola,Moto Edge 50,TPU com Cordão,Cinza,Novo,22.9,29.5,102,4.8,4,Importados BR,Vendedor,SP,Osasco,True,9,False,214,2026-06-12
MLB-0261,Mercado Livre,Case iPhone 11 Camuflada Capa com Suporte Preto - Apple,Apple,iPhone 11,Capa com Suporte,Preto,Novo,22.9,28.5,100,4.8,2,Prime Cases,Vendedor,PE,Olinda,True,,,118,2026-03-31
MLB-0276,Mercado Livre,Capa de Celular iPhone 14 PC Policarbonato - Apple,Apple,iPhone 14,Policarbonato,Transparente,Novo,26.9,36.7,98,4.0,5,Case Mania,MercadoLíder,DF,Ceilândia,True,,,0,2026-05-01
MLB-0238,Mercado Livre,Case Poco X6 Com Anel Anti-Risco Silicone com Anel Branco,Xiaomi,Poco X6,Silicone com Anel,Branco,Novo,79.9,106.7,95,4.2,11,CaseHub,MercadoLíder,SC,Blumenau,False,12,True,72,2026-01-19
MLB-0353,Mercado Livre,Capinha Galaxy A15 Com Desenho TPU TPU com Cordão Laranja - Samsung,Samsung,Galaxy A15,TPU com Cordão,Laranja,Novo,24.3,36.4,93,4.3,6,Prime Cases,Vendedor,CE,Juazeiro do Norte,True,12,True,62,2026-01-02
MLB-0497,Mercado Livre,Case realme C53 Camuflada Capa com Suporte Transparente,realme,realme C53,Capa com Suporte,Transparente,Novo,64.9,,91,4.3,5,CelShop Brasil,Vendedor,RS,Porto Alegre,True,6,True,296,2025-07-20
MLB-0348,Mercado Livre,Capinha Redmi Note 12 Texturizada Colorida Pelúcia - Xiaomi,Xiaomi,Redmi Note 12,Pelúcia,Verde,Novo,30.2,51.8,83,4.9,7,Max Acessórios,Vendedor,RJ,Duque de Caxias,True,9,True,52,2026-02-06
MLB-0091,Mercado Livre,Case iPhone 11 Antichoque Magnética Couro com MagSafe,Apple,iPhone 11,Couro com MagSafe,Verde,Novo,9.9,16.9,77,5.0,8,TecnoCases,Vendedor,RS,Canoas,True,3,True,296,2026-01-16
MLB-0061,Mercado Livre,Capa Protetora realme Note 50 Camuflada Couro Sintético Amarelo - realme,realme,realme Note 50,Couro Sintético,Amarelo,Novo,42.4,,75,4.9,6,CelShop Brasil,MercadoLíder,RS,Caxias do Sul,False,9,True,131,2025-12-24
MLB-0382,Mercado Livre,Capinha Poco X6 Pro Ultra Fino TPU - Xiaomi,Xiaomi,Poco X6 Pro,TPU,Cinza,Novo,15.9,,74,4.5,8,Case Store Brasil,Loja Oficial,MA,Imperatriz,False,3,False,105,2026-03-29
MLB-0067,Mercado Livre,Capinha Moto G24 Camuflada Ultra Fino Policarbonato Verde - Motorola,Motorola,Moto G24,Policarbonato,Verde,Novo,25.1,,70,4.6,8,iCases Store,Vendedor,MA,Imperatriz,False,3,True,7,2025-11-30
MLB-0053,Mercado Livre,Capinha Redmi Note 12 Glitter Acrílico Cristal Rosa,Xiaomi,Redmi Note 12,Acrílico Cristal,Rosa,Novo,40.0,62.3,68,4.9,4,Max Acessórios,Vendedor,SP,Campinas,False,6,False,168,2026-06-28
MLB-0002,Mercado Livre,Capinha Moto G24 Com Anel Silicone com Anel Preto - Motorola,Motorola,Moto G24,Silicone com Anel,Preto,Novo,24.2,33.4,66,5.0,5,Max Acessórios,MercadoLíder,BA,Salvador,False,12,False,9,2026-02-14
MLB-0310,Mercado Livre,Case realme Note 50 MagSafe Magnética Silicone com MagSafe Dourado - realme,realme,realme Note 50,Silicone com MagSafe,Dourado,Novo,69.5,118.5,64,4.7,6,Capinha Express,MercadoLíder,PA,Ananindeua,False,9,False,277,2026-08-16
MLB-0219,Mercado Livre,Capinha Galaxy S24 Floral Glitter Silicone - Samsung,Samsung,Galaxy S24,Silicone,Camuflado,Novo,21.7,,62,4.6,7,Case Store Brasil,Loja Oficial,BA,Vitória da Conquista,False,3,True,0,2026-03-16
MLB-0099,Mercado Livre,Capinha realme 12 Espelhada Capa com Suporte Rosa - realme,realme,realme 12,Capa com Suporte,Rosa,Novo,31.0,,58,4.6,3,Prime Cases,Vendedor,SP,São Bernardo do Campo,True,,,184,2025-10-08
MLB-0124,Mercado Livre,Case Galaxy A15 Geométrica Transparente Silicone com MagSafe Laranja - Samsung,Samsung,Galaxy A15,Silicone com MagSafe,Laranja,Novo,49.9,73.5,55,4.2,4,Brasil Case Center,Vendedor,RJ,Niterói,True,9,True,238,2025-07-14
MLB-0428,Mercado Livre,Capa Protetora iPhone 13 Camuflada Colorida Couro Sintético - Apple,Apple,iPhone 13,Couro Sintético,Roxo,Novo,89.9,123.6,55,4.5,1,Case Store Brasil,Vendedor,CE,Fortaleza,True,,,239,2026-02-15
MLB-0535,Mercado Livre,Capa Protetora Moto G84 Colorida Glitter Policarbonato Preto - Motorola,Motorola,Moto G84,Policarbonato,Preto,Novo,32.7,,55,4.4,5,Top Cel Acessórios,MercadoLíder,SP,São Bernardo do Campo,True,3,True,178,2026-06-24
MLB-0257,Mercado Livre,Capa de Celular Moto G84 Camuflada Capa com Suporte Dourado - Motorola,Motorola,Moto G84,Capa com Suporte,Dourado,Novo,33.2,40.2,53,4.3,4,iCases Store,Vendedor,RS,Porto Alegre,False,,,260,2025-12-07
MLB-0377,Mercado Livre,Case Redmi Note 13 Lisa À Prova d'Água À Prova d'Água - Xiaomi,Xiaomi,Redmi Note 13,À Prova d'Água,Marrom,Novo,34.9,,51,4.2,1,Importados BR,Vendedor,MG,Belo Horizonte,False,3,True,40,2025-12-14
MLB-0620,Mercado Livre,Case realme Note 50 Texturizada Pelúcia Verde - realme,realme,realme Note 50,Pelúcia,Verde,Novo,32.9,,51,4.4,5,CaseHub,Loja Oficial,ES,Vila Velha,False,12,True,211,2026-01-20
MLB-0166,Mercado Livre,Case Xiaomi 14 Silicone À Prova d'Água,Xiaomi,Xiaomi 14,À Prova d'Água,Prata,Novo,54.9,,50,4.2,1,CelShop Brasil,MercadoLíder,PR,Curitiba,False,3,False,1,2026-05-31
MLB-0339,Mercado Livre,Case Galaxy A35 Lisa Silicone com Anel Verde,Samsung,Galaxy A35,Silicone com Anel,Verde,Novo,40.4,,50,4.4,2,Case Mania,Vendedor,SP,São Bernardo do Campo,False,12,False,7,2025-09-08
MLB-0397,Mercado Livre,Capa de Celular iPhone 12 Couro Premium Couro com MagSafe Branco - Apple,Apple,iPhone 12,Couro com MagSafe,Branco,Novo,95.8,154.3,50,4.7,5,Case Store Brasil,Vendedor,CE,Juazeiro do Norte,True,3,True,14,2026-03-23
MLB-0501,Mercado Livre,Capa de Celular Moto G24 Com Desenho Couro com MagSafe,Motorola,Moto G24,Couro com MagSafe,Marrom,Novo,70.2,,50,4.3,5,iCases Store,MercadoLíder,RJ,Campos dos Goytacazes,False,3,True,83,2025-09-04
MLB-0504,Mercado Livre,Case Galaxy A56 Transparente TPU TPU Camuflado,Samsung,Galaxy A56,TPU,Camuflado,Novo,15.0,21.0,50,4.6,4,iCases Store,Vendedor,MA,São Luís,False,6,True,220,2026-07-24
MLB-0536,Mercado Livre,Capinha Moto G54 Transparente Anti-Risco Couro com MagSafe - Motorola,Motorola,Moto G54,Couro com MagSafe,Vermelho,Novo,69.9,,50,4.3,3,Acessórios Prime,Loja Oficial,PR,Cascavel,False,9,True,188,2026-01-16
MLB-0045,Mercado Livre,Capa de Celular iPhone 16 Texturizada Com Desenho Couro com MagSafe Laranja - Apple,Apple,iPhone 16,Couro com MagSafe,Laranja,Novo,80.0,,49,4.6,4,Top Cel Acessórios,Vendedor,BA,Feira de Santana,False,,,22,2026-04-10
MLB-0066,Mercado Livre,Case Poco X6 Fosca Silicone Roxo - Xiaomi,Xiaomi,Poco X6,Silicone,Roxo,Novo,23.6,,49,4.7,4,Acessórios Prime,Vendedor,SP,Osasco,True,,,17,2026-01-12
MLB-0076,Mercado Livre,Capa de Celular Redmi Note 12 Ultra Fino TPU com Cordão,Xiaomi,Redmi Note 12,TPU com Cordão,Prata,Novo,15.9,21.0,49,4.3,4,Mega Cases Shop,Vendedor,DF,Ceilândia,False,12,True,0,2025-08-24
MLB-0106,Mercado Livre,Capa Protetora realme 11 Lisa Antichoque À Prova d'Água Azul - realme,realme,realme 11,À Prova d'Água,Azul,Novo,72.5,,49,4.4,2,Brasil Case Center,MercadoLíder,SP,São Paulo,True,,,11,2026-04-20
MLB-0136,Mercado Livre,Capa de Celular Moto Edge 50 Espelhada Acrílico Cristal,Motorola,Moto Edge 50,Acrílico Cristal,Vermelho,Novo,33.5,50.5,49,4.5,5,CelShop Brasil,MercadoLíder,MG,Contagem,True,12,False,77,2026-06-08
MLB-0154,Mercado Livre,Capa de Celular iPhone 14 Glitter Com Cordão TPU com Cordão - Apple,Apple,iPhone 14,TPU com Cordão,Preto,Novo,21.5,,49,4.4,2,Top Cel Acessórios,Vendedor,SP,Osasco,True,,,83,2026-01-26
MLB-0246,Mercado Livre,Capa Protetora realme 12 Com Desenho TPU Verde,realme,realme 12,TPU,Verde,Novo,29.9,45.8,49,4.8,4,TecnoCases,Vendedor,SP,Osasco,False,3,True,57,2026-08-15
MLB-0279,Mercado Livre,Capa Protetora Poco X6 Pro Texturizada TPU com Cordão - Xiaomi,Xiaomi,Poco X6 Pro,TPU com Cordão,Azul,Novo,27.1,36.1,49,4.3,2,TecnoCases,MercadoLíder,CE,Fortaleza,True,9,False,283,2025-12-14
MLB-0368,Mercado Livre,Case realme 11 Texturizada Policarbonato Branco - realme,realme,realme 11,Policarbonato,Branco,Novo,49.9,,49,4.6,5,Acessórios Prime,MercadoLíder,RJ,Rio de Janeiro,True,6,True,82,2026-06-21
MLB-0453,Mercado Livre,Capinha Moto G84 Geométrica Policarbonato Vermelho - Motorola,Motorola,Moto G84,Policarbonato,Vermelho,Novo,38.3,,49,4.9,4,Brasil Case Center,Vendedor,MA,São Luís,True,12,True,99,2025-10-31
MLB-0564,Mercado Livre,Capinha Poco X6 Pro Ultra Fino TPU Verde - Xiaomi,Xiaomi,Poco X6 Pro,TPU,Verde,Novo,49.9,66.1,49,4.0,2,Top Cel Acessórios,Vendedor,ES,Serra,True,3,True,53,2026-03-24
MLB-0581,Mercado Livre,Case Poco X6 Camuflada Antichoque Couro Sintético Rosa - Xiaomi,Xiaomi,Poco X6,Couro Sintético,Rosa,Novo,59.4,100.0,49,4.8,5,CaseHub,MercadoLíder,RS,Porto Alegre,False,12,True,193,2026-04-14
MLB-0025,Mercado Livre,Capa Protetora realme 11 Texturizada Geométrica Policarbonato - realme,realme,realme 11,Policarbonato,Verde,Novo,14.9,,48,5.0,4,Importados BR,Vendedor,SP,Osasco,False,,,41,2026-07-15
MLB-0052,Mercado Livre,Capa de Celular Moto G84 Floral Transparente Silicone Dourado - Motorola,Motorola,Moto G84,Silicone,Dourado,Novo,54.9,82.0,48,4.9,5,TecnoCases,MercadoLíder,RS,Caxias do Sul,True,,,233,2025-11-21
MLB-0197,Mercado Livre,Case Moto Edge 50 Camuflada Policarbonato - Motorola,Motorola,Moto Edge 50,Policarbonato,Vermelho,Novo,99.9,,48,4.0,0,iCases Store,Loja Oficial,SP,São Bernardo do Campo,True,,,54,2026-06-26
MLB-0391,Mercado Livre,Case iPhone 14 Ultra Fino Espelhada TPU Dourado,Apple,iPhone 14,TPU,Dourado,Novo,12.2,21.6,48,4.4,2,Case Store Brasil,Vendedor,RS,Porto Alegre,False,3,False,293,2026-03-28
MLB-0487,Mercado Livre,Case realme C53 Espelhada Antichoque Pelúcia Laranja,realme,realme C53,Pelúcia,Laranja,Novo,51.1,86.9,48,4.6,5,Digital Case BR,Vendedor,RJ,Duque de Caxias,True,3,True,26,2026-01-30
MLB-0157,Mercado Livre,Capinha iPhone 12 Texturizada Couro com MagSafe,Apple,iPhone 12,Couro com MagSafe,Marrom,Novo,97.9,153.2,47,4.5,3,CaseHub,Loja Oficial,RS,Caxias do Sul,True,12,False,130,2026-08-03
MLB-0272,Mercado Livre,Capinha Poco X6 Com Cordão TPU com Cordão Rosa - Xiaomi,Xiaomi,Poco X6,TPU com Cordão,Rosa,Novo,19.8,,47,4.3,2,Prime Cases,Vendedor,BA,Feira de Santana,False,3,False,262,2025-07-31
MLB-0468,Mercado Livre,Capa Protetora Redmi 13C Silicone Silicone - Xiaomi,Xiaomi,Redmi 13C,Silicone,Dourado,Novo,22.9,34.0,47,4.4,2,Case Mania,MercadoLíder,ES,Vitória,True,9,True,44,2025-09-10
MLB-0080,Mercado Livre,Capa de Celular Poco X6 Pro Fosca Acrílico Cristal Dourado - Xiaomi,Xiaomi,Poco X6 Pro,Acrílico Cristal,Dourado,Novo,19.9,27.3,46,4.5,2,Brasil Case Center,Vendedor,RJ,Niterói,True,6,True,237,2025-12-04
MLB-0093,Mercado Livre,Capa Protetora Moto G54 MagSafe Silicone com MagSafe Transparente - Motorola,Motorola,Moto G54,Silicone com MagSafe,Transparente,Novo,49.9,82.5,46,4.1,4,iCases Store,Vendedor,SP,Guarulhos,False,9,True,238,2026-03-20
MLB-0301,Mercado Livre,Case Galaxy M15 Colorida Fosca TPU com Cordão Laranja - Samsung,Samsung,Galaxy M15,TPU com Cordão,Laranja,Novo,29.8,,46,4.8,3,Mega Cases Shop,MercadoLíder,ES,Serra,False,9,True,10,2025-10-03
MLB-0308,Mercado Livre,Capa Protetora iPhone 14 Fosca TPU Dourado - Apple,Apple,iPhone 14,TPU,Dourado,Novo,64.9,,46,4.0,3,Importados BR,MercadoLíder,PR,Cascavel,True,9,True,0,2026-04-14
MLB-0448,Mercado Livre,Capinha Moto G85 Fosca Transparente Couro Sintético - Motorola,Motorola,Moto G85,Couro Sintético,Rosa,Novo,61.9,106.3,46,4.1,5,Importados BR,Vendedor,RS,Porto Alegre,False,3,True,76,2026-01-03
MLB-0486,Mercado Livre,Capa de Celular Galaxy S25 Transparente Lisa TPU Marrom - Samsung,Samsung,Galaxy S25,TPU,Marrom,Novo,17.2,,46,4.8,2,Brasil Case Center,Vendedor,RJ,Niterói,True,9,False,295,2025-07-16
MLB-0494,Mercado Livre,Capa de Celular Galaxy S25 Antichoque Fosca Silicone Roxo - Samsung,Samsung,Galaxy S25,Silicone,Roxo,Usado,23.3,29.3,46,4.0,4,Case Mania,MercadoLíder,SP,Osasco,True,6,True,55,2026-02-24
MLB-0005,Mercado Livre,Capinha Moto G85 Fosca Silicone com MagSafe Laranja - Motorola,Motorola,Moto G85,Silicone com MagSafe,Laranja,Novo,65.7,97.9,45,4.4,3,iCases Store,Vendedor,SP,Campinas,True,6,True,214,2026-04-09
MLB-0347,Mercado Livre,Capa Protetora Moto G54 MagSafe Silicone com MagSafe - Motorola,Motorola,Moto G54,Silicone com MagSafe,Transparente,Novo,22.9,,45,4.9,4,CaseHub,Loja Oficial,BA,Vitória da Conquista,True,3,True,171,2026-05-05
MLB-0444,Mercado Livre,Capinha Galaxy A56 Camuflada Colorida Couro com MagSafe,Samsung,Galaxy A56,Couro com MagSafe,Azul,Novo,26.9,,45,4.6,2,Acessórios Prime,Vendedor,SP,Guarulhos,True,,,264,2026-06-11
MLB-0016,Mercado Livre,Capinha Galaxy S25 Ultra Floral Capa com Suporte Roxo,Samsung,Galaxy S25 Ultra,Capa com Suporte,Roxo,Novo,47.6,67.8,44,5.0,5,Mega Cases Shop,Loja Oficial,SP,São Paulo,False,6,True,128,2026-03-22
MLB-0268,Mercado Livre,Capinha Redmi Note 12 Texturizada Fosca Policarbonato Verde - Xiaomi,Xiaomi,Redmi Note 12,Policarbonato,Verde,Novo,34.8,61.0,44,4.9,1,Digital Case BR,Vendedor,AM,Manaus,True,3,True,270,2025-11-13
MLB-0278,Mercado Livre,Case Galaxy S25 Ultra Camuflada Colorida Silicone Vermelho - Samsung,Samsung,Galaxy S25 Ultra,Silicone,Vermelho,Novo,14.8,26.2,44,4.5,4,Case Store Brasil,Vendedor,CE,Sobral,True,3,False,295,2026-06-01
MLB-0285,Mercado Livre,Capa de Celular Galaxy M35 Anti-Risco Colorida TPU com Cordão Laranja,Samsung,Galaxy M35,TPU com Cordão,Laranja,Novo,29.3,45.0,44,5.0,2,Capinha Express,Vendedor,MG,Contagem,True,12,True,5,2026-03-19
MLB-0357,Mercado Livre,Case Moto G24 Com Desenho Anti-Risco Silicone com Anel Rosa,Motorola,Moto G24,Silicone com Anel,Rosa,Novo,69.9,108.9,44,3.8,3,Prime Cases,Vendedor,AM,Manaus,False,9,True,78,2025-11-21
MLB-0423,Mercado Livre,Capa Protetora Poco X6 Colorida Couro com MagSafe Dourado,Xiaomi,Poco X6,Couro com MagSafe,Dourado,Novo,102.1,,44,4.9,4,CaseHub,Vendedor,RJ,Rio de Janeiro,False,12,True,290,2025-11-30
MLB-0475,Mercado Livre,Case iPhone 14 Texturizada Magnética Couro com MagSafe Branco - Apple,Apple,iPhone 14,Couro com MagSafe,Branco,Novo,49.9,85.2,44,4.7,4,Max Acessórios,Loja Oficial,RJ,Rio de Janeiro,False,,,287,2026-03-13
MLB-0044,Mercado Livre,Capinha realme C53 Colorida TPU,realme,realme C53,TPU,Prata,Novo,14.5,25.3,43,4.5,1,Capinha Express,Vendedor,SP,São Paulo,True,3,True,67,2025-12-06
MLB-0115,Mercado Livre,Capa de Celular Redmi Note 13 Anti-Risco Couro Sintético - Xiaomi,Xiaomi,Redmi Note 13,Couro Sintético,Camuflado,Novo,63.4,79.5,43,3.7,4,Prime Cases,Vendedor,CE,Sobral,True,,,45,2025-10-23
MLB-0196,Mercado Livre,Capinha iPhone 12 Anti-Risco Glitter Silicone com MagSafe - Apple,Apple,iPhone 12,Silicone com MagSafe,Branco,Novo,34.9,,43,4.7,4,Capinha Express,MercadoLíder,BA,Salvador,True,6,False,290,2026-03-02
MLB-0277,Mercado Livre,Case Moto G54 Transparente TPU Camuflado - Motorola,Motorola,Moto G54,TPU,Camuflado,Novo,39.9,,43,4.4,4,Importados BR,MercadoLíder,MG,Juiz de Fora,False,6,True,76,2025-10-02
MLB-0416,Mercado Livre,Capinha Galaxy A16 Ultra Fino Espelhada TPU,Samsung,Galaxy A16,TPU,Vermelho,Novo,24.9,,43,4.2,3,Max Acessórios,Vendedor,SP,Guarulhos,False,,,182,2025-07-15
MLB-0422,Mercado Livre,Capa Protetora Galaxy A16 Com Desenho Espelhada Couro Sintético Dourado - Samsung,Samsung,Galaxy A16,Couro Sintético,Dourado,Novo,39.9,,43,4.0,3,Case Store Brasil,Vendedor,PE,Caruaru,False,6,True,246,2025-08-20
MLB-0227,Mercado Livre,Capinha iPhone 16 Pro Max Fosca Silicone com MagSafe Rosa,Apple,iPhone 16 Pro Max,Silicone com MagSafe,Rosa,Novo,56.6,90.1,42,4.3,4,Acessórios Prime,MercadoLíder,MA,São Luís,True,3,True,138,2026-05-08
MLB-0373,Mercado Livre,Case Redmi Note 12 MagSafe Lisa Couro com MagSafe - Xiaomi,Xiaomi,Redmi Note 12,Couro com MagSafe,Azul,Novo,85.3,,42,4.1,4,Importados BR,Vendedor,PR,Cascavel,False,,,247,2025-12-10
MLB-0471,Mercado Livre,Capa Protetora Moto Edge 50 Lisa Transparente Acrílico Cristal Roxo - Motorola,Motorola,Moto Edge 50,Acrílico Cristal,Roxo,Novo,42.5,56.8,42,4.5,1,CelShop Brasil,MercadoLíder,SP,Campinas,False,6,True,103,2026-03-26
MLB-0013,Mercado Livre,Case Moto G54 Lisa Floral Silicone Transparente,Motorola,Moto G54,Silicone,Transparente,Novo,59.9,,41,5.0,1,CaseHub,MercadoLíder,SP,São Bernardo do Campo,False,6,False,81,2026-01-30
MLB-0392,Mercado Livre,Capa Protetora iPhone 15 Antichoque À Prova d'Água - Apple,Apple,iPhone 15,À Prova d'Água,Vermelho,Novo,74.8,,41,4.6,4,Case Store Brasil,MercadoLíder,PR,Londrina,True,,,37,2026-02-07
MLB-0499,Mercado Livre,Capa Protetora realme Note 50 Camuflada Silicone Preto - realme,realme,realme Note 50,Silicone,Preto,Novo,15.9,24.2,41,4.0,4,Acessórios Prime,Vendedor,SC,Blumenau,True,12,False,228,2025-12-24
MLB-0521,Mercado Livre,Capa de Celular Galaxy S23 Transparente Silicone com MagSafe Azul - Samsung,Samsung,Galaxy S23,Silicone com MagSafe,Azul,Novo,89.9,128.0,41,4.5,4,Max Acessórios,Loja Oficial,PR,Curitiba,False,3,True,209,2026-07-31
MLB-0057,Mercado Livre,Capinha realme C53 Com Desenho Ultra Fino TPU,realme,realme C53,TPU,Dourado,Novo,22.9,40.5,40,4.3,2,CaseHub,Vendedor,SP,São Paulo,True,6,True,145,2025-08-19
MLB-0194,Mercado Livre,Capa Protetora Redmi Note 12 Glitter Anti-Risco Acrílico Cristal Camuflado - Xiaomi,Xiaomi,Redmi Note 12,Acrílico Cristal,Camuflado,Novo,33.9,,40,4.9,1,TecnoCases,Vendedor,SP,Campinas,True,,,121,2026-01-11
MLB-0302,Mercado Livre,Capinha realme 12 Espelhada Com Desenho TPU com Cordão Transparente,realme,realme 12,TPU com Cordão,Transparente,Novo,44.9,59.0,40,4.9,2,Capinha Express,Vendedor,PR,Maringá,True,,,230,2026-02-24
MLB-0356,Mercado Livre,Capinha Moto G54 Antichoque À Prova d'Água Camuflado - Motorola,Motorola,Moto G54,À Prova d'Água,Camuflado,Novo,15.9,27.6,40,4.6,3,Top Cel Acessórios,Vendedor,SP,São Paulo,False,6,True,19,2025-12-02
MLB-0371,Mercado Livre,Capa de Celular Redmi Note 14 Couro Couro Sintético,Xiaomi,Redmi Note 14,Couro Sintético,Vermelho,Novo,38.1,,40,4.5,2,CaseHub,Loja Oficial,AM,Manaus,True,9,True,271,2026-03-23
MLB-0569,Mercado Livre,Capa Protetora iPhone 16 Pro Max Floral Com Desenho Policarbonato Verde - Apple,Apple,iPhone 16 Pro Max,Policarbonato,Verde,Novo,79.9,100.6,40,4.4,4,Prime Cases,Vendedor,GO,Aparecida de Goiânia,False,,,264,2025-12-17
MLB-0596,Mercado Livre,Capa de Celular iPhone 13 Transparente Espelhada Couro com MagSafe Preto,Apple,iPhone 13,Couro com MagSafe,Preto,Novo,24.9,32.8,40,4.6,1,Case Store Brasil,Vendedor,SP,Guarulhos,True,6,True,6,2025-10-30
MLB-0028,Mercado Livre,Case Galaxy A15 Antichoque Policarbonato,Samsung,Galaxy A15,Policarbonato,Preto,Novo,34.9,,39,4.7,1,Acessórios Prime,Vendedor,RJ,Campos dos Goytacazes,True,12,False,292,2026-05-10
MLB-0078,Mercado Livre,Capa Protetora Moto G85 Floral Glitter Couro com MagSafe - Motorola,Motorola,Moto G85,Couro com MagSafe,Roxo,Novo,80.4,128.2,39,4.0,1,Case Mania,Vendedor,SP,Osasco,False,,,74,2025-08-20
MLB-0312,Mercado Livre,Capa Protetora Poco X6 Fosca Silicone - Xiaomi,Xiaomi,Poco X6,Silicone,Verde,Novo,64.9,83.6,39,5.0,1,iCases Store,MercadoLíder,DF,Brasília,False,,,248,2026-04-04
MLB-0472,Mercado Livre,Capa de Celular realme 11 Floral Geométrica Acrílico Cristal Roxo,realme,realme 11,Acrílico Cristal,Roxo,Novo,36.3,52.9,39,4.2,4,Importados BR,Vendedor,SP,São Bernardo do Campo,False,6,True,53,2026-08-18
MLB-0558,Mercado Livre,Case Galaxy S24 Colorida Antichoque TPU,Samsung,Galaxy S24,TPU,Transparente,Novo,11.9,,39,4.9,2,Mega Cases Shop,Vendedor,MG,Belo Horizonte,True,,,85,2025-07-17
MLB-0050,Mercado Livre,Case Moto G24 Antichoque Capa com Suporte,Motorola,Moto G24,Capa com Suporte,Vermelho,Novo,30.5,,38,4.9,4,Digital Case BR,Vendedor,MA,São Luís,True,9,True,71,2026-04-04
MLB-0156,Mercado Livre,Case Galaxy S24 Antichoque Silicone,Samsung,Galaxy S24,Silicone,Laranja,Novo,17.2,28.1,38,4.8,1,Case Mania,MercadoLíder,SP,São Paulo,True,9,True,50,2025-10-12
MLB-0361,Mercado Livre,Capa de Celular Galaxy A35 Camuflada Capa com Suporte,Samsung,Galaxy A35,Capa com Suporte,Rosa,Novo,34.9,53.6,38,4.6,3,Max Acessórios,MercadoLíder,RJ,Duque de Caxias,False,9,False,67,2025-12-10
MLB-0383,Mercado Livre,Capa Protetora realme 12 Antichoque Silicone com MagSafe Verde,realme,realme 12,Silicone com MagSafe,Verde,Novo,22.9,,38,4.8,3,Mega Cases Shop,Vendedor,SP,Campinas,True,,,171,2026-07-02
MLB-0476,Mercado Livre,Capa Protetora Poco X6 Pro Lisa Espelhada Silicone com Anel - Xiaomi,Xiaomi,Poco X6 Pro,Silicone com Anel,Transparente,Novo,31.4,50.4,38,4.3,2,CaseHub,MercadoLíder,MG,Belo Horizonte,True,12,True,7,2026-04-11
MLB-0478,Mercado Livre,Case Moto G85 Antichoque Camuflada TPU com Cordão - Motorola,Motorola,Moto G85,TPU com Cordão,Dourado,Novo,31.4,,38,4.2,3,Brasil Case Center,Vendedor,RS,Canoas,False,3,True,13,2026-07-15
MLB-0562,Mercado Livre,Capinha iPhone 16 Espelhada Fosca TPU com Cordão Roxo,Apple,iPhone 16,TPU com Cordão,Roxo,Novo,15.9,20.6,37,4.5,2,Capinha Express,MercadoLíder,SP,Osasco,False,,,179,2025-12-05
MLB-0601,Mercado Livre,Capinha iPhone 13 Ultra Fino TPU - Apple,Apple,iPhone 13,TPU,Roxo,Novo,18.3,,37,4.4,1,Prime Cases,Vendedor,SP,Osasco,True,6,True,283,2026-05-06
MLB-0119,Mercado Livre,Case Galaxy S23 Geométrica TPU com Cordão,Samsung,Galaxy S23,TPU com Cordão,Camuflado,Novo,18.7,,36,4.6,1,iCases Store,Vendedor,SP,Campinas,False,,,172,2026-08-10
MLB-0193,Mercado Livre,Capa Protetora Moto Edge 50 Anti-Risco Antichoque Couro Sintético - Motorola,Motorola,Moto Edge 50,Couro Sintético,Prata,Novo,21.9,,36,4.2,1,iCases Store,Vendedor,RJ,Duque de Caxias,True,6,True,300,2025-11-04
MLB-0214,Mercado Livre,Case Xiaomi 14 TPU Transparente TPU com Cordão Prata,Xiaomi,Xiaomi 14,TPU com Cordão,Prata,Novo,18.9,26.2,36,4.8,3,Acessórios Prime,Vendedor,MG,Juiz de Fora,True,12,False,120,2025-09-06
MLB-0315,Mercado Livre,Capinha iPhone 14 MagSafe Couro com MagSafe,Apple,iPhone 14,Couro com MagSafe,Verde,Novo,60.5,,36,4.3,4,iCases Store,Vendedor,SP,São Paulo,False,3,True,250,2025-10-11
MLB-0340,Mercado Livre,Capinha Moto Edge 50 Lisa Silicone com Anel,Motorola,Moto Edge 50,Silicone com Anel,Azul,Novo,12.9,22.9,36,4.6,3,Digital Case BR,MercadoLíder,SP,Campinas,False,,,44,2026-01-21
MLB-0349,Mercado Livre,Capinha realme Note 50 Ultra Fino Transparente Acrílico Cristal - realme,realme,realme Note 50,Acrílico Cristal,Roxo,Novo,49.9,66.4,36,4.9,0,Case Store Brasil,MercadoLíder,RJ,Niterói,False,,,296,2025-11-13
MLB-0035,Mercado Livre,Case iPhone 13 Camuflada Silicone com Anel Transparente - Apple,Apple,iPhone 13,Silicone com Anel,Transparente,Novo,14.9,19.2,35,4.3,1,Prime Cases,Vendedor,RJ,Duque de Caxias,True,,,266,2026-02-21
MLB-0130,Mercado Livre,Capa de Celular Galaxy A16 Ultra Fino Policarbonato Cinza - Samsung,Samsung,Galaxy A16,Policarbonato,Cinza,Novo,89.9,109.2,35,4.7,3,Acessórios Prime,Vendedor,MG,Belo Horizonte,False,3,True,295,2025-10-27
MLB-0158,Mercado Livre,Capinha Redmi Note 12 Premium Fosca Couro Sintético Preto - Xiaomi,Xiaomi,Redmi Note 12,Couro Sintético,Preto,Novo,15.9,19.4,35,4.7,1,Acessórios Prime,Loja Oficial,SP,São Paulo,False,3,True,101,2026-05-04
MLB-0188,Mercado Livre,Capinha Moto Edge 50 Lisa Floral Couro com MagSafe Preto - Motorola,Motorola,Moto Edge 50,Couro com MagSafe,Preto,Novo,15.9,23.3,35,4.4,3,Importados BR,Loja Oficial,SP,Guarulhos,True,,,104,2025-11-14
MLB-0523,Mercado Livre,Capa Protetora iPhone 16 Pro Max Transparente Pelúcia Transparente - Apple,Apple,iPhone 16 Pro Max,Pelúcia,Transparente,Novo,40.8,,35,4.4,1,Top Cel Acessórios,Loja Oficial,RS,Pelotas,False,9,False,253,2026-03-11
MLB-0236,Mercado Livre,Capa de Celular Redmi Note 14 Antichoque Pelúcia - Xiaomi,Xiaomi,Redmi Note 14,Pelúcia,Marrom,Novo,55.0,84.0,34,5.0,0,Max Acessórios,MercadoLíder,SP,São Paulo,True,,,205,2025-12-06
MLB-0291,Mercado Livre,Capinha Xiaomi 14 Geométrica Capa com Suporte Prata - Xiaomi,Xiaomi,Xiaomi 14,Capa com Suporte,Prata,Novo,24.9,44.6,34,4.6,3,Top Cel Acessórios,Vendedor,SP,Osasco,False,6,False,53,2025-09-23
MLB-0404,Mercado Livre,Case Moto G54 Com Desenho Silicone,Motorola,Moto G54,Silicone,Camuflado,Novo,15.9,27.4,34,3.7,3,Case Mania,MercadoLíder,AM,Parintins,False,6,True,0,2026-01-20
MLB-0055,Mercado Livre,Capinha realme Note 50 À Prova d'Água Camuflada À Prova d'Água - realme,realme,realme Note 50,À Prova d'Água,Rosa,Novo,54.9,81.6,33,4.1,0,Case Store Brasil,Loja Oficial,SC,Joinville,True,,,195,2025-10-26
MLB-0387,Mercado Livre,Capa Protetora Redmi Note 13 Antichoque Fosca À Prova d'Água,Xiaomi,Redmi Note 13,À Prova d'Água,Roxo,Novo,15.9,25.8,33,4.7,2,Prime Cases,Vendedor,PR,Curitiba,False,3,False,99,2026-07-25
MLB-0449,Mercado Livre,Capa de Celular realme 11 Antichoque TPU Roxo - realme,realme,realme 11,TPU,Roxo,Novo,20.4,34.6,33,3.9,2,Importados BR,MercadoLíder,ES,Serra,True,6,True,137,2026-05-08
MLB-0489,Mercado Livre,Capa de Celular Redmi 13C Geométrica Colorida À Prova d'Água - Xiaomi,Xiaomi,Redmi 13C,À Prova d'Água,Amarelo,Novo,80.0,,33,4.2,3,Case Store Brasil,MercadoLíder,MG,Juiz de Fora,True,12,False,96,2026-06-10
MLB-0085,Mercado Livre,Capa Protetora realme C53 Anti-Risco Geométrica Silicone com Anel - realme,realme,realme C53,Silicone com Anel,Rosa,Novo,15.9,,32,4.8,1,Case Mania,Vendedor,RJ,Duque de Caxias,True,9,True,82,2026-01-02
MLB-0530,Mercado Livre,Capa Protetora Galaxy S25 Antichoque Policarbonato - Samsung,Samsung,Galaxy S25,Policarbonato,Dourado,Novo,31.1,,32,4.6,3,TecnoCases,Vendedor,PR,Curitiba,False,12,True,0,2026-04-27
MLB-0546,Mercado Livre,Case realme 12 Geométrica À Prova d'Água Laranja,realme,realme 12,À Prova d'Água,Laranja,Novo,52.7,,32,4.2,1,Prime Cases,Vendedor,SC,Chapecó,False,9,True,171,2025-09-29
MLB-0584,Mercado Livre,Case Galaxy A35 Transparente TPU Laranja - Samsung,Samsung,Galaxy A35,TPU,Laranja,Novo,16.6,28.5,32,4.4,1,Digital Case BR,MercadoLíder,RJ,Rio de Janeiro,False,3,False,153,2026-07-22
MLB-0587,Mercado Livre,Capinha iPhone 15 Lisa Com Desenho Acrílico Cristal Transparente - Apple,Apple,iPhone 15,Acrílico Cristal,Transparente,Novo,22.9,36.5,32,4.7,2,Prime Cases,Vendedor,MG,Juiz de Fora,False,3,True,230,2026-03-18
MLB-0588,Mercado Livre,Case Poco X6 PC Colorida Policarbonato Branco - Xiaomi,Xiaomi,Poco X6,Policarbonato,Branco,Novo,27.9,,32,4.5,0,Max Acessórios,MercadoLíder,SP,Osasco,False,12,False,202,2026-08-08
MLB-0600,Mercado Livre,Capinha iPhone 15 Espelhada Capa com Suporte,Apple,iPhone 15,Capa com Suporte,Branco,Novo,34.9,47.9,32,4.4,2,TecnoCases,Vendedor,PR,Curitiba,True,12,True,260,2026-05-01
MLB-0144,Mercado Livre,Capa Protetora Poco X6 Anti-Risco Com Desenho Couro Sintético Vermelho - Xiaomi,Xiaomi,Poco X6,Couro Sintético,Vermelho,Novo,60.5,75.8,31,3.7,1,CaseHub,Vendedor,PE,Olinda,False,,,159,2026-02-08
MLB-0043,Mercado Livre,Capa Protetora realme 11 Antichoque Pelúcia - realme,realme,realme 11,Pelúcia,Transparente,Novo,59.9,,30,4.9,1,CaseHub,MercadoLíder,SP,São Paulo,False,6,False,118,2026-08-17
MLB-0264,Mercado Livre,Capa Protetora realme 12 Ultra Fino TPU - realme,realme,realme 12,TPU,Amarelo,Novo,18.1,26.4,30,4.2,2,Prime Cases,Vendedor,PR,Maringá,True,,,183,2025-09-07
MLB-0433,Mercado Livre,Capinha iPhone 16 Pro Max Lisa À Prova d'Água Laranja - Apple,Apple,iPhone 16 Pro Max,À Prova d'Água,Laranja,Novo,83.5,118.7,30,4.7,3,Acessórios Prime,Vendedor,SP,Guarulhos,True,9,True,177,2025-10-12
MLB-0484,Mercado Livre,Capinha Galaxy S23 Geométrica TPU Cinza - Samsung,Samsung,Galaxy S23,TPU,Cinza,Novo,17.9,29.1,30,4.5,3,Max Acessórios,MercadoLíder,SC,Blumenau,True,3,True,85,2026-07-30
MLB-0612,Mercado Livre,Capa Protetora iPhone 14 Colorida Espelhada TPU com Cordão Preto,Apple,iPhone 14,TPU com Cordão,Preto,Novo,22.9,,30,4.4,2,Mega Cases Shop,Vendedor,SP,São Paulo,False,6,True,116,2026-06-08
MLB-0065,Mercado Livre,Capa Protetora Poco X6 Ultra Fino Fosca Acrílico Cristal,Xiaomi,Poco X6,Acrílico Cristal,Vermelho,Novo,15.9,,29,5.0,0,Case Store Brasil,Vendedor,SP,Osasco,True,9,True,239,2025-12-30
MLB-0105,Mercado Livre,Capa Protetora iPhone 16 Pro Max Antichoque Silicone com Anel Amarelo - Apple,Apple,iPhone 16 Pro Max,Silicone com Anel,Amarelo,Novo,16.9,21.6,29,4.5,2,Top Cel Acessórios,Vendedor,RJ,Campos dos Goytacazes,False,,,120,2025-10-13
MLB-0527,Mercado Livre,Capa Protetora Redmi Note 13 Colorida Antichoque Capa com Suporte Transparente - Xiaomi,Xiaomi,Redmi Note 13,Capa com Suporte,Transparente,Novo,26.9,,29,4.3,2,Mega Cases Shop,Vendedor,DF,Taguatinga,True,9,False,212,2026-07-04
MLB-0563,Mercado Livre,Case realme 11 Texturizada Capa com Suporte,realme,realme 11,Capa com Suporte,Preto,Novo,29.8,43.2,29,5.0,2,TecnoCases,Vendedor,RS,Caxias do Sul,False,12,True,273,2025-11-09
MLB-0580,Mercado Livre,Capa de Celular iPhone 13 Camuflada TPU Dourado,Apple,iPhone 13,TPU,Dourado,Novo,79.9,141.9,29,5.0,2,Acessórios Prime,Vendedor,SC,Joinville,True,12,True,97,2026-07-15
MLB-0609,Mercado Livre,Case Redmi Note 14 Antichoque Geométrica Capa com Suporte Marrom,Xiaomi,Redmi Note 14,Capa com Suporte,Marrom,Novo,36.9,44.8,29,4.2,0,Prime Cases,Vendedor,RS,Canoas,True,,,191,2026-03-16
MLB-0104,Mercado Livre,Capa Protetora realme 12 TPU Antichoque TPU Transparente,realme,realme 12,TPU,Transparente,Novo,9.9,17.1,28,5.0,1,Capinha Express,Vendedor,BA,Feira de Santana,False,,,289,2025-11-05
MLB-0143,Mercado Livre,Capa de Celular realme C53 Fofinha Pelúcia Rosa - realme,realme,realme C53,Pelúcia,Rosa,Novo,55.4,,28,4.4,3,Digital Case BR,MercadoLíder,RJ,Niterói,True,,,210,2026-04-21
MLB-0578,Mercado Livre,Capinha iPhone 16 Lisa Texturizada TPU com Cordão Azul - Apple,Apple,iPhone 16,TPU com Cordão,Azul,Novo,89.9,,28,4.7,1,Prime Cases,MercadoLíder,RS,Caxias do Sul,False,3,True,263,2026-07-17
MLB-0084,Mercado Livre,Capa Protetora Moto Edge 50 Espelhada Ultra Fino Silicone Cinza,Motorola,Moto Edge 50,Silicone,Cinza,Novo,19.7,,27,4.4,1,TecnoCases,MercadoLíder,SP,Guarulhos,False,,,240,2025-12-27
MLB-0126,Mercado Livre,Capa de Celular Moto G84 MagSafe Floral Silicone com MagSafe Amarelo - Motorola,Motorola,Moto G84,Silicone com MagSafe,Amarelo,Novo,66.1,81.8,27,4.5,0,TecnoCases,Vendedor,RJ,Niterói,False,,,43,2026-07-03
MLB-0108,Mercado Livre,Capa de Celular Galaxy A15 Policarbonato Capa com Suporte Verde - Samsung,Samsung,Galaxy A15,Capa com Suporte,Verde,Novo,47.8,,26,4.7,0,Top Cel Acessórios,MercadoLíder,GO,Aparecida de Goiânia,True,12,True,258,2025-11-21
MLB-0250,Mercado Livre,Capa de Celular Redmi 13C Camuflada Couro com MagSafe - Xiaomi,Xiaomi,Redmi 13C,Couro com MagSafe,Verde,Novo,89.9,108.7,26,3.7,1,Mega Cases Shop,MercadoLíder,SP,São Paulo,True,3,True,53,2025-07-19
MLB-0289,Mercado Livre,Capa Protetora Galaxy S23 Fosca TPU - Samsung,Samsung,Galaxy S23,TPU,Vermelho,Novo,59.9,77.6,26,4.2,2,TecnoCases,MercadoLíder,RS,Caxias do Sul,False,3,False,64,2025-09-03
MLB-0432,Mercado Livre,Capa de Celular Redmi Note 12 Geométrica Antichoque Silicone com Anel Camuflado - Xiaomi,Xiaomi,Redmi Note 12,Silicone com Anel,Camuflado,Novo,38.2,,26,5.0,3,Importados BR,Vendedor,SP,Osasco,True,9,True,205,2026-05-28
MLB-0470,Mercado Livre,Capinha iPhone 15 Com Desenho Geométrica Couro com MagSafe,Apple,iPhone 15,Couro com MagSafe,Transparente,Novo,26.9,45.0,26,4.2,1,Prime Cases,MercadoLíder,ES,Serra,False,3,False,86,2025-09-13
MLB-0513,Mercado Livre,Capa de Celular Galaxy M35 Antichoque Glitter Silicone com Anel - Samsung,Samsung,Galaxy M35,Silicone com Anel,Dourado,Novo,25.5,,26,4.5,1,Case Mania,Vendedor,DF,Ceilândia,False,12,True,229,2025-11-21
MLB-0544,Mercado Livre,Capinha Redmi 13C Colorida Pelúcia Roxo - Xiaomi,Xiaomi,Redmi 13C,Pelúcia,Roxo,Novo,31.4,,26,5.0,2,Brasil Case Center,MercadoLíder,MG,Contagem,True,3,True,176,2025-08-01
MLB-0577,Mercado Livre,Capa de Celular realme 12 Lisa À Prova d'Água Rosa - realme,realme,realme 12,À Prova d'Água,Rosa,Novo,70.9,89.5,26,4.5,0,Acessórios Prime,Vendedor,ES,Vitória,False,6,True,299,2025-11-06
MLB-0077,Mercado Livre,Case iPhone 12 Fosca TPU Transparente - Apple,Apple,iPhone 12,TPU,Transparente,Novo,9.9,,25,4.8,2,Prime Cases,Vendedor,SP,Guarulhos,True,,,88,2026-08-10
MLB-0137,Mercado Livre,Capa Protetora iPhone 16 Pro Max Anti-Risco Policarbonato Dourado - Apple,Apple,iPhone 16 Pro Max,Policarbonato,Dourado,Novo,32.9,,25,4.6,1,CaseHub,Vendedor,MG,Contagem,False,,,235,2026-02-15
MLB-0146,Mercado Livre,Capa Protetora Redmi Note 13 Colorida TPU com Cordão Laranja - Xiaomi,Xiaomi,Redmi Note 13,TPU com Cordão,Laranja,Novo,29.0,44.6,25,4.3,0,CelShop Brasil,MercadoLíder,PR,Londrina,True,,,163,2025-12-18
MLB-0190,Mercado Livre,Capa de Celular realme 11 Antichoque Glitter Couro com MagSafe - realme,realme,realme 11,Couro com MagSafe,Dourado,Novo,68.5,,25,4.6,1,Digital Case BR,Vendedor,RJ,Niterói,True,,,75,2025-08-06
MLB-0206,Mercado Livre,Capinha iPhone 16 Pro Max Geométrica Acrílico Cristal Laranja,Apple,iPhone 16 Pro Max,Acrílico Cristal,Laranja,Novo,25.6,43.8,25,4.6,0,CelShop Brasil,Loja Oficial,PR,Londrina,False,9,False,255,2025-08-11
MLB-0225,Mercado Livre,Case Galaxy A16 Colorida Camuflada TPU com Cordão,Samsung,Galaxy A16,TPU com Cordão,Camuflado,Novo,28.1,,25,4.7,1,Brasil Case Center,Vendedor,DF,Taguatinga,True,9,False,23,2026-05-24
MLB-0290,Mercado Livre,Capa Protetora Moto G84 Colorida Capa com Suporte Prata - Motorola,Motorola,Moto G84,Capa com Suporte,Prata,Novo,39.3,,25,5.0,1,CaseHub,Vendedor,CE,Juazeiro do Norte,True,12,False,240,2026-04-17
MLB-0309,Mercado Livre,Capinha Moto G24 Com Desenho Transparente Acrílico Cristal Prata - Motorola,Motorola,Moto G24,Acrílico Cristal,Prata,Novo,38.6,47.6,25,4.5,0,Digital Case BR,Vendedor,PE,Petrolina,True,12,False,0,2025-12-30
MLB-0366,Mercado Livre,Capinha iPhone 13 Espelhada Com Desenho TPU - Apple,Apple,iPhone 13,TPU,Cinza,Novo,59.9,95.5,25,4.7,2,Top Cel Acessórios,Vendedor,MA,São Luís,True,3,True,191,2025-12-18
MLB-0403,Mercado Livre,Capa Protetora realme 12 Anti-Risco Ultra Fino Silicone Transparente - realme,realme,realme 12,Silicone,Transparente,Novo,23.9,,25,4.1,1,Importados BR,Vendedor,RS,Pelotas,False,3,False,51,2025-09-16
MLB-0518,Mercado Livre,Case Galaxy M35 Floral À Prova d'Água - Samsung,Samsung,Galaxy M35,À Prova d'Água,Prata,Novo,94.0,,25,4.7,1,Brasil Case Center,Vendedor,SP,São Paulo,True,,,12,2026-07-04
MLB-0096,Mercado Livre,Capinha Galaxy A16 Antichoque Silicone Silicone Laranja - Samsung,Samsung,Galaxy A16,Silicone,Laranja,Novo,27.9,,24,4.2,2,TecnoCases,Loja Oficial,RS,Pelotas,True,6,True,203,2026-07-20
MLB-0098,Mercado Livre,Case Redmi 13C Geométrica À Prova d'Água Laranja - Xiaomi,Xiaomi,Redmi 13C,À Prova d'Água,Laranja,Novo,83.4,115.9,24,5.0,1,CaseHub,MercadoLíder,MG,Belo Horizonte,True,,,247,2025-08-02
MLB-0121,Mercado Livre,Capinha iPhone 14 Fosca Fosca Silicone - Apple,Apple,iPhone 14,Silicone,Roxo,Novo,37.9,,24,4.7,1,Acessórios Prime,Vendedor,MG,Contagem,True,,,201,2025-10-08
MLB-0409,Mercado Livre,Capinha Galaxy S25 Ultra Fino Geométrica Couro Sintético Laranja,Samsung,Galaxy S25,Couro Sintético,Laranja,Novo,19.9,28.5,24,4.5,2,TecnoCases,Loja Oficial,RJ,Campos dos Goytacazes,True,3,True,149,2026-08-03
MLB-0454,Mercado Livre,Capa Protetora Galaxy A56 Transparente Couro com MagSafe Branco - Samsung,Samsung,Galaxy A56,Couro com MagSafe,Branco,Novo,65.1,,24,4.7,0,CelShop Brasil,Vendedor,MG,Belo Horizonte,False,,,132,2026-03-25
MLB-0033,Mercado Livre,Case Moto G24 Lisa Couro Sintético - Motorola,Motorola,Moto G24,Couro Sintético,Cinza,Novo,36.8,47.5,23,4.3,1,Case Mania,Vendedor,PR,Maringá,True,,,24,2026-03-07
MLB-0090,Mercado Livre,Capa Protetora Redmi Note 13 Cristal Acrílico Cristal - Xiaomi,Xiaomi,Redmi Note 13,Acrílico Cristal,Transparente,Novo,17.9,27.7,23,4.3,1,Acessórios Prime,MercadoLíder,SP,São Bernardo do Campo,True,,,165,2025-08-30
MLB-0116,Mercado Livre,Capa Protetora iPhone 16 Pro Max Ultra Fino Com Desenho Silicone com MagSafe Dourado - Apple,Apple,iPhone 16 Pro Max,Silicone com MagSafe,Dourado,Novo,71.3,,23,4.1,1,Top Cel Acessórios,Loja Oficial,CE,Sobral,True,6,True,190,2026-02-25
MLB-0508,Mercado Livre,Capinha Xiaomi 14 Ultra Fino Colorida TPU com Cordão Cinza - Xiaomi,Xiaomi,Xiaomi 14,TPU com Cordão,Cinza,Novo,28.7,42.1,23,4.4,2,Digital Case BR,MercadoLíder,BA,Vitória da Conquista,True,9,False,250,2025-10-01
MLB-0011,Mercado Livre,Case Galaxy A55 Cristal Glitter Acrílico Cristal Transparente - Samsung,Samsung,Galaxy A55,Acrílico Cristal,Transparente,Novo,41.5,61.9,22,4.2,1,TecnoCases,MercadoLíder,GO,Goiânia,False,9,False,262,2026-04-16
MLB-0024,Mercado Livre,Capinha Moto G85 Camuflada À Prova d'Água Prata - Motorola,Motorola,Moto G85,À Prova d'Água,Prata,Novo,37.9,,22,4.6,1,CelShop Brasil,Vendedor,PR,Maringá,True,6,False,132,2026-02-05
MLB-0148,Mercado Livre,Capa Protetora realme C53 Texturizada TPU - realme,realme,realme C53,TPU,Marrom,Novo,9.9,14.1,22,3.8,1,Mega Cases Shop,Vendedor,BA,Salvador,True,6,False,237,2026-01-09
MLB-0160,Mercado Livre,Capa de Celular Galaxy M35 Floral Antichoque Policarbonato Verde - Samsung,Samsung,Galaxy M35,Policarbonato,Verde,Novo,27.6,,22,4.4,1,iCases Store,Vendedor,SP,São Paulo,False,6,True,220,2025-09-27
MLB-0165,Mercado Livre,Capa de Celular realme 11 Com Desenho Ultra Fino Acrílico Cristal Marrom - realme,realme,realme 11,Acrílico Cristal,Marrom,Novo,33.6,47.0,22,4.9,1,Case Mania,Vendedor,SP,São Paulo,True,3,True,121,2026-06-25
MLB-0294,Mercado Livre,Capa de Celular Moto G85 Camuflada Floral Acrílico Cristal - Motorola,Motorola,Moto G85,Acrílico Cristal,Amarelo,Novo,37.8,63.8,22,4.3,1,Top Cel Acessórios,Loja Oficial,DF,Ceilândia,True,9,True,229,2025-08-19
MLB-0295,Mercado Livre,Capa de Celular iPhone 16 Pro Max Geométrica Com Desenho Couro Sintético Azul - Apple,Apple,iPhone 16 Pro Max,Couro Sintético,Azul,Novo,32.9,,22,4.5,2,Brasil Case Center,Vendedor,PE,Caruaru,True,12,True,136,2025-09-18
MLB-0515,Mercado Livre,Capa Protetora Poco X6 Espelhada Lisa TPU Laranja,Xiaomi,Poco X6,TPU,Laranja,Novo,11.4,19.8,22,4.6,1,Capinha Express,MercadoLíder,GO,Goiânia,True,6,False,53,2025-07-29
MLB-0597,Mercado Livre,Capa de Celular Galaxy S25 Ultra Antichoque Ultra Fino Capa com Suporte - Samsung,Samsung,Galaxy S25 Ultra,Capa com Suporte,Verde,Novo,17.9,22.8,22,4.7,2,Case Store Brasil,Vendedor,PR,Maringá,True,6,True,195,2026-04-30
MLB-0129,Mercado Livre,Capinha Moto G85 Colorida Pelúcia - Motorola,Motorola,Moto G85,Pelúcia,Cinza,Novo,55.7,85.3,21,4.8,2,Case Store Brasil,MercadoLíder,SP,Guarulhos,False,3,False,142,2025-07-31
MLB-0281,Mercado Livre,Capinha iPhone 16 Pro Max Cristal Acrílico Cristal - Apple,Apple,iPhone 16 Pro Max,Acrílico Cristal,Preto,Novo,47.0,,21,4.5,0,CelShop Brasil,Loja Oficial,CE,Juazeiro do Norte,False,6,True,115,2025-11-15
MLB-0441,Mercado Livre,Capinha Moto G24 Antichoque TPU com Cordão Vermelho - Motorola,Motorola,Moto G24,TPU com Cordão,Vermelho,Novo,25.8,43.9,21,4.1,2,Prime Cases,MercadoLíder,DF,Ceilândia,True,6,True,248,2025-09-27
MLB-0023,Mercado Livre,Capinha Moto G84 Silicone Silicone - Motorola,Motorola,Moto G84,Silicone,Rosa,Novo,9.9,15.0,20,5.0,2,Case Store Brasil,Loja Oficial,RJ,Rio de Janeiro,True,12,True,251,2026-03-23
MLB-0029,Mercado Livre,Capinha Galaxy S25 Ultra Colorida Silicone com MagSafe - Samsung,Samsung,Galaxy S25 Ultra,Silicone com MagSafe,Azul,Novo,71.9,125.8,20,4.4,1,Case Mania,Vendedor,AM,Manaus,False,9,True,62,2025-11-14
MLB-0056,Mercado Livre,Capa de Celular realme 11 Ultra Fino Acrílico Cristal Preto,realme,realme 11,Acrílico Cristal,Preto,Novo,27.9,44.3,20,4.3,2,Mega Cases Shop,Vendedor,AM,Parintins,True,3,False,48,2025-09-19
MLB-0081,Mercado Livre,Case iPhone 14 Espelhada Lisa TPU com Cordão Azul - Apple,Apple,iPhone 14,TPU com Cordão,Azul,Novo,14.9,22.3,20,4.3,1,iCases Store,Vendedor,PR,Londrina,True,,,84,2026-04-12
MLB-0192,Mercado Livre,Capinha Moto Edge 50 Antichoque Glitter Capa com Suporte,Motorola,Moto Edge 50,Capa com Suporte,Dourado,Novo,34.5,,20,4.4,1,Mega Cases Shop,MercadoLíder,SC,Blumenau,False,3,True,157,2025-11-09
MLB-0282,Mercado Livre,Capa Protetora Xiaomi 14 Silicone Silicone com Anel Amarelo - Xiaomi,Xiaomi,Xiaomi 14,Silicone com Anel,Amarelo,Novo,17.9,22.2,20,4.4,1,Case Store Brasil,Vendedor,SP,São Bernardo do Campo,True,3,False,95,2026-02-28
MLB-0367,Mercado Livre,Case Galaxy A56 Antirrisco Acrílico Cristal Laranja - Samsung,Samsung,Galaxy A56,Acrílico Cristal,Laranja,Novo,44.0,68.6,20,4.8,1,Brasil Case Center,Vendedor,SP,Campinas,True,,,17,2026-05-23
MLB-0207,Mercado Livre,Capa Protetora Galaxy S25 Texturizada Silicone com MagSafe Transparente - Samsung,Samsung,Galaxy S25,Silicone com MagSafe,Transparente,Novo,12.9,15.6,19,5.0,1,Acessórios Prime,MercadoLíder,MA,São Luís,True,3,False,176,2026-02-16
MLB-0248,Mercado Livre,Capa Protetora Galaxy M15 Antichoque Silicone com Anel - Samsung,Samsung,Galaxy M15,Silicone com Anel,Dourado,Novo,19.9,,19,4.5,0,Capinha Express,Vendedor,SP,São Bernardo do Campo,True,3,True,27,2025-11-04
MLB-0388,Mercado Livre,Capinha Galaxy S23 Lisa Glitter Couro com MagSafe,Samsung,Galaxy S23,Couro com MagSafe,Preto,Novo,64.9,80.7,19,4.5,2,CaseHub,MercadoLíder,MG,Uberlândia,True,6,False,180,2025-07-27
MLB-0481,Mercado Livre,Capa de Celular Moto G24 Fofinha Pelúcia Transparente - Motorola,Motorola,Moto G24,Pelúcia,Transparente,Novo,37.9,57.7,19,4.4,1,Brasil Case Center,Vendedor,SP,São Paulo,False,9,False,229,2025-11-09
MLB-0565,Mercado Livre,Capa Protetora Moto G24 Antichoque Transparente Silicone com Anel Roxo - Motorola,Motorola,Moto G24,Silicone com Anel,Roxo,Novo,22.9,30.8,19,4.9,0,Case Mania,Vendedor,SC,Florianópolis,True,9,True,81,2025-09-26
MLB-0604,Mercado Livre,Capa Protetora realme Note 50 Anti-Risco Silicone Rosa,realme,realme Note 50,Silicone,Rosa,Novo,16.6,,19,4.7,1,Case Mania,Vendedor,SP,São Bernardo do Campo,False,6,False,104,2025-07-21
MLB-0068,Mercado Livre,Capinha iPhone 15 Fosca Lisa Capa com Suporte - Apple,Apple,iPhone 15,Capa com Suporte,Marrom,Novo,59.9,86.5,18,4.3,0,Capinha Express,Loja Oficial,SP,São Bernardo do Campo,True,9,True,288,2026-03-12
MLB-0070,Mercado Livre,Case Poco X6 Camuflada Acrílico Cristal Laranja - Xiaomi,Xiaomi,Poco X6,Acrílico Cristal,Laranja,Novo,59.9,80.4,18,4.6,0,Case Mania,Vendedor,CE,Fortaleza,True,,,210,2026-01-03
MLB-0071,Mercado Livre,Capa de Celular Galaxy A55 Com Anel Antichoque Silicone com Anel Preto - Samsung,Samsung,Galaxy A55,Silicone com Anel,Preto,Novo,43.2,51.9,18,4.5,2,Digital Case BR,MercadoLíder,SC,Chapecó,True,,,261,2025-12-25
MLB-0110,Mercado Livre,Capinha iPhone 16 Glitter Com Desenho Couro com MagSafe - Apple,Apple,iPhone 16,Couro com MagSafe,Laranja,Novo,60.6,106.4,18,4.2,1,Top Cel Acessórios,MercadoLíder,SP,Osasco,False,,,22,2025-09-26
MLB-0172,Mercado Livre,Capa Protetora Moto G84 Transparente TPU Verde - Motorola,Motorola,Moto G84,TPU,Verde,Novo,15.1,25.7,18,4.2,0,Max Acessórios,Vendedor,SC,Joinville,False,12,False,0,2026-01-31
MLB-0216,Mercado Livre,Case Xiaomi 14 Geométrica Ultra Fino TPU Transparente,Xiaomi,Xiaomi 14,TPU,Transparente,Novo,17.9,,18,4.7,0,Acessórios Prime,MercadoLíder,RJ,Niterói,False,6,True,124,2025-08-23
MLB-0509,Mercado Livre,Capa Protetora Redmi 13C Geométrica Acrílico Cristal Vermelho - Xiaomi,Xiaomi,Redmi 13C,Acrílico Cristal,Vermelho,Novo,28.0,41.8,18,4.8,0,Acessórios Prime,Loja Oficial,RJ,Niterói,True,,,75,2026-02-12
MLB-0602,Mercado Livre,Capinha Galaxy S25 Ultra Com Desenho Pelúcia Laranja - Samsung,Samsung,Galaxy S25 Ultra,Pelúcia,Laranja,Novo,64.9,99.8,18,4.5,0,Case Mania,Vendedor,SP,Osasco,False,6,True,61,2026-05-30
MLB-0139,Mercado Livre,Capa Protetora Moto G54 TPU TPU com Cordão Laranja - Motorola,Motorola,Moto G54,TPU com Cordão,Laranja,Novo,26.7,42.8,17,4.4,1,Brasil Case Center,Vendedor,MG,Contagem,True,,,183,2026-03-16
MLB-0141,Mercado Livre,Capinha Redmi Note 12 Anti-Risco Fosca Silicone Camuflado,Xiaomi,Redmi Note 12,Silicone,Camuflado,Novo,23.3,,17,4.7,0,iCases Store,Vendedor,MG,Uberlândia,True,,,295,2025-10-27
MLB-0247,Mercado Livre,Capa de Celular Galaxy S25 Com Desenho Silicone com MagSafe - Samsung,Samsung,Galaxy S25,Silicone com MagSafe,Marrom,Novo,29.9,,17,4.7,0,Mega Cases Shop,Loja Oficial,MG,Uberlândia,True,3,True,43,2026-01-17
MLB-0258,Mercado Livre,Capa de Celular Galaxy A56 Colorida Policarbonato Vermelho - Samsung,Samsung,Galaxy A56,Policarbonato,Vermelho,Novo,79.9,139.7,17,5.0,1,Prime Cases,Vendedor,RJ,Rio de Janeiro,False,3,True,0,2025-08-09
MLB-0169,Mercado Livre,Capa de Celular Galaxy A15 Fosca Lisa Pelúcia Cinza,Samsung,Galaxy A15,Pelúcia,Cinza,Novo,44.9,,16,4.7,1,Mega Cases Shop,Vendedor,ES,Vila Velha,True,,,23,2026-05-18
MLB-0483,Mercado Livre,Capa Protetora Redmi Note 12 Floral Fosca Couro com MagSafe Rosa,Xiaomi,Redmi Note 12,Couro com MagSafe,Rosa,Novo,81.9,110.5,16,4.6,1,Mega Cases Shop,Vendedor,RS,Caxias do Sul,False,,,97,2025-08-03
MLB-0526,Mercado Livre,Case Moto Edge 50 Espelhada Couro Sintético - Motorola,Motorola,Moto Edge 50,Couro Sintético,Amarelo,Novo,59.9,78.7,16,5.0,0,Importados BR,MercadoLíder,RJ,Duque de Caxias,False,9,True,209,2025-12-08
MLB-0554,Mercado Livre,Capinha Galaxy A15 Geométrica Com Desenho Capa com Suporte - Samsung,Samsung,Galaxy A15,Capa com Suporte,Marrom,Novo,33.4,56.1,16,4.5,1,Importados BR,Vendedor,RJ,Rio de Janeiro,True,,,0,2025-10-26
MLB-0147,Mercado Livre,Capinha Moto G54 Glitter Acrílico Cristal Transparente,Motorola,Moto G54,Acrílico Cristal,Transparente,Novo,25.6,38.1,15,4.8,0,Capinha Express,Vendedor,RS,Caxias do Sul,True,3,False,101,2026-04-15
MLB-0198,Mercado Livre,Capinha iPhone 11 Texturizada Silicone - Apple,Apple,iPhone 11,Silicone,Camuflado,Novo,69.9,111.1,15,4.1,1,CelShop Brasil,Vendedor,PR,Cascavel,True,,,70,2026-08-09
MLB-0249,Mercado Livre,Capa de Celular Moto G54 Com Desenho Silicone com MagSafe Prata - Motorola,Motorola,Moto G54,Silicone com MagSafe,Prata,Novo,76.4,119.8,15,4.8,1,Max Acessórios,Loja Oficial,ES,Vitória,False,6,True,212,2026-01-03
MLB-0253,Mercado Livre,Capinha Moto G84 Transparente Floral Acrílico Cristal Branco - Motorola,Motorola,Moto G84,Acrílico Cristal,Branco,Novo,36.7,52.8,15,4.4,0,Brasil Case Center,Loja Oficial,SP,São Bernardo do Campo,False,9,True,227,2026-08-08
MLB-0049,Mercado Livre,Capa de Celular Moto Edge 50 Texturizada MagSafe Couro com MagSafe Dourado - Motorola,Motorola,Moto Edge 50,Couro com MagSafe,Dourado,Novo,49.9,78.1,14,4.6,1,iCases Store,Vendedor,DF,Brasília,True,,,36,2025-09-28
MLB-0125,Mercado Livre,Case realme Note 50 Texturizada Policarbonato Rosa - realme,realme,realme Note 50,Policarbonato,Rosa,Novo,37.0,,14,5.0,1,TecnoCases,Vendedor,BA,Vitória da Conquista,True,,,191,2025-10-03
MLB-0152,Mercado Livre,Capa Protetora Moto G85 Com Anel Silicone com Anel Laranja,Motorola,Moto G85,Silicone com Anel,Laranja,Novo,26.5,,14,4.5,1,Max Acessórios,Vendedor,SP,Osasco,True,6,True,153,2026-07-17
MLB-0337,Mercado Livre,Capinha realme 12 Antichoque TPU - realme,realme,realme 12,TPU,Camuflado,Novo,18.3,27.3,14,4.7,0,Max Acessórios,Vendedor,SP,Osasco,False,,,96,2026-01-07
MLB-0451,Mercado Livre,Capinha Galaxy A15 Fosca Silicone com Anel Roxo - Samsung,Samsung,Galaxy A15,Silicone com Anel,Roxo,Novo,44.5,77.3,14,4.9,0,Importados BR,MercadoLíder,BA,Salvador,False,6,True,83,2026-04-13
MLB-0460,Mercado Livre,Capinha iPhone 14 Cristal Texturizada Acrílico Cristal - Apple,Apple,iPhone 14,Acrílico Cristal,Preto,Novo,37.9,58.5,14,5.0,0,Importados BR,MercadoLíder,SP,Guarulhos,False,3,True,71,2026-05-31
MLB-0540,Mercado Livre,Capa de Celular iPhone 14 Espelhada Colorida Capa com Suporte,Apple,iPhone 14,Capa com Suporte,Marrom,Novo,40.7,,14,4.4,0,CaseHub,Vendedor,RJ,Niterói,False,9,True,295,2026-04-01
MLB-0112,Mercado Livre,Capinha iPhone 11 Lisa Silicone com Anel,Apple,iPhone 11,Silicone com Anel,Dourado,Novo,12.9,19.8,13,4.5,0,Case Store Brasil,MercadoLíder,SP,São Paulo,False,9,False,134,2025-07-17
MLB-0173,Mercado Livre,Capa Protetora Moto Edge 50 Couro Premium Magnética Couro com MagSafe,Motorola,Moto Edge 50,Couro com MagSafe,Laranja,Novo,88.7,113.7,13,4.4,0,Acessórios Prime,MercadoLíder,CE,Fortaleza,False,12,True,25,2026-03-24
MLB-0220,Mercado Livre,Capa de Celular Galaxy M15 Ultra Fino Acrílico Cristal Rosa - Samsung,Samsung,Galaxy M15,Acrílico Cristal,Rosa,Novo,46.8,,13,4.4,1,Mega Cases Shop,Vendedor,PR,Maringá,True,12,True,168,2026-02-03
MLB-0242,Mercado Livre,Capa Protetora Moto G54 Colorida Lisa Capa com Suporte,Motorola,Moto G54,Capa com Suporte,Azul,Novo,99.9,123.1,13,4.7,1,Acessórios Prime,MercadoLíder,MA,São Luís,True,,,263,2025-09-29
MLB-0440,Mercado Livre,Case Galaxy M35 Espelhada Silicone - Samsung,Samsung,Galaxy M35,Silicone,Verde,Novo,23.2,31.5,13,5.0,0,Digital Case BR,Vendedor,SC,Blumenau,False,,,285,2025-11-08
MLB-0488,Mercado Livre,Capinha Redmi 13C Anti-Risco Silicone com MagSafe,Xiaomi,Redmi 13C,Silicone com MagSafe,Camuflado,Novo,73.5,125.7,13,4.1,0,Max Acessórios,Loja Oficial,RJ,Campos dos Goytacazes,True,9,False,283,2026-03-16
MLB-0498,Mercado Livre,Case Redmi Note 12 Antichoque Ultra Fino Acrílico Cristal - Xiaomi,Xiaomi,Redmi Note 12,Acrílico Cristal,Cinza,Novo,28.1,50.5,13,4.6,0,Case Mania,Vendedor,SP,Osasco,True,3,True,2,2026-05-18
MLB-0524,Mercado Livre,Capa de Celular iPhone 11 Texturizada Camuflada Policarbonato Dourado - Apple,Apple,iPhone 11,Policarbonato,Dourado,Novo,24.3,,13,4.5,0,Mega Cases Shop,MercadoLíder,MG,Contagem,True,9,False,48,2026-02-02
MLB-0046,Mercado Livre,Case Moto G85 Texturizada Silicone Rosa - Motorola,Motorola,Moto G85,Silicone,Rosa,Novo,16.3,25.0,12,5.0,0,CelShop Brasil,MercadoLíder,PE,Caruaru,False,3,True,89,2026-07-21
MLB-0086,Mercado Livre,Capa de Celular Galaxy S25 Ultra Anti-Risco Camuflada TPU com Cordão Amarelo - Samsung,Samsung,Galaxy S25 Ultra,TPU com Cordão,Amarelo,Novo,18.2,,12,4.5,0,Prime Cases,Vendedor,BA,Feira de Santana,True,6,False,247,2026-02-03
MLB-0211,Mercado Livre,Case Moto Edge 50 Fosca Antichoque TPU - Motorola,Motorola,Moto Edge 50,TPU,Preto,Usado,15.9,25.9,12,4.5,1,CaseHub,Vendedor,SC,Blumenau,True,6,True,77,2026-07-08
MLB-0306,Mercado Livre,Case Poco X6 Fosca Couro com MagSafe Vermelho - Xiaomi,Xiaomi,Poco X6,Couro com MagSafe,Vermelho,Novo,71.3,103.5,12,4.4,0,Max Acessórios,Vendedor,MG,Uberlândia,False,,,119,2026-05-21
MLB-0313,Mercado Livre,Case Galaxy S25 Ultra Geométrica Couro Sintético - Samsung,Samsung,Galaxy S25 Ultra,Couro Sintético,Camuflado,Novo,63.1,84.7,12,4.7,0,Acessórios Prime,MercadoLíder,MG,Contagem,True,,,116,2025-09-30
MLB-0083,Mercado Livre,Case Moto G84 Magnética Glitter Couro com MagSafe,Motorola,Moto G84,Couro com MagSafe,Laranja,Novo,100.2,146.4,11,4.3,0,Brasil Case Center,MercadoLíder,SP,Campinas,True,,,68,2026-07-25
MLB-0181,Mercado Livre,Capinha iPhone 13 Geométrica Floral TPU Cinza,Apple,iPhone 13,TPU,Cinza,Novo,17.5,27.6,11,4.8,0,Case Mania,Loja Oficial,RS,Canoas,True,3,False,75,2026-07-22
MLB-0296,Mercado Livre,Capa Protetora Moto G54 Glitter Floral Couro com MagSafe Cinza,Motorola,Moto G54,Couro com MagSafe,Cinza,Novo,64.3,101.3,11,4.4,1,CaseHub,Vendedor,MG,Juiz de Fora,True,6,True,242,2025-11-17
MLB-0336,Mercado Livre,Case realme C53 Lisa Silicone - realme,realme,realme C53,Silicone,Rosa,Novo,15.1,20.6,11,5.0,1,Capinha Express,Vendedor,GO,Anápolis,False,,,160,2025-11-30
MLB-0341,Mercado Livre,Case realme C53 Texturizada Lisa Silicone com MagSafe - realme,realme,realme C53,Silicone com MagSafe,Branco,Novo,68.2,121.5,11,4.2,0,Case Mania,MercadoLíder,MG,Juiz de Fora,True,3,True,191,2026-07-25
MLB-0418,Mercado Livre,Capa Protetora Poco X6 Pro Fosca Antichoque TPU Verde - Xiaomi,Xiaomi,Poco X6 Pro,TPU,Verde,Novo,19.2,31.6,11,4.5,0,Case Store Brasil,Vendedor,RJ,Niterói,False,,,288,2026-01-24
MLB-0466,Mercado Livre,Case Redmi Note 12 Ultra Fino Geométrica Policarbonato,Xiaomi,Redmi Note 12,Policarbonato,Preto,Novo,34.7,,11,4.6,1,Case Mania,Vendedor,SP,São Bernardo do Campo,False,6,True,19,2026-02-22
MLB-0593,Mercado Livre,Case Moto G85 Fosca Silicone com MagSafe - Motorola,Motorola,Moto G85,Silicone com MagSafe,Dourado,Novo,54.9,94.8,11,4.0,1,Prime Cases,Vendedor,SC,Florianópolis,True,,,232,2025-11-26
MLB-0009,Mercado Livre,Capinha Moto G54 Ultra Fino Capa com Suporte - Motorola,Motorola,Moto G54,Capa com Suporte,Rosa,Novo,15.9,,10,4.3,0,CelShop Brasil,Loja Oficial,MG,Uberlândia,True,6,True,169,2026-03-19
MLB-0224,Mercado Livre,Capinha iPhone 15 Colorida TPU com Cordão - Apple,Apple,iPhone 15,TPU com Cordão,Laranja,Novo,28.2,36.6,10,4.8,0,Case Store Brasil,Vendedor,SP,Guarulhos,True,6,True,131,2025-08-14
MLB-0244,Mercado Livre,Capa Protetora Redmi Note 13 Glitter Pelúcia - Xiaomi,Xiaomi,Redmi Note 13,Pelúcia,Azul,Novo,21.9,39.0,10,4.4,0,Brasil Case Center,Loja Oficial,RJ,Niterói,False,9,False,285,2025-12-13
MLB-0297,Mercado Livre,Capinha iPhone 12 Colorida Silicone com Anel - Apple,Apple,iPhone 12,Silicone com Anel,Marrom,Novo,24.6,44.2,10,3.8,0,CaseHub,Vendedor,SP,Campinas,True,,,157,2026-06-23
MLB-0410,Mercado Livre,Capinha Moto Edge 50 Anti-Risco Camuflada Silicone - Motorola,Motorola,Moto Edge 50,Silicone,Amarelo,Novo,17.9,,10,4.5,0,iCases Store,MercadoLíder,SP,Campinas,True,6,True,221,2026-06-15
MLB-0008,Mercado Livre,Capa Protetora Moto G54 Capa Dura Policarbonato Rosa,Motorola,Moto G54,Policarbonato,Rosa,Novo,28.5,40.3,9,4.3,0,iCases Store,Loja Oficial,BA,Salvador,True,12,True,134,2025-11-07
MLB-0022,Mercado Livre,Capinha iPhone 12 Transparente TPU - Apple,Apple,iPhone 12,TPU,Branco,Novo,19.0,26.8,9,5.0,0,Capinha Express,MercadoLíder,GO,Anápolis,False,12,False,215,2025-12-11
MLB-0039,Mercado Livre,Capa Protetora Redmi 13C Colorida Transparente Pelúcia - Xiaomi,Xiaomi,Redmi 13C,Pelúcia,Transparente,Novo,89.9,131.0,9,5.0,0,Case Store Brasil,Vendedor,SP,Guarulhos,False,,,113,2026-06-11
MLB-0163,Mercado Livre,Capa Protetora realme 12 Floral Com Desenho Silicone Marrom - realme,realme,realme 12,Silicone,Marrom,Novo,17.1,,9,4.9,0,Prime Cases,Vendedor,SP,São Bernardo do Campo,True,,,222,2026-06-05
MLB-0215,Mercado Livre,Capinha Xiaomi 14 Geométrica Ultra Fino Acrílico Cristal Cinza - Xiaomi,Xiaomi,Xiaomi 14,Acrílico Cristal,Cinza,Novo,33.6,41.4,9,4.5,1,Acessórios Prime,MercadoLíder,MG,Juiz de Fora,False,,,110,2025-11-09
MLB-0316,Mercado Livre,Capa Protetora Moto Edge 50 Com Desenho Silicone com Anel Transparente - Motorola,Motorola,Moto Edge 50,Silicone com Anel,Transparente,Novo,44.9,,9,4.3,0,CaseHub,Vendedor,MG,Juiz de Fora,False,3,True,244,2026-08-15
MLB-0343,Mercado Livre,Capa Protetora Galaxy A15 Capa Dura Texturizada Policarbonato Amarelo - Samsung,Samsung,Galaxy A15,Policarbonato,Amarelo,Novo,23.1,28.1,9,4.6,0,CaseHub,Loja Oficial,MG,Uberlândia,True,3,True,188,2026-01-08
MLB-0365,Mercado Livre,Capinha realme Note 50 Fosca Pelúcia,realme,realme Note 50,Pelúcia,Verde,Novo,48.1,66.8,9,5.0,0,Case Mania,MercadoLíder,RJ,Niterói,True,6,True,246,2025-10-11
MLB-0480,Mercado Livre,Capa de Celular iPhone 14 Geométrica Pelúcia Roxo - Apple,Apple,iPhone 14,Pelúcia,Roxo,Novo,31.2,49.8,9,4.9,0,Mega Cases Shop,Vendedor,MG,Belo Horizonte,True,9,True,81,2026-06-21
MLB-0412,Mercado Livre,Capa de Celular realme 12 Camuflada Silicone com Anel - realme,realme,realme 12,Silicone com Anel,Marrom,Novo,25.5,32.8,8,4.9,0,TecnoCases,MercadoLíder,AM,Manaus,True,,,261,2025-12-20
MLB-0525,Mercado Livre,Capinha iPhone 14 Com Desenho Capa com Suporte Marrom,Apple,iPhone 14,Capa com Suporte,Marrom,Novo,29.3,43.9,8,4.4,0,Prime Cases,Vendedor,SP,São Bernardo do Campo,True,6,False,176,2026-08-16
MLB-0556,Mercado Livre,Capa Protetora Moto G84 Glitter Antichoque Couro com MagSafe,Motorola,Moto G84,Couro com MagSafe,Marrom,Novo,70.0,102.1,8,4.5,0,CaseHub,Loja Oficial,BA,Salvador,False,9,True,101,2025-12-18
MLB-0583,Mercado Livre,Case iPhone 16 Pro Max Geométrica Glitter Policarbonato - Apple,Apple,iPhone 16 Pro Max,Policarbonato,Marrom,Novo,21.9,,8,4.4,0,Case Mania,Vendedor,PR,Cascavel,False,12,False,0,2025-10-06
MLB-0585,Mercado Livre,Case Moto G24 Com Desenho Silicone com Anel Camuflado - Motorola,Motorola,Moto G24,Silicone com Anel,Camuflado,Novo,44.1,57.3,8,4.3,0,Case Store Brasil,Loja Oficial,SC,Chapecó,False,3,True,161,2025-07-14
MLB-0026,Mercado Livre,Capa de Celular iPhone 13 Texturizada Pelúcia,Apple,iPhone 13,Pelúcia,Cinza,Novo,39.3,67.4,7,4.5,0,Case Mania,MercadoLíder,SP,Campinas,False,6,True,166,2026-02-18
MLB-0032,Mercado Livre,Capa de Celular Xiaomi 14 Lisa Pelúcia Prata - Xiaomi,Xiaomi,Xiaomi 14,Pelúcia,Prata,Novo,31.4,49.4,7,4.6,0,Case Store Brasil,Loja Oficial,SP,Campinas,False,9,True,268,2026-07-08
MLB-0063,Mercado Livre,Capinha realme C53 Floral Texturizada Silicone Amarelo,realme,realme C53,Silicone,Amarelo,Novo,9.9,,7,5.0,0,Case Mania,Vendedor,BA,Vitória da Conquista,True,6,False,193,2025-08-23
MLB-0283,Mercado Livre,Capa de Celular iPhone 16 Pro Max Transparente Pelúcia - Apple,Apple,iPhone 16 Pro Max,Pelúcia,Marrom,Novo,9.9,14.2,7,4.4,0,Case Mania,MercadoLíder,RJ,Rio de Janeiro,False,6,True,0,2025-08-16
MLB-0582,Mercado Livre,Capa de Celular Moto G54 Anti-Risco Com Desenho Silicone Cinza - Motorola,Motorola,Moto G54,Silicone,Cinza,Novo,18.6,25.6,7,4.2,0,TecnoCases,Vendedor,RJ,Duque de Caxias,False,,,22,2025-12-05
MLB-0109,Mercado Livre,Capa Protetora iPhone 13 Com Desenho À Prova d'Água Cinza,Apple,iPhone 13,À Prova d'Água,Cinza,Novo,54.5,65.6,6,3.9,0,Max Acessórios,MercadoLíder,SC,Florianópolis,False,12,False,177,2025-09-18
MLB-0210,Mercado Livre,Capinha iPhone 13 Pelúcia Lisa Pelúcia Marrom,Apple,iPhone 13,Pelúcia,Marrom,Novo,30.6,47.8,6,4.5,0,Capinha Express,Vendedor,SP,Osasco,False,,,19,2025-11-26
MLB-0233,Mercado Livre,Capinha Galaxy S23 Ultra Fino À Prova d'Água Marrom - Samsung,Samsung,Galaxy S23,À Prova d'Água,Marrom,Novo,9.9,17.6,6,4.2,0,Case Store Brasil,MercadoLíder,PR,Maringá,True,,,68,2025-09-04
MLB-0299,Mercado Livre,Capinha iPhone 16 Pro Max Glitter Silicone com Anel - Apple,Apple,iPhone 16 Pro Max,Silicone com Anel,Camuflado,Novo,9.9,,6,4.8,0,Capinha Express,MercadoLíder,BA,Vitória da Conquista,False,3,True,215,2026-01-11
MLB-0359,Mercado Livre,Capinha Galaxy M15 Glitter Silicone - Samsung,Samsung,Galaxy M15,Silicone,Roxo,Novo,23.9,38.5,6,4.5,0,Case Mania,MercadoLíder,ES,Vitória,True,,,242,2026-04-01
MLB-0036,Mercado Livre,Capa Protetora Galaxy S25 Ultra Ultra Fino Lisa À Prova d'Água Transparente - Samsung,Samsung,Galaxy S25 Ultra,À Prova d'Água,Transparente,Novo,24.9,33.3,5,4.3,0,TecnoCases,Vendedor,RS,Porto Alegre,False,9,True,219,2025-10-17
MLB-0058,Mercado Livre,Case iPhone 16 Pro Max Antichoque Silicone com MagSafe - Apple,Apple,iPhone 16 Pro Max,Silicone com MagSafe,Vermelho,Novo,44.6,70.9,5,4.5,0,Case Mania,Vendedor,SC,Blumenau,True,,,85,2026-01-09
MLB-0092,Mercado Livre,Capinha realme Note 50 Anti-Risco Espelhada Acrílico Cristal - realme,realme,realme Note 50,Acrílico Cristal,Preto,Novo,22.9,,5,4.8,0,Digital Case BR,Loja Oficial,SP,São Bernardo do Campo,True,3,False,176,2025-11-26
MLB-0095,Mercado Livre,Capinha Redmi 13C Colorida Camuflada TPU com Cordão,Xiaomi,Redmi 13C,TPU com Cordão,Azul,Novo,26.6,43.1,5,4.8,0,CelShop Brasil,Vendedor,SP,São Paulo,True,,,163,2026-03-14
MLB-0332,Mercado Livre,Capa Protetora Moto G85 Antichoque Com Desenho TPU com Cordão Prata,Motorola,Moto G85,TPU com Cordão,Prata,Novo,29.4,,5,4.6,0,iCases Store,Vendedor,SP,Guarulhos,False,6,True,267,2025-07-31
MLB-0534,Mercado Livre,Case Galaxy A55 Colorida Glitter Policarbonato Dourado,Samsung,Galaxy A55,Policarbonato,Dourado,Novo,39.2,,5,4.2,0,Case Mania,Vendedor,SP,Osasco,True,6,True,257,2025-10-12
MLB-0570,Mercado Livre,Capinha realme 12 MagSafe Lisa Silicone com MagSafe - realme,realme,realme 12,Silicone com MagSafe,Vermelho,Novo,59.2,,5,4.5,0,Top Cel Acessórios,Loja Oficial,SC,Chapecó,True,,,272,2026-02-15
MLB-0100,Mercado Livre,Capinha iPhone 12 Transparente Glitter Silicone com MagSafe Roxo,Apple,iPhone 12,Silicone com MagSafe,Roxo,Novo,46.8,71.6,4,4.4,0,Max Acessórios,MercadoLíder,DF,Ceilândia,True,,,138,2026-03-26
MLB-0293,Mercado Livre,Capinha Redmi Note 12 Espelhada Policarbonato Prata - Xiaomi,Xiaomi,Redmi Note 12,Policarbonato,Prata,Novo,35.4,49.9,4,5.0,0,Importados BR,Vendedor,RJ,Rio de Janeiro,True,12,False,265,2026-07-18
MLB-0372,Mercado Livre,Capa de Celular Moto G54 Transparente Colorida Silicone com MagSafe,Motorola,Moto G54,Silicone com MagSafe,Cinza,Novo,19.9,33.2,4,4.8,0,iCases Store,Vendedor,PE,Olinda,True,6,False,26,2025-11-20
MLB-0543,Mercado Livre,Case Moto G54 Ultra Fino Espelhada À Prova d'Água - Motorola,Motorola,Moto G54,À Prova d'Água,Transparente,Novo,83.8,126.0,4,5.0,0,iCases Store,Vendedor,SC,Chapecó,False,3,True,32,2025-08-05
MLB-0589,Mercado Livre,Capinha Galaxy A55 Antichoque Ultra Fino TPU com Cordão Amarelo - Samsung,Samsung,Galaxy A55,TPU com Cordão,Amarelo,Novo,34.9,,4,4.7,0,Case Mania,Vendedor,MG,Belo Horizonte,True,6,True,129,2025-09-08
MLB-0205,Mercado Livre,Capa Protetora iPhone 16 Transparente Couro Sintético Camuflado - Apple,Apple,iPhone 16,Couro Sintético,Camuflado,Novo,52.9,,3,5.0,0,iCases Store,Loja Oficial,SP,São Paulo,False,12,True,278,2026-08-06
MLB-0342,Mercado Livre,Capinha iPhone 14 Camuflada Silicone com Anel Vermelho,Apple,iPhone 14,Silicone com Anel,Vermelho,Novo,89.9,,3,4.8,0,CaseHub,Vendedor,RJ,Campos dos Goytacazes,False,9,True,101,2026-02-18
MLB-0411,Mercado Livre,Capa de Celular Moto G54 Anti-Risco Silicone com Anel Verde - Motorola,Motorola,Moto G54,Silicone com Anel,Verde,Novo,39.0,,3,5.0,0,Digital Case BR,Vendedor,SP,Osasco,False,6,False,225,2026-07-27
MLB-0047,Mercado Livre,Capa de Celular Redmi Note 12 Camuflada Lisa TPU com Cordão Dourado - Xiaomi,Xiaomi,Redmi Note 12,TPU com Cordão,Dourado,Usado,49.9,,2,4.3,0,Top Cel Acessórios,Vendedor,SP,Guarulhos,False,3,True,188,2026-02-10
MLB-0177,Mercado Livre,Case realme 11 Antichoque Policarbonato,realme,realme 11,Policarbonato,Dourado,Novo,64.9,86.0,2,4.2,0,Digital Case BR,Loja Oficial,PR,Curitiba,False,3,False,180,2025-08-14
MLB-0199,Mercado Livre,Capinha Galaxy S24 Texturizada À Prova d'Água Laranja - Samsung,Samsung,Galaxy S24,À Prova d'Água,Laranja,Novo,44.9,66.9,2,4.0,0,CelShop Brasil,Vendedor,SP,São Paulo,True,6,False,226,2025-11-30
MLB-0275,Mercado Livre,Case realme 12 Fosca Silicone Azul - realme,realme,realme 12,Silicone,Azul,Novo,21.0,,2,4.1,0,iCases Store,MercadoLíder,DF,Taguatinga,True,6,True,40,2025-12-02
MLB-0304,Mercado Livre,Capa de Celular Poco X6 Pro Transparente Antichoque À Prova d'Água Amarelo - Xiaomi,Xiaomi,Poco X6 Pro,À Prova d'Água,Amarelo,Novo,81.0,,2,4.5,0,Mega Cases Shop,Vendedor,SC,Florianópolis,True,9,True,143,2026-07-20
MLB-0421,Mercado Livre,Capinha realme 11 Fosca Transparente Silicone Prata - realme,realme,realme 11,Silicone,Prata,Novo,24.0,32.6,2,3.7,0,Brasil Case Center,Vendedor,PR,Cascavel,True,6,True,271,2026-05-03
MLB-0491,Mercado Livre,Capa Protetora realme Note 50 Silicone Transparente Silicone com Anel Azul - realme,realme,realme Note 50,Silicone com Anel,Azul,Novo,15.9,27.7,2,4.7,0,Digital Case BR,Vendedor,SP,Osasco,False,,,42,2025-11-22
MLB-0576,Mercado Livre,Case iPhone 16 Ultra Fino Acrílico Cristal,Apple,iPhone 16,Acrílico Cristal,Amarelo,Novo,64.9,105.5,2,4.5,0,CelShop Brasil,Vendedor,RJ,Campos dos Goytacazes,False,9,True,0,2025-09-08
MLB-0586,Mercado Livre,Capa de Celular Moto Edge 50 Floral Acrílico Cristal Camuflado - Motorola,Motorola,Moto Edge 50,Acrílico Cristal,Camuflado,Novo,36.2,,2,4.3,0,TecnoCases,Vendedor,SC,Blumenau,False,6,True,28,2026-01-09
MLB-0133,Mercado Livre,Capa de Celular Moto G54 Antichoque TPU com Cordão Transparente,Motorola,Moto G54,TPU com Cordão,Transparente,Novo,39.9,52.8,1,4.5,0,Brasil Case Center,MercadoLíder,SC,Chapecó,False,9,True,164,2025-09-17
MLB-0269,Mercado Livre,Capa Protetora iPhone 14 Espelhada Acrílico Cristal Azul - Apple,Apple,iPhone 14,Acrílico Cristal,Azul,Novo,26.3,44.0,1,4.6,0,Mega Cases Shop,Vendedor,SP,Campinas,False,9,False,0,2025-07-20
MLB-0335,Mercado Livre,Capa Protetora iPhone 11 Fosca Acrílico Cristal Dourado,Apple,iPhone 11,Acrílico Cristal,Dourado,Novo,39.3,,1,4.9,0,iCases Store,MercadoLíder,SP,Guarulhos,True,3,True,143,2025-12-30
MLB-0012,Mercado Livre,Capa de Celular realme 11 Geométrica Glitter Policarbonato Azul - realme,realme,realme 11,Policarbonato,Azul,Novo,25.1,39.1,0,4.8,0,Capinha Express,Vendedor,SP,Osasco,True,3,True,4,2026-01-03
MLB-0062,Mercado Livre,Capa Protetora Galaxy S25 Glitter Couro com MagSafe - Samsung,Samsung,Galaxy S25,Couro com MagSafe,Verde,Novo,63.0,87.5,0,4.5,0,Case Store Brasil,Vendedor,MG,Contagem,True,12,True,221,2026-03-14
MLB-0128,Mercado Livre,Capa Protetora Moto G84 Colorida Camuflada Silicone com MagSafe Rosa - Motorola,Motorola,Moto G84,Silicone com MagSafe,Rosa,Novo,52.8,92.9,0,5.0,0,Case Mania,Loja Oficial,PA,Belém,False,3,True,287,2026-01-02
MLB-0429,Mercado Livre,Case Moto G54 Lisa Com Suporte Capa com Suporte Transparente - Motorola,Motorola,Moto G54,Capa com Suporte,Transparente,Novo,45.4,78.8,0,4.6,0,Case Mania,MercadoLíder,SC,Joinville,False,3,False,236,2026-03-15
MLB-0549,Mercado Livre,Capa Protetora Galaxy M15 Antichoque Capa com Suporte,Samsung,Galaxy M15,Capa com Suporte,Laranja,Novo,51.9,83.8,0,4.4,0,Acessórios Prime,MercadoLíder,DF,Brasília,False,9,False,0,2026-01-12
TTS-0731,TikTok Shop,Capinha Galaxy M35 Silicone À Prova d'Água - Samsung,Samsung,Galaxy M35,À Prova d'Água,Preto,Novo,62.4,,118227,4.5,2559,Case Lovers BR,Top Seller,PE,Olinda,False,,,105,2025-10-28
TTS-0806,TikTok Shop,Capa Protetora Redmi Note 13 Espelhada Floral Silicone com MagSafe - Xiaomi,Xiaomi,Redmi Note 13,Silicone com MagSafe,Preto,Novo,69.9,92.7,106735,3.7,2551,Capinha da Moda,Top Seller,PR,Curitiba,False,,,130,2026-01-09
TTS-0770,TikTok Shop,Capinha Redmi 13C Fofinha Colorida Pelúcia Dourado - Xiaomi,Xiaomi,Redmi 13C,Pelúcia,Dourado,Novo,36.1,,102555,4.7,4252,PromoCase Brasil,Top Seller,RS,Pelotas,True,6,False,202,2026-05-06
TTS-0695,TikTok Shop,Capa de Celular Moto Edge 50 Com Cordão TPU com Cordão Amarelo - Motorola,Motorola,Moto Edge 50,TPU com Cordão,Amarelo,Novo,16.6,,87633,4.3,4231,Capinha da Moda,Vendedor,RS,Caxias do Sul,False,6,False,164,2025-11-27
TTS-0906,TikTok Shop,Capa de Celular Galaxy S25 Ultra Fosca TPU TPU com Cordão - Samsung,Samsung,Galaxy S25 Ultra,TPU com Cordão,Azul,Novo,12.3,,79227,4.7,470,PromoCase Brasil,Vendedor,RS,Canoas,True,,,11,2025-07-31
TTS-0820,TikTok Shop,Capa Protetora realme C53 Ultra Fino Acrílico Cristal,realme,realme C53,Acrílico Cristal,Camuflado,Novo,22.1,30.5,38312,4.0,1294,Case Lovers BR,Vendedor,MG,Uberlândia,False,,,111,2026-04-27
TTS-0953,TikTok Shop,Capinha iPhone 12 Antichoque À Prova d'Água Amarelo - Apple,Apple,iPhone 12,À Prova d'Água,Amarelo,Novo,54.9,95.3,33549,4.1,1200,Capinha da Moda,Vendedor,MG,Belo Horizonte,True,6,True,175,2025-09-01
TTS-0780,TikTok Shop,Capinha iPhone 13 Com Desenho TPU com Cordão Azul - Apple,Apple,iPhone 13,TPU com Cordão,Azul,Novo,11.5,,29901,4.7,523,Ofertas Case BR,Loja Oficial,SP,Osasco,False,6,True,184,2025-12-12
TTS-1024,TikTok Shop,Capinha Galaxy A56 Fosca Fosca Silicone Transparente,Samsung,Galaxy A56,Silicone,Transparente,Novo,14.3,21.8,29335,4.4,1280,TopTrend Acessórios,Vendedor,SP,São Bernardo do Campo,False,,,108,2025-07-30
TTS-0835,TikTok Shop,Case realme Note 50 Lisa Silicone - realme,realme,realme Note 50,Silicone,Cinza,Novo,11.3,16.6,28736,4.5,172,Loja da Capinha,Vendedor,MG,Uberlândia,False,3,True,45,2026-01-20
TTS-0946,TikTok Shop,Case iPhone 16 Pro Max Fosca À Prova d'Água Camuflado - Apple,Apple,iPhone 16 Pro Max,À Prova d'Água,Camuflado,Novo,99.9,,26800,4.6,742,Trendy Acessórios,Vendedor,MG,Uberlândia,False,,,119,2026-02-13
TTS-0755,TikTok Shop,Case Redmi Note 14 Colorida Policarbonato - Xiaomi,Xiaomi,Redmi Note 14,Policarbonato,Dourado,Novo,44.9,,25874,3.8,619,Loja da Capinha,Vendedor,SC,Joinville,True,3,True,283,2025-08-18
TTS-0734,TikTok Shop,Case Redmi 13C Fosca Policarbonato - Xiaomi,Xiaomi,Redmi 13C,Policarbonato,Laranja,Novo,22.9,,24526,3.9,148,Casa das Capinhas,Vendedor,ES,Serra,False,3,False,116,2025-09-22
TTS-0968,TikTok Shop,Capa Protetora Moto G84 Com Desenho Antichoque Silicone com MagSafe - Motorola,Motorola,Moto G84,Silicone com MagSafe,Roxo,Novo,59.9,90.8,24264,4.6,582,Loja da Capinha,Vendedor,SP,Campinas,True,,,166,2026-04-21
TTS-0852,TikTok Shop,Case realme 12 Antirrisco Floral Acrílico Cristal - realme,realme,realme 12,Acrílico Cristal,Transparente,Novo,22.4,,23825,4.7,502,TopTrend Acessórios,Vendedor,CE,Sobral,True,,,178,2026-02-24
TTS-0714,TikTok Shop,Case Poco X6 Elegante Couro Sintético - Xiaomi,Xiaomi,Poco X6,Couro Sintético,Verde,Novo,44.9,,22702,4.9,127,Viral Cases Shop,Vendedor,SP,Campinas,False,,,157,2025-07-16
TTS-0890,TikTok Shop,Capa de Celular Moto Edge 50 Espelhada Colorida Silicone Laranja - Motorola,Motorola,Moto Edge 50,Silicone,Laranja,Novo,69.9,,21734,5.0,603,Viral Cases Shop,Loja Oficial,MG,Contagem,False,,,12,2026-03-24
TTS-0903,TikTok Shop,Case Redmi Note 13 Lisa Policarbonato Capa com Suporte Vermelho - Xiaomi,Xiaomi,Redmi Note 13,Capa com Suporte,Vermelho,Novo,34.2,42.8,21002,3.9,268,Flash Cases,Vendedor,BA,Vitória da Conquista,True,,,279,2026-06-01
TTS-0662,TikTok Shop,Capa de Celular Poco X6 Pro Transparente Capa com Suporte - Xiaomi,Xiaomi,Poco X6 Pro,Capa com Suporte,Branco,Novo,31.8,,20806,4.0,1026,PromoCase Brasil,Top Seller,SC,Florianópolis,False,,,292,2026-01-17
TTS-0944,TikTok Shop,Capinha Galaxy S24 Ultra Fino Floral Acrílico Cristal,Samsung,Galaxy S24,Acrílico Cristal,Camuflado,Novo,18.1,26.7,20300,4.4,677,Viral Cases Shop,Top Seller,MG,Contagem,True,,,293,2026-05-05
TTS-0760,TikTok Shop,Capa Protetora iPhone 16 Pro Max Antichoque Glitter À Prova d'Água Rosa - Apple,Apple,iPhone 16 Pro Max,À Prova d'Água,Rosa,Novo,33.3,,18687,4.9,655,Casa das Capinhas,Vendedor,PR,Curitiba,True,3,False,300,2026-07-31
TTS-0964,TikTok Shop,Case Moto Edge 50 Lisa À Prova d'Água Marrom,Motorola,Moto Edge 50,À Prova d'Água,Marrom,Novo,26.9,34.9,17119,3.9,371,PromoCase Brasil,Vendedor,CE,Fortaleza,False,,,9,2026-04-28
TTS-0823,TikTok Shop,Capa Protetora realme Note 50 Antichoque Espelhada Silicone com Anel Roxo - realme,realme,realme Note 50,Silicone com Anel,Roxo,Novo,17.7,,16844,5.0,601,Trendy Acessórios,Vendedor,RJ,Rio de Janeiro,False,,,50,2025-08-05
TTS-0858,TikTok Shop,Case Galaxy S25 Ultra Glitter Policarbonato Dourado - Samsung,Samsung,Galaxy S25 Ultra,Policarbonato,Dourado,Novo,25.0,38.9,14312,4.9,545,Case Lovers BR,Top Seller,CE,Sobral,False,,,290,2026-05-07
TTS-0668,TikTok Shop,Capa de Celular iPhone 11 Transparente Couro Sintético,Apple,iPhone 11,Couro Sintético,Vermelho,Novo,32.9,44.7,13008,4.5,120,Trendy Acessórios,Top Seller,PE,Olinda,True,3,False,183,2026-06-27
TTS-1012,TikTok Shop,Case realme 11 Espelhada Magnética Silicone com MagSafe Verde - realme,realme,realme 11,Silicone com MagSafe,Verde,Novo,64.9,116.7,10382,4.0,166,Flash Cases,Vendedor,CE,Juazeiro do Norte,False,6,False,23,2025-10-17
TTS-0675,TikTok Shop,Capa Protetora realme Note 50 Ultra Fino TPU Branco,realme,realme Note 50,TPU,Branco,Novo,8.4,,9361,4.4,83,Case Lovers BR,Vendedor,SP,Osasco,True,,,280,2026-01-16
TTS-0923,TikTok Shop,Case Redmi Note 14 Elegante Couro Sintético Azul - Xiaomi,Xiaomi,Redmi Note 14,Couro Sintético,Azul,Novo,41.9,59.7,8512,4.5,84,Trendy Acessórios,Vendedor,RS,Pelotas,False,,,126,2026-05-28
TTS-0670,TikTok Shop,Capa de Celular Redmi 13C Com Suporte Colorida Capa com Suporte,Xiaomi,Redmi 13C,Capa com Suporte,Laranja,Novo,49.9,67.4,8419,3.8,372,TopTrend Acessórios,Vendedor,RJ,Duque de Caxias,True,,,109,2025-11-08
TTS-0703,TikTok Shop,Case Moto Edge 50 Geométrica TPU com Cordão Verde,Motorola,Moto Edge 50,TPU com Cordão,Verde,Novo,19.8,34.9,7796,4.5,150,Viral Cases Shop,Vendedor,SP,São Paulo,False,,,40,2025-12-21
TTS-0624,TikTok Shop,Capa Protetora iPhone 12 Fosca Capa Dura Policarbonato - Apple,Apple,iPhone 12,Policarbonato,Transparente,Novo,44.9,72.8,6378,4.5,67,Casa das Capinhas,Loja Oficial,PR,Cascavel,False,,,204,2025-07-14
TTS-0788,TikTok Shop,Case Moto G84 Texturizada Antichoque Silicone com Anel - Motorola,Motorola,Moto G84,Silicone com Anel,Vermelho,Novo,28.0,36.5,5993,4.6,64,Capinha da Moda,Vendedor,SP,Guarulhos,True,6,True,227,2026-02-20
TTS-0958,TikTok Shop,Capa Protetora iPhone 13 Fofinha Fosca Pelúcia Camuflado - Apple,Apple,iPhone 13,Pelúcia,Camuflado,Novo,27.2,,5909,4.0,183,TopTrend Acessórios,Vendedor,CE,Juazeiro do Norte,True,6,False,202,2025-10-17
TTS-0641,TikTok Shop,Capinha Poco X6 Pro Com Desenho Capa com Suporte Dourado,Xiaomi,Poco X6 Pro,Capa com Suporte,Dourado,Novo,23.3,,5897,4.6,169,Loja da Capinha,Top Seller,PA,Belém,True,6,True,125,2025-08-04
TTS-0986,TikTok Shop,Case Poco X6 Espelhada Capa com Suporte - Xiaomi,Xiaomi,Poco X6,Capa com Suporte,Azul,Novo,54.9,,5882,3.7,159,Casa das Capinhas,Top Seller,PR,Londrina,True,,,17,2026-03-09
TTS-0693,TikTok Shop,Case Galaxy M15 Glitter Ultra Fino Acrílico Cristal - Samsung,Samsung,Galaxy M15,Acrílico Cristal,Roxo,Novo,26.5,,5850,4.9,191,PromoCase Brasil,Top Seller,RJ,Campos dos Goytacazes,False,6,True,24,2026-01-17
TTS-0750,TikTok Shop,Capa de Celular realme 11 Antichoque TPU - realme,realme,realme 11,TPU,Cinza,Novo,9.9,16.6,5833,4.1,228,Case Lovers BR,Loja Oficial,SP,São Bernardo do Campo,True,,,282,2025-07-23
TTS-1038,TikTok Shop,Capinha realme C53 Colorida Silicone - realme,realme,realme C53,Silicone,Vermelho,Novo,13.2,,5825,4.6,220,Viral Cases Shop,Vendedor,PR,Cascavel,True,,,201,2026-01-27
TTS-0718,TikTok Shop,Capa Protetora realme 11 Antichoque Camuflada Couro Sintético Marrom - realme,realme,realme 11,Couro Sintético,Marrom,Novo,30.1,44.5,5789,4.1,36,Ofertas Case BR,Top Seller,RJ,Niterói,False,,,21,2025-12-05
TTS-0671,TikTok Shop,Capa Protetora iPhone 14 TPU Geométrica TPU com Cordão - Apple,Apple,iPhone 14,TPU com Cordão,Marrom,Novo,13.8,19.5,5773,4.8,265,Loja da Capinha,Top Seller,RS,Caxias do Sul,True,,,269,2026-03-02
TTS-1030,TikTok Shop,Capa de Celular iPhone 16 Espelhada Anti-Risco Silicone com Anel Cinza,Apple,iPhone 16,Silicone com Anel,Cinza,Novo,21.9,31.6,5620,4.7,164,Flash Cases,Vendedor,DF,Brasília,True,3,False,0,2026-05-21
TTS-0694,TikTok Shop,Capa de Celular Poco X6 Transparente Glitter Silicone com MagSafe Cinza - Xiaomi,Xiaomi,Poco X6,Silicone com MagSafe,Cinza,Novo,51.8,80.9,5600,3.7,197,Ofertas Case BR,Vendedor,DF,Ceilândia,True,3,True,247,2025-11-08
TTS-0996,TikTok Shop,Case realme 11 Camuflada Com Desenho Policarbonato - realme,realme,realme 11,Policarbonato,Cinza,Novo,15.9,19.7,5494,5.0,196,Loja da Capinha,Vendedor,MG,Uberlândia,False,,,247,2025-09-08
TTS-1036,TikTok Shop,Case Moto G24 Transparente Camuflada Silicone com MagSafe - Motorola,Motorola,Moto G24,Silicone com MagSafe,Amarelo,Novo,34.9,57.8,5397,4.3,191,Case Lovers BR,Top Seller,SP,São Bernardo do Campo,True,6,False,24,2026-06-20
TTS-0811,TikTok Shop,Case realme 12 Ultra Fino Couro com MagSafe,realme,realme 12,Couro com MagSafe,Camuflado,Novo,65.0,86.9,5288,4.1,204,Loja da Capinha,Vendedor,SC,Florianópolis,False,6,False,174,2025-12-20
TTS-0682,TikTok Shop,Capa Protetora Redmi 13C Silicone Ultra Fino Silicone - Xiaomi,Xiaomi,Redmi 13C,Silicone,Marrom,Novo,15.7,,5071,4.2,137,Viral Cases Shop,Loja Oficial,PA,Belém,False,,,107,2026-02-25
TTS-0919,TikTok Shop,Capa Protetora realme 12 Colorida TPU Branco,realme,realme 12,TPU,Branco,Novo,11.7,,5044,3.8,227,Viral Cases Shop,Vendedor,GO,Anápolis,True,6,True,30,2025-10-28
TTS-0679,TikTok Shop,Case Galaxy S23 Colorida À Prova d'Água,Samsung,Galaxy S23,À Prova d'Água,Roxo,Novo,61.3,,5005,4.4,189,Loja da Capinha,Top Seller,GO,Goiânia,True,6,False,236,2026-04-19
TTS-1014,TikTok Shop,Capa Protetora realme 12 Glitter Couro com MagSafe Marrom,realme,realme 12,Couro com MagSafe,Marrom,Novo,59.9,78.8,4857,4.1,98,Trendy Acessórios,Vendedor,SP,São Paulo,False,,,99,2025-12-29
TTS-0902,TikTok Shop,Capinha realme C53 Colorida Ultra Fino Acrílico Cristal Marrom,realme,realme C53,Acrílico Cristal,Marrom,Novo,22.7,33.4,4672,4.7,189,Loja da Capinha,Vendedor,SP,São Bernardo do Campo,False,6,True,41,2026-08-08
TTS-1004,TikTok Shop,Capa de Celular iPhone 12 Ultra Fino Acrílico Cristal Laranja - Apple,Apple,iPhone 12,Acrílico Cristal,Laranja,Novo,30.5,49.2,4651,4.5,93,Loja da Capinha,Top Seller,MG,Belo Horizonte,False,6,True,64,2025-09-20
TTS-0952,TikTok Shop,Capa Protetora Moto G24 Ultra Fino TPU,Motorola,Moto G24,TPU,Laranja,Novo,8.8,11.1,4649,5.0,51,Capinha da Moda,Top Seller,PA,Ananindeua,False,,,211,2026-03-02
TTS-0744,TikTok Shop,Capa Protetora realme 12 Com Desenho Acrílico Cristal - realme,realme,realme 12,Acrílico Cristal,Dourado,Novo,19.6,,4602,4.8,76,Flash Cases,Top Seller,DF,Ceilândia,False,3,False,160,2026-05-17
TTS-0838,TikTok Shop,Capa de Celular Moto Edge 50 Colorida Pelúcia Verde - Motorola,Motorola,Moto Edge 50,Pelúcia,Verde,Novo,29.9,53.7,4565,4.0,121,Viral Cases Shop,Vendedor,ES,Serra,True,6,False,290,2026-06-03
TTS-0669,TikTok Shop,Capa de Celular Galaxy M15 Camuflada TPU com Cordão Branco - Samsung,Samsung,Galaxy M15,TPU com Cordão,Branco,Novo,20.2,32.7,4521,4.0,74,Viral Cases Shop,Top Seller,BA,Vitória da Conquista,False,3,True,128,2026-03-27
TTS-0861,TikTok Shop,Capa Protetora Galaxy S25 Ultra Geométrica Antichoque Couro Sintético Camuflado - Samsung,Samsung,Galaxy S25 Ultra,Couro Sintético,Camuflado,Novo,28.2,,4401,3.9,174,Casa das Capinhas,Top Seller,GO,Anápolis,False,6,False,101,2026-02-24
TTS-0781,TikTok Shop,Case Redmi Note 13 Geométrica Couro Sintético - Xiaomi,Xiaomi,Redmi Note 13,Couro Sintético,Branco,Novo,54.9,,4325,4.4,186,Case Lovers BR,Top Seller,GO,Aparecida de Goiânia,False,,,173,2025-09-26
TTS-0886,TikTok Shop,Capa de Celular iPhone 16 Pro Max Anti-Risco Ultra Fino Couro com MagSafe Camuflado - Apple,Apple,iPhone 16 Pro Max,Couro com MagSafe,Camuflado,Novo,99.9,,4233,4.5,66,PromoCase Brasil,Top Seller,SP,São Bernardo do Campo,False,,,193,2025-07-19
TTS-0644,TikTok Shop,Capa Protetora Galaxy M35 Antichoque Espelhada À Prova d'Água - Samsung,Samsung,Galaxy M35,À Prova d'Água,Amarelo,Novo,43.3,64.8,4192,4.3,200,Case Lovers BR,Vendedor,SP,Osasco,False,,,3,2026-01-22
TTS-0893,TikTok Shop,Case Moto G84 Espelhada TPU com Cordão Dourado - Motorola,Motorola,Moto G84,TPU com Cordão,Dourado,Novo,37.9,,4149,4.2,82,PromoCase Brasil,Vendedor,SP,Osasco,False,,,240,2025-07-28
TTS-0957,TikTok Shop,Capinha Moto G54 Texturizada Pelúcia Marrom - Motorola,Motorola,Moto G54,Pelúcia,Marrom,Novo,49.9,66.5,4146,4.6,34,Case Lovers BR,Loja Oficial,MG,Belo Horizonte,True,6,False,65,2026-04-21
TTS-0800,TikTok Shop,Capa Protetora Galaxy S23 Fosca Lisa À Prova d'Água - Samsung,Samsung,Galaxy S23,À Prova d'Água,Verde,Novo,49.9,,4137,3.2,149,Case Lovers BR,Vendedor,SP,São Bernardo do Campo,False,6,False,144,2025-11-19
TTS-0751,TikTok Shop,Capa Protetora Moto G84 Fosca Transparente Acrílico Cristal - Motorola,Motorola,Moto G84,Acrílico Cristal,Dourado,Novo,22.9,,4100,4.1,195,Loja da Capinha,Vendedor,SP,Guarulhos,False,6,True,41,2025-09-17
TTS-0625,TikTok Shop,Capa Protetora Moto G24 Antichoque Silicone com MagSafe Dourado - Motorola,Motorola,Moto G24,Silicone com MagSafe,Dourado,Novo,29.5,46.6,3964,4.3,172,Capinha da Moda,Loja Oficial,SP,Guarulhos,True,,,268,2026-07-24
TTS-0891,TikTok Shop,Capinha iPhone 15 Lisa Ultra Fino Acrílico Cristal - Apple,Apple,iPhone 15,Acrílico Cristal,Verde,Novo,27.9,,3891,5.0,104,Loja da Capinha,Vendedor,RJ,Duque de Caxias,False,,,277,2026-06-22
TTS-0719,TikTok Shop,Capa de Celular Moto G54 À Prova d'Água Camuflada À Prova d'Água Preto - Motorola,Motorola,Moto G54,À Prova d'Água,Preto,Novo,56.6,99.2,3871,4.4,98,TopTrend Acessórios,Vendedor,MG,Contagem,False,,,215,2025-12-30
TTS-0928,TikTok Shop,Capinha Redmi 13C Colorida Transparente TPU com Cordão - Xiaomi,Xiaomi,Redmi 13C,TPU com Cordão,Rosa,Novo,29.9,42.3,3731,4.1,49,Capinha da Moda,Top Seller,PR,Curitiba,False,,,273,2025-08-11
TTS-0965,TikTok Shop,Capinha Redmi Note 14 Anti-Risco Silicone,Xiaomi,Redmi Note 14,Silicone,Vermelho,Novo,37.9,61.1,3548,4.9,177,Flash Cases,Loja Oficial,SC,Chapecó,False,,,139,2026-05-11
TTS-0949,TikTok Shop,Case iPhone 11 Anti-Risco Fosca TPU com Cordão,Apple,iPhone 11,TPU com Cordão,Laranja,Novo,12.1,16.5,3513,4.9,44,PromoCase Brasil,Vendedor,RS,Porto Alegre,False,6,False,201,2026-03-11
TTS-0941,TikTok Shop,Capa de Celular Poco X6 Com Desenho Espelhada Pelúcia,Xiaomi,Poco X6,Pelúcia,Transparente,Novo,20.0,29.4,3324,4.2,159,Loja da Capinha,Vendedor,SC,Blumenau,False,6,False,41,2025-08-14
TTS-0783,TikTok Shop,Capinha Poco X6 Pro Glitter Silicone com MagSafe - Xiaomi,Xiaomi,Poco X6 Pro,Silicone com MagSafe,Preto,Novo,34.5,,3030,4.8,144,Casa das Capinhas,Top Seller,SP,Campinas,False,,,160,2026-07-29
TTS-0892,TikTok Shop,Capinha Moto Edge 50 Transparente Espelhada Couro Sintético Amarelo - Motorola,Motorola,Moto Edge 50,Couro Sintético,Amarelo,Novo,64.9,,2907,5.0,26,Flash Cases,Vendedor,BA,Vitória da Conquista,True,,,114,2026-06-14
TTS-0766,TikTok Shop,Capinha realme 12 Pelúcia Floral Pelúcia Rosa - realme,realme,realme 12,Pelúcia,Rosa,Novo,33.8,57.4,2690,4.5,77,Loja da Capinha,Vendedor,PE,Recife,False,,,263,2026-04-10
TTS-0868,TikTok Shop,Capinha Moto G84 Ultra Fino TPU com Cordão - Motorola,Motorola,Moto G84,TPU com Cordão,Vermelho,Novo,79.9,,2669,3.8,80,Casa das Capinhas,Top Seller,SP,Campinas,False,,,234,2025-09-09
TTS-0818,TikTok Shop,Case realme 12 Glitter Couro Sintético - realme,realme,realme 12,Couro Sintético,Verde,Novo,36.1,63.3,2647,3.8,109,PromoCase Brasil,Loja Oficial,RS,Canoas,True,6,False,157,2025-09-14
TTS-0961,TikTok Shop,Capinha Poco X6 Camuflada TPU - Xiaomi,Xiaomi,Poco X6,TPU,Marrom,Novo,11.1,,2353,3.8,48,Casa das Capinhas,Top Seller,BA,Feira de Santana,True,,,274,2026-05-18
TTS-0648,TikTok Shop,Capa de Celular Galaxy S25 Camuflada Fosca TPU com Cordão - Samsung,Samsung,Galaxy S25,TPU com Cordão,Dourado,Novo,17.8,27.9,2193,4.2,53,Casa das Capinhas,Vendedor,RS,Pelotas,False,,,258,2025-09-30
TTS-1001,TikTok Shop,Capa de Celular realme 11 Glitter Transparente TPU - realme,realme,realme 11,TPU,Cinza,Novo,8.8,,1897,4.7,87,Trendy Acessórios,Vendedor,RS,Porto Alegre,False,6,True,107,2026-01-16
TTS-0732,TikTok Shop,Capa de Celular Galaxy M35 Lisa Elegante Couro Sintético Preto - Samsung,Samsung,Galaxy M35,Couro Sintético,Preto,Novo,23.2,33.7,1750,4.7,14,TopTrend Acessórios,Vendedor,MA,Imperatriz,True,6,True,104,2026-06-30
TTS-0752,TikTok Shop,Capinha Galaxy S25 Lisa TPU TPU com Cordão Branco - Samsung,Samsung,Galaxy S25,TPU com Cordão,Branco,Novo,59.9,82.2,1687,4.6,54,TopTrend Acessórios,Top Seller,AM,Manaus,False,,,92,2025-11-13
TTS-0711,TikTok Shop,Capinha iPhone 15 Espelhada Couro com MagSafe Laranja,Apple,iPhone 15,Couro com MagSafe,Laranja,Novo,9.9,14.6,1486,3.8,26,Flash Cases,Top Seller,SP,Osasco,False,6,False,255,2026-05-16
TTS-0819,TikTok Shop,Capa de Celular Redmi 13C Texturizada TPU com Cordão Dourado - Xiaomi,Xiaomi,Redmi 13C,TPU com Cordão,Dourado,Novo,22.9,,1485,4.7,50,Casa das Capinhas,Loja Oficial,RS,Pelotas,False,6,False,106,2026-04-23
TTS-0921,TikTok Shop,Case Redmi Note 13 Antichoque Com Desenho TPU Verde - Xiaomi,Xiaomi,Redmi Note 13,TPU,Verde,Novo,14.9,21.8,1474,4.3,64,Casa das Capinhas,Vendedor,PE,Olinda,False,3,True,84,2026-07-12
TTS-0979,TikTok Shop,Capa de Celular Galaxy A35 Camuflada TPU - Samsung,Samsung,Galaxy A35,TPU,Amarelo,Novo,49.9,64.9,1447,4.3,36,Viral Cases Shop,Top Seller,RJ,Niterói,False,,,123,2026-01-28
TTS-0709,TikTok Shop,Capa de Celular Poco X6 Transparente Silicone com Anel - Xiaomi,Xiaomi,Poco X6,Silicone com Anel,Azul,Novo,18.9,23.8,1445,3.4,7,Flash Cases,Vendedor,RS,Canoas,False,,,127,2025-09-18
TTS-0773,TikTok Shop,Case Galaxy A35 Texturizada Couro Sintético Amarelo - Samsung,Samsung,Galaxy A35,Couro Sintético,Amarelo,Novo,22.9,,1387,4.0,21,Loja da Capinha,Vendedor,RJ,Rio de Janeiro,False,,,241,2025-11-26
TTS-0642,TikTok Shop,Capinha realme 11 Anti-Risco Magnética Silicone com MagSafe - realme,realme,realme 11,Silicone com MagSafe,Branco,Novo,59.9,93.2,1360,4.6,65,Casa das Capinhas,Top Seller,SP,São Bernardo do Campo,False,3,False,248,2025-07-21
TTS-0652,TikTok Shop,Capa Protetora iPhone 14 Camuflada Ultra Fino Capa com Suporte Cinza - Apple,Apple,iPhone 14,Capa com Suporte,Cinza,Novo,44.9,,1265,3.9,46,Ofertas Case BR,Vendedor,ES,Vila Velha,True,,,137,2026-07-14
TTS-0836,TikTok Shop,Capinha Galaxy A56 Floral Camuflada À Prova d'Água Amarelo - Samsung,Samsung,Galaxy A56,À Prova d'Água,Amarelo,Novo,36.1,64.1,1239,4.6,12,Viral Cases Shop,Vendedor,MG,Juiz de Fora,False,3,True,222,2026-08-01
TTS-1010,TikTok Shop,Capa Protetora realme 11 Colorida Couro Sintético Verde - realme,realme,realme 11,Couro Sintético,Verde,Novo,38.7,64.7,1194,3.3,36,Viral Cases Shop,Vendedor,BA,Feira de Santana,False,3,False,56,2026-04-09
TTS-0753,TikTok Shop,Capa de Celular Galaxy A16 Colorida Couro com MagSafe - Samsung,Samsung,Galaxy A16,Couro com MagSafe,Dourado,Novo,79.9,129.6,1183,4.9,36,Viral Cases Shop,Top Seller,SP,São Paulo,False,,,83,2026-07-10
TTS-0801,TikTok Shop,Case iPhone 15 Glitter TPU Branco - Apple,Apple,iPhone 15,TPU,Branco,Novo,12.0,,1145,3.9,46,Casa das Capinhas,Top Seller,RJ,Niterói,False,,,26,2026-06-05
TTS-0726,TikTok Shop,Capa de Celular iPhone 15 Geométrica TPU TPU Verde - Apple,Apple,iPhone 15,TPU,Verde,Novo,21.9,,1139,5.0,7,Flash Cases,Vendedor,SC,Chapecó,True,3,False,62,2026-02-11
TTS-0712,TikTok Shop,Capinha Moto G24 Fosca Premium Couro Sintético - Motorola,Motorola,Moto G24,Couro Sintético,Laranja,Novo,22.0,36.3,1131,4.8,33,PromoCase Brasil,Vendedor,SP,São Bernardo do Campo,False,,,165,2026-05-09
TTS-0622,TikTok Shop,Capinha Moto G84 Texturizada À Prova d'Água - Motorola,Motorola,Moto G84,À Prova d'Água,Camuflado,Novo,27.9,36.0,1129,4.3,35,Loja da Capinha,Vendedor,PR,Londrina,True,3,True,100,2026-05-14
TTS-0657,TikTok Shop,Capa Protetora iPhone 16 Pro Max Fosca Geométrica Silicone Preto - Apple,Apple,iPhone 16 Pro Max,Silicone,Preto,Novo,12.9,16.8,1117,3.7,39,Viral Cases Shop,Vendedor,DF,Ceilândia,False,,,63,2025-12-20
TTS-0687,TikTok Shop,Capa Protetora iPhone 16 Pro Max Texturizada Silicone com Anel Cinza - Apple,Apple,iPhone 16 Pro Max,Silicone com Anel,Cinza,Novo,16.0,20.7,1107,3.9,15,Loja da Capinha,Vendedor,PR,Curitiba,False,3,True,131,2026-03-09
TTS-0839,TikTok Shop,Capinha iPhone 16 Antichoque TPU com Cordão - Apple,Apple,iPhone 16,TPU com Cordão,Laranja,Novo,18.0,28.2,1096,3.7,22,TopTrend Acessórios,Top Seller,SP,Campinas,True,,,234,2026-06-28
TTS-0742,TikTok Shop,Capa de Celular Moto G84 Colorida TPU com Cordão Roxo - Motorola,Motorola,Moto G84,TPU com Cordão,Roxo,Novo,15.9,,1048,3.8,33,TopTrend Acessórios,Vendedor,ES,Serra,False,6,True,230,2026-04-02
TTS-0900,TikTok Shop,Capinha Moto Edge 50 Camuflada Pelúcia Preto,Motorola,Moto Edge 50,Pelúcia,Preto,Novo,12.9,18.7,1041,4.2,51,PromoCase Brasil,Vendedor,SC,Blumenau,False,,,199,2025-12-09
TTS-0985,TikTok Shop,Capa Protetora Poco X6 Ultra Fino TPU,Xiaomi,Poco X6,TPU,Vermelho,Novo,79.9,109.7,1032,4.2,44,Casa das Capinhas,Vendedor,BA,Salvador,True,,,108,2026-04-02
TTS-0639,TikTok Shop,Capa Protetora Galaxy A15 Com Desenho Pelúcia - Samsung,Samsung,Galaxy A15,Pelúcia,Camuflado,Novo,24.5,33.7,1026,5.0,39,PromoCase Brasil,Top Seller,RS,Pelotas,False,,,251,2026-06-06
TTS-0784,TikTok Shop,Case iPhone 16 Pro Max Colorida Capa com Suporte - Apple,Apple,iPhone 16 Pro Max,Capa com Suporte,Azul,Novo,14.9,21.3,1021,3.4,43,TopTrend Acessórios,Vendedor,SC,Chapecó,False,,,176,2025-08-15
TTS-1016,TikTok Shop,Capa Protetora iPhone 16 Glitter Espelhada Silicone com Anel - Apple,Apple,iPhone 16,Silicone com Anel,Transparente,Novo,24.2,37.5,1019,4.5,48,Casa das Capinhas,Vendedor,MG,Uberlândia,False,6,True,205,2025-11-07
TTS-0975,TikTok Shop,Case Redmi Note 13 Texturizada Pelúcia - Xiaomi,Xiaomi,Redmi Note 13,Pelúcia,Rosa,Novo,27.9,,1009,3.8,21,Viral Cases Shop,Vendedor,SP,São Paulo,True,3,False,91,2025-07-30
TTS-0728,TikTok Shop,Capinha Poco X6 Fosca Colorida Silicone com Anel Cinza - Xiaomi,Xiaomi,Poco X6,Silicone com Anel,Cinza,Novo,28.0,,1006,4.6,34,PromoCase Brasil,Vendedor,PA,Belém,False,,,235,2026-03-27
TTS-0658,TikTok Shop,Case iPhone 11 Glitter TPU,Apple,iPhone 11,TPU,Branco,Novo,12.8,,984,4.5,41,Trendy Acessórios,Top Seller,PR,Londrina,False,,,84,2025-12-20
TTS-0990,TikTok Shop,Case Galaxy A55 Geométrica Espelhada Silicone com Anel Vermelho - Samsung,Samsung,Galaxy A55,Silicone com Anel,Vermelho,Novo,18.9,27.6,983,3.8,21,PromoCase Brasil,Vendedor,SP,Guarulhos,False,3,False,169,2026-03-01
TTS-0649,TikTok Shop,Capa Protetora Galaxy S24 Fosca Colorida À Prova d'Água Verde,Samsung,Galaxy S24,À Prova d'Água,Verde,Novo,47.4,73.0,971,4.6,38,PromoCase Brasil,Vendedor,SC,Blumenau,True,,,221,2026-07-15
TTS-0660,TikTok Shop,Case Redmi Note 13 Fosca Fofinha Pelúcia,Xiaomi,Redmi Note 13,Pelúcia,Dourado,Novo,27.3,35.8,956,3.5,18,PromoCase Brasil,Vendedor,SP,Guarulhos,False,6,True,47,2026-04-20
TTS-0653,TikTok Shop,Capinha iPhone 15 Colorida Pelúcia,Apple,iPhone 15,Pelúcia,Preto,Novo,27.0,,947,4.2,22,PromoCase Brasil,Vendedor,PE,Olinda,False,,,293,2026-03-03
TTS-0924,TikTok Shop,Capa de Celular Galaxy S23 Glitter Premium Couro Sintético Camuflado - Samsung,Samsung,Galaxy S23,Couro Sintético,Camuflado,Novo,39.9,49.4,933,3.7,16,Flash Cases,Vendedor,SP,Osasco,False,,,251,2026-03-24
TTS-1031,TikTok Shop,Capinha Moto G24 Antichoque Pelúcia,Motorola,Moto G24,Pelúcia,Azul,Novo,27.9,42.3,921,3.9,20,Loja da Capinha,Vendedor,MG,Contagem,False,,,15,2026-03-18
TTS-0634,TikTok Shop,Capa de Celular Moto G84 Antichoque Capa com Suporte Dourado - Motorola,Motorola,Moto G84,Capa com Suporte,Dourado,Novo,23.2,39.1,894,4.9,32,Casa das Capinhas,Top Seller,GO,Aparecida de Goiânia,False,3,False,60,2026-01-09
TTS-0937,TikTok Shop,Capa de Celular Redmi Note 14 Silicone Ultra Fino Silicone Branco - Xiaomi,Xiaomi,Redmi Note 14,Silicone,Branco,Novo,9.4,12.0,891,5.0,8,Loja da Capinha,Vendedor,DF,Ceilândia,True,,,48,2026-07-21
TTS-1009,TikTok Shop,Capa de Celular Galaxy A56 Espelhada Com Desenho Capa com Suporte Cinza,Samsung,Galaxy A56,Capa com Suporte,Cinza,Novo,24.0,41.4,881,3.3,25,Ofertas Case BR,Vendedor,MG,Uberlândia,False,3,False,222,2026-08-09
TTS-0844,TikTok Shop,Capinha Moto Edge 50 Geométrica Camuflada TPU com Cordão,Motorola,Moto Edge 50,TPU com Cordão,Amarelo,Novo,12.9,18.4,879,3.7,40,Capinha da Moda,Top Seller,AM,Parintins,False,6,True,276,2026-01-06
TTS-0966,TikTok Shop,Capa de Celular iPhone 13 Texturizada Anti-Risco Pelúcia - Apple,Apple,iPhone 13,Pelúcia,Amarelo,Novo,19.9,24.5,854,4.7,28,Capinha da Moda,Vendedor,BA,Salvador,False,3,True,123,2025-09-12
TTS-0826,TikTok Shop,Capa de Celular Moto G24 Com Desenho Couro Couro Sintético Verde - Motorola,Motorola,Moto G24,Couro Sintético,Verde,Novo,59.9,,849,4.3,32,Viral Cases Shop,Vendedor,BA,Vitória da Conquista,False,6,False,98,2025-08-05
TTS-1035,TikTok Shop,Capinha Moto G54 Floral Silicone Silicone com Anel Preto - Motorola,Motorola,Moto G54,Silicone com Anel,Preto,Novo,22.1,,823,4.3,7,PromoCase Brasil,Top Seller,SP,São Paulo,True,,,120,2025-10-15
TTS-0914,TikTok Shop,Capa Protetora Xiaomi 14 Capa Dura Colorida Policarbonato Branco,Xiaomi,Xiaomi 14,Policarbonato,Branco,Novo,17.5,25.8,820,5.0,9,Flash Cases,Top Seller,CE,Fortaleza,False,3,True,186,2026-01-28
TTS-0629,TikTok Shop,Capa Protetora Moto G54 Fosca Geométrica TPU com Cordão - Motorola,Motorola,Moto G54,TPU com Cordão,Preto,Novo,37.9,47.9,815,4.1,13,Loja da Capinha,Top Seller,SP,São Paulo,False,6,False,74,2026-01-24
TTS-0936,TikTok Shop,Capinha Galaxy A56 Fosca Silicone com MagSafe Camuflado - Samsung,Samsung,Galaxy A56,Silicone com MagSafe,Camuflado,Novo,36.0,,811,5.0,9,Ofertas Case BR,Loja Oficial,MG,Belo Horizonte,False,6,True,256,2025-08-10
TTS-0872,TikTok Shop,Case Moto Edge 50 Antichoque Silicone com Anel - Motorola,Motorola,Moto Edge 50,Silicone com Anel,Cinza,Novo,26.3,42.7,758,4.3,31,Case Lovers BR,Vendedor,RS,Pelotas,True,,,102,2026-03-29
TTS-0956,TikTok Shop,Capinha Moto G85 Fosca TPU Vermelho - Motorola,Motorola,Moto G85,TPU,Vermelho,Novo,12.9,,745,4.1,26,Casa das Capinhas,Vendedor,MG,Juiz de Fora,False,,,8,2025-08-01
TTS-0876,TikTok Shop,Capinha Moto G24 Com Desenho Silicone,Motorola,Moto G24,Silicone,Verde,Novo,10.4,14.2,733,4.7,10,Viral Cases Shop,Top Seller,RJ,Duque de Caxias,False,,,219,2026-01-18
TTS-0840,TikTok Shop,Capa Protetora Moto Edge 50 Colorida Camuflada Acrílico Cristal - Motorola,Motorola,Moto Edge 50,Acrílico Cristal,Prata,Novo,27.9,,730,4.1,33,Casa das Capinhas,Vendedor,DF,Taguatinga,False,,,281,2025-09-13
TTS-0967,TikTok Shop,Capinha Xiaomi 14 Antichoque Colorida À Prova d'Água Prata,Xiaomi,Xiaomi 14,À Prova d'Água,Prata,Novo,34.9,,718,4.8,27,Ofertas Case BR,Vendedor,SP,São Bernardo do Campo,False,,,142,2026-05-03
TTS-0722,TikTok Shop,Capa de Celular iPhone 12 Colorida Transparente Acrílico Cristal Transparente - Apple,Apple,iPhone 12,Acrílico Cristal,Transparente,Novo,19.8,24.6,702,4.0,29,Viral Cases Shop,Vendedor,SP,Campinas,False,,,49,2025-12-23
TTS-0843,TikTok Shop,Capa Protetora Moto Edge 50 TPU TPU Roxo - Motorola,Motorola,Moto Edge 50,TPU,Roxo,Novo,10.4,18.7,692,4.2,8,PromoCase Brasil,Vendedor,PA,Belém,True,,,271,2025-09-08
TTS-0655,TikTok Shop,Capinha Redmi Note 14 Camuflada À Prova d'Água Transparente - Xiaomi,Xiaomi,Redmi Note 14,À Prova d'Água,Transparente,Novo,54.7,94.4,671,4.5,8,Capinha da Moda,Top Seller,ES,Serra,True,,,173,2025-12-24
TTS-0880,TikTok Shop,Case iPhone 11 Ultra Fino MagSafe Silicone com MagSafe Vermelho - Apple,Apple,iPhone 11,Silicone com MagSafe,Vermelho,Novo,22.9,,664,4.2,14,Casa das Capinhas,Loja Oficial,SP,São Bernardo do Campo,True,6,False,196,2025-11-01
TTS-0817,TikTok Shop,Capinha Moto G54 Camuflada Transparente Couro com MagSafe Cinza - Motorola,Motorola,Moto G54,Couro com MagSafe,Cinza,Novo,63.9,103.7,657,4.1,15,Viral Cases Shop,Vendedor,CE,Juazeiro do Norte,True,,,144,2025-09-04
TTS-0911,TikTok Shop,Capa Protetora iPhone 14 Texturizada Silicone com Anel - Apple,Apple,iPhone 14,Silicone com Anel,Preto,Novo,16.1,,645,4.6,20,Viral Cases Shop,Vendedor,PR,Curitiba,True,6,True,197,2026-07-01
TTS-0794,TikTok Shop,Case Redmi Note 12 Antichoque Couro Sintético,Xiaomi,Redmi Note 12,Couro Sintético,Azul,Novo,33.3,,644,3.6,31,PromoCase Brasil,Vendedor,ES,Vila Velha,True,,,40,2025-11-13
TTS-0645,TikTok Shop,Capinha Redmi 13C Antichoque Texturizada Acrílico Cristal,Xiaomi,Redmi 13C,Acrílico Cristal,Marrom,Novo,27.9,,629,4.9,15,Viral Cases Shop,Top Seller,RS,Porto Alegre,False,6,False,113,2025-08-30
TTS-0960,TikTok Shop,Capinha realme 12 Camuflada Fosca TPU Roxo - realme,realme,realme 12,TPU,Roxo,Novo,7.3,,616,5.0,11,PromoCase Brasil,Vendedor,SP,São Paulo,False,6,False,62,2026-03-04
TTS-0746,TikTok Shop,Capa de Celular iPhone 15 Antichoque Couro com MagSafe Dourado,Apple,iPhone 15,Couro com MagSafe,Dourado,Novo,89.9,132.4,613,4.4,8,Flash Cases,Vendedor,MG,Contagem,False,6,False,241,2025-12-26
TTS-0787,TikTok Shop,Capinha iPhone 13 Com Desenho À Prova d'Água - Apple,Apple,iPhone 13,À Prova d'Água,Amarelo,Novo,49.5,,596,4.5,28,Flash Cases,Vendedor,GO,Aparecida de Goiânia,False,,,0,2025-10-13
TTS-0926,TikTok Shop,Capinha Galaxy A56 Colorida TPU com Cordão Transparente,Samsung,Galaxy A56,TPU com Cordão,Transparente,Novo,37.9,63.3,590,4.4,17,TopTrend Acessórios,Top Seller,SP,São Paulo,True,3,True,258,2025-10-29
TTS-0705,TikTok Shop,Capinha iPhone 11 Com Desenho Colorida Policarbonato Preto,Apple,iPhone 11,Policarbonato,Preto,Novo,16.1,,583,3.7,17,Viral Cases Shop,Vendedor,SP,São Paulo,True,6,False,125,2026-04-27
TTS-0707,TikTok Shop,Capinha Xiaomi 14 Texturizada Fosca Pelúcia - Xiaomi,Xiaomi,Xiaomi 14,Pelúcia,Prata,Novo,44.9,55.2,576,3.8,16,PromoCase Brasil,Vendedor,MG,Juiz de Fora,False,,,94,2026-06-10
TTS-0898,TikTok Shop,Capa Protetora iPhone 13 Anti-Risco Texturizada Couro com MagSafe,Apple,iPhone 13,Couro com MagSafe,Verde,Novo,69.9,86.7,571,4.9,16,Trendy Acessórios,Vendedor,SP,São Paulo,False,,,113,2026-03-19
TTS-0973,TikTok Shop,Capinha iPhone 11 Glitter Colorida Pelúcia Branco,Apple,iPhone 11,Pelúcia,Branco,Novo,32.9,41.6,530,4.7,9,Loja da Capinha,Vendedor,MG,Juiz de Fora,True,,,222,2026-08-05
TTS-0976,TikTok Shop,Capinha realme C53 Transparente Capa Dura Policarbonato - realme,realme,realme C53,Policarbonato,Branco,Novo,15.5,25.7,523,4.4,16,Loja da Capinha,Top Seller,AM,Manaus,False,,,206,2025-11-10
TTS-0632,TikTok Shop,Case iPhone 13 Espelhada Silicone com MagSafe - Apple,Apple,iPhone 13,Silicone com MagSafe,Roxo,Novo,21.9,33.4,497,4.5,21,Ofertas Case BR,Vendedor,SP,Osasco,False,,,243,2025-12-14
TTS-0757,TikTok Shop,Case Moto G85 Fosca TPU com Cordão - Motorola,Motorola,Moto G85,TPU com Cordão,Cinza,Novo,14.9,,496,4.2,23,TopTrend Acessórios,Vendedor,SP,Osasco,False,,,223,2025-08-21
TTS-0974,TikTok Shop,Capinha realme C53 Silicone Ultra Fino Silicone,realme,realme C53,Silicone,Preto,Novo,9.9,17.2,492,4.4,13,TopTrend Acessórios,Top Seller,BA,Salvador,False,,,237,2026-02-06
TTS-0874,TikTok Shop,Capa Protetora Galaxy A35 Fofinha Ultra Fino Pelúcia - Samsung,Samsung,Galaxy A35,Pelúcia,Dourado,Novo,22.4,,484,4.9,3,PromoCase Brasil,Loja Oficial,PR,Curitiba,False,3,False,149,2025-08-08
TTS-0729,TikTok Shop,Case Moto Edge 50 Colorida Com Desenho Couro Sintético Verde - Motorola,Motorola,Moto Edge 50,Couro Sintético,Verde,Novo,41.8,63.7,480,4.4,9,Trendy Acessórios,Loja Oficial,PR,Maringá,False,3,False,2,2025-11-14
TTS-1013,TikTok Shop,Capinha realme 12 Transparente Silicone com MagSafe - realme,realme,realme 12,Silicone com MagSafe,Roxo,Novo,49.9,89.2,479,4.1,20,Flash Cases,Vendedor,RJ,Niterói,False,,,161,2025-09-11
TTS-0884,TikTok Shop,Case iPhone 13 Glitter TPU com Cordão Prata - Apple,Apple,iPhone 13,TPU com Cordão,Prata,Novo,24.9,30.0,464,3.8,9,Capinha da Moda,Vendedor,RS,Porto Alegre,False,,,98,2025-08-11
TTS-0786,TikTok Shop,Capinha Galaxy S25 Ultra Fosca Silicone Camuflado,Samsung,Galaxy S25 Ultra,Silicone,Camuflado,Novo,59.9,,447,4.4,6,PromoCase Brasil,Vendedor,MG,Contagem,False,,,70,2025-09-21
TTS-0904,TikTok Shop,Capa de Celular realme 11 Espelhada Antichoque Couro Sintético Preto - realme,realme,realme 11,Couro Sintético,Preto,Novo,32.3,52.5,437,5.0,3,Casa das Capinhas,Vendedor,PR,Curitiba,True,6,False,194,2026-02-21
TTS-0798,TikTok Shop,Case Moto G54 Glitter Texturizada Pelúcia - Motorola,Motorola,Moto G54,Pelúcia,Cinza,Novo,44.9,63.3,435,5.0,5,Viral Cases Shop,Vendedor,SC,Florianópolis,False,,,0,2025-10-09
TTS-0737,TikTok Shop,Capa Protetora Galaxy M35 Espelhada Pelúcia - Samsung,Samsung,Galaxy M35,Pelúcia,Roxo,Novo,29.5,,431,5.0,14,Casa das Capinhas,Vendedor,SP,Campinas,True,6,False,112,2026-06-22
TTS-1019,TikTok Shop,Capinha Galaxy S25 Ultra Camuflada Silicone com Anel Laranja - Samsung,Samsung,Galaxy S25 Ultra,Silicone com Anel,Laranja,Novo,26.9,41.3,428,4.3,3,Trendy Acessórios,Top Seller,RJ,Duque de Caxias,False,,,73,2026-06-09
TTS-0716,TikTok Shop,Capinha Galaxy A35 Anti-Risco Antichoque À Prova d'Água Laranja,Samsung,Galaxy A35,À Prova d'Água,Laranja,Novo,54.7,,420,3.9,16,Viral Cases Shop,Vendedor,MG,Juiz de Fora,False,3,True,265,2026-04-17
TTS-0661,TikTok Shop,Capa Protetora Galaxy S25 Ultra TPU TPU com Cordão,Samsung,Galaxy S25 Ultra,TPU com Cordão,Transparente,Novo,64.9,116.4,410,4.7,13,TopTrend Acessórios,Vendedor,SP,São Paulo,False,,,159,2025-08-09
TTS-0743,TikTok Shop,Capa Protetora Galaxy A56 Colorida Pelúcia - Samsung,Samsung,Galaxy A56,Pelúcia,Branco,Novo,25.8,,407,4.3,12,Viral Cases Shop,Vendedor,BA,Salvador,False,,,57,2025-11-02
TTS-0885,TikTok Shop,Capa de Celular Poco X6 Pro Transparente TPU Rosa - Xiaomi,Xiaomi,Poco X6 Pro,TPU,Rosa,Novo,13.4,23.7,407,4.4,3,Trendy Acessórios,Vendedor,PA,Belém,True,,,163,2025-12-21
TTS-0851,TikTok Shop,Capinha realme 12 Transparente Fosca Couro com MagSafe Dourado,realme,realme 12,Couro com MagSafe,Dourado,Novo,41.7,56.5,398,4.3,19,Viral Cases Shop,Vendedor,GO,Anápolis,False,,,75,2025-11-13
TTS-0795,TikTok Shop,Capinha iPhone 15 Antichoque Transparente Policarbonato - Apple,Apple,iPhone 15,Policarbonato,Vermelho,Novo,16.9,,343,5.0,12,TopTrend Acessórios,Vendedor,RS,Canoas,False,,,85,2026-05-08
TTS-0643,TikTok Shop,Case Galaxy A35 Transparente Premium Couro Sintético - Samsung,Samsung,Galaxy A35,Couro Sintético,Verde,Novo,59.9,,339,4.5,4,TopTrend Acessórios,Vendedor,RJ,Duque de Caxias,False,3,False,26,2025-12-09
TTS-0939,TikTok Shop,Case Moto Edge 50 Capa Dura Glitter Policarbonato - Motorola,Motorola,Moto Edge 50,Policarbonato,Laranja,Novo,16.9,28.1,335,4.5,4,Viral Cases Shop,Vendedor,SC,Florianópolis,True,6,True,225,2025-12-15
TTS-1022,TikTok Shop,Capinha iPhone 16 Pro Max Geométrica Silicone Branco - Apple,Apple,iPhone 16 Pro Max,Silicone,Branco,Novo,14.8,18.1,334,3.9,13,Viral Cases Shop,Vendedor,BA,Feira de Santana,False,,,31,2025-11-12
TTS-0860,TikTok Shop,Case Moto G54 Fosca Antichoque Policarbonato - Motorola,Motorola,Moto G54,Policarbonato,Laranja,Novo,37.9,,333,4.1,7,Ofertas Case BR,Vendedor,CE,Fortaleza,False,3,True,254,2025-12-12
TTS-0739,TikTok Shop,Case realme 12 Floral Texturizada Couro Sintético,realme,realme 12,Couro Sintético,Branco,Novo,30.7,,324,4.2,7,Ofertas Case BR,Vendedor,RJ,Niterói,True,,,292,2025-08-04
TTS-0621,TikTok Shop,Capa Protetora Moto G24 Colorida Couro com MagSafe Prata,Motorola,Moto G24,Couro com MagSafe,Prata,Novo,44.9,68.3,317,4.1,4,Capinha da Moda,Loja Oficial,RJ,Campos dos Goytacazes,True,6,False,51,2026-06-24
TTS-0829,TikTok Shop,Capa de Celular Redmi 13C Ultra Fino Capa com Suporte - Xiaomi,Xiaomi,Redmi 13C,Capa com Suporte,Cinza,Novo,25.8,38.1,291,3.9,12,Ofertas Case BR,Vendedor,SP,Guarulhos,False,,,25,2026-07-02
TTS-1015,TikTok Shop,Capa Protetora Redmi Note 14 Floral Texturizada Policarbonato - Xiaomi,Xiaomi,Redmi Note 14,Policarbonato,Marrom,Novo,22.8,40.7,282,4.2,2,Case Lovers BR,Vendedor,DF,Ceilândia,False,3,False,169,2026-08-16
TTS-0659,TikTok Shop,Capa Protetora Xiaomi 14 Lisa Geométrica Capa com Suporte,Xiaomi,Xiaomi 14,Capa com Suporte,Marrom,Novo,24.9,40.9,273,3.9,11,Capinha da Moda,Loja Oficial,GO,Aparecida de Goiânia,True,,,256,2025-07-27
TTS-0802,TikTok Shop,Case iPhone 16 Pro Max Colorida Colorida TPU com Cordão Marrom - Apple,Apple,iPhone 16 Pro Max,TPU com Cordão,Marrom,Novo,12.4,20.1,273,3.9,4,Casa das Capinhas,Top Seller,SC,Chapecó,False,,,266,2025-12-23
TTS-1021,TikTok Shop,Capa de Celular Redmi Note 13 Anti-Risco TPU - Xiaomi,Xiaomi,Redmi Note 13,TPU,Rosa,Novo,7.9,,248,3.5,5,Case Lovers BR,Vendedor,GO,Aparecida de Goiânia,False,,,214,2026-03-16
TTS-0878,TikTok Shop,Capinha Poco X6 Pro Com Desenho Texturizada Couro Sintético - Xiaomi,Xiaomi,Poco X6 Pro,Couro Sintético,Roxo,Novo,40.3,51.6,244,4.5,1,Capinha da Moda,Vendedor,PR,Londrina,False,,,34,2026-03-15
TTS-0715,TikTok Shop,Capa Protetora Moto G54 Couro Premium Couro com MagSafe Transparente - Motorola,Motorola,Moto G54,Couro com MagSafe,Transparente,Novo,37.9,62.4,243,4.3,4,Flash Cases,Top Seller,SP,Osasco,True,6,False,183,2026-05-18
TTS-0934,TikTok Shop,Capa de Celular Redmi Note 14 Ultra Fino Glitter Silicone com Anel - Xiaomi,Xiaomi,Redmi Note 14,Silicone com Anel,Verde,Novo,17.9,,241,4.1,10,Capinha da Moda,Top Seller,PE,Petrolina,True,6,False,111,2026-05-30
TTS-1032,TikTok Shop,Capa Protetora Redmi Note 14 Camuflada Silicone com Anel Dourado - Xiaomi,Xiaomi,Redmi Note 14,Silicone com Anel,Dourado,Novo,24.9,37.0,241,4.7,5,Case Lovers BR,Vendedor,CE,Fortaleza,False,,,0,2025-10-22
TTS-0879,TikTok Shop,Capinha realme 11 Com Desenho Lisa Couro com MagSafe Amarelo,realme,realme 11,Couro com MagSafe,Amarelo,Novo,67.5,,232,4.2,5,Case Lovers BR,Vendedor,SP,Guarulhos,True,,,42,2026-03-07
TTS-0948,TikTok Shop,Capinha iPhone 15 TPU Texturizada TPU com Cordão - Apple,Apple,iPhone 15,TPU com Cordão,Amarelo,Novo,16.1,,228,4.6,10,Capinha da Moda,Vendedor,ES,Vitória,False,,,89,2025-08-05
TTS-1033,TikTok Shop,Capa de Celular Moto G84 Ultra Fino À Prova d'Água,Motorola,Moto G84,À Prova d'Água,Branco,Novo,59.5,75.9,227,4.2,3,Trendy Acessórios,Top Seller,MA,São Luís,False,,,266,2026-02-07
TTS-0749,TikTok Shop,Case realme Note 50 Antichoque Texturizada Pelúcia - realme,realme,realme Note 50,Pelúcia,Transparente,Novo,29.9,,226,4.6,3,Trendy Acessórios,Vendedor,MG,Contagem,False,6,True,138,2026-02-11
TTS-0799,TikTok Shop,Capinha Galaxy S25 Floral Lisa TPU com Cordão Marrom - Samsung,Samsung,Galaxy S25,TPU com Cordão,Marrom,Novo,11.2,15.5,224,4.2,3,Viral Cases Shop,Vendedor,PR,Cascavel,True,3,False,50,2025-11-22
TTS-0913,TikTok Shop,Capinha Xiaomi 14 Com Desenho Fosca TPU Roxo,Xiaomi,Xiaomi 14,TPU,Roxo,Novo,7.7,9.5,222,3.6,8,Viral Cases Shop,Top Seller,SP,São Paulo,False,,,77,2026-01-05
TTS-0867,TikTok Shop,Capinha realme C53 Texturizada Couro com MagSafe,realme,realme C53,Couro com MagSafe,Transparente,Novo,44.1,79.0,221,3.7,6,Trendy Acessórios,Vendedor,SP,Osasco,False,,,249,2026-05-02
TTS-0863,TikTok Shop,Capinha Redmi 13C Espelhada Capa com Suporte Branco - Xiaomi,Xiaomi,Redmi 13C,Capa com Suporte,Branco,Novo,29.9,44.4,218,4.1,2,Loja da Capinha,Vendedor,GO,Aparecida de Goiânia,False,6,False,202,2026-06-06
TTS-0763,TikTok Shop,Case Moto Edge 50 Espelhada Ultra Fino Silicone Azul,Motorola,Moto Edge 50,Silicone,Azul,Novo,11.9,,217,3.4,9,Loja da Capinha,Vendedor,RJ,Duque de Caxias,True,6,True,252,2025-11-28
TTS-1028,TikTok Shop,Case iPhone 15 Transparente Texturizada Couro Sintético,Apple,iPhone 15,Couro Sintético,Transparente,Novo,25.4,36.9,217,5.0,6,TopTrend Acessórios,Top Seller,RJ,Rio de Janeiro,False,,,205,2026-04-18
TTS-0856,TikTok Shop,Capa Protetora Moto G54 Glitter Transparente À Prova d'Água - Motorola,Motorola,Moto G54,À Prova d'Água,Prata,Novo,57.5,91.8,210,4.8,4,Capinha da Moda,Vendedor,MG,Uberlândia,False,3,False,117,2025-08-17
TTS-0692,TikTok Shop,Capinha Poco X6 Anti-Risco TPU com Cordão Dourado - Xiaomi,Xiaomi,Poco X6,TPU com Cordão,Dourado,Novo,12.7,,207,3.6,8,Ofertas Case BR,Vendedor,SP,Osasco,False,,,8,2025-11-18
TTS-0920,TikTok Shop,Case realme 11 Espelhada Silicone com MagSafe,realme,realme 11,Silicone com MagSafe,Verde,Novo,69.9,89.7,205,3.9,1,Capinha da Moda,Vendedor,PR,Curitiba,False,6,False,269,2025-10-27
TTS-0935,TikTok Shop,Case Moto G85 Transparente Com Suporte Capa com Suporte - Motorola,Motorola,Moto G85,Capa com Suporte,Cinza,Novo,23.8,40.2,204,4.0,5,Trendy Acessórios,Top Seller,RJ,Duque de Caxias,False,,,81,2026-05-29
TTS-0912,TikTok Shop,Capinha iPhone 15 Glitter Floral Couro com MagSafe - Apple,Apple,iPhone 15,Couro com MagSafe,Amarelo,Novo,69.0,105.3,201,4.5,4,Flash Cases,Vendedor,RS,Porto Alegre,False,,,101,2025-09-21
TTS-0984,TikTok Shop,Capa de Celular Redmi 13C Floral Acrílico Cristal - Xiaomi,Xiaomi,Redmi 13C,Acrílico Cristal,Laranja,Novo,25.1,43.6,201,4.1,1,Trendy Acessórios,Vendedor,AM,Manaus,False,6,False,14,2026-02-15
TTS-0983,TikTok Shop,Capa Protetora realme Note 50 Glitter Silicone com MagSafe - realme,realme,realme Note 50,Silicone com MagSafe,Rosa,Novo,64.9,,200,5.0,4,Viral Cases Shop,Vendedor,GO,Aparecida de Goiânia,False,3,False,25,2026-06-16
TTS-0683,TikTok Shop,Capa Protetora Galaxy A35 Ultra Fino Silicone com MagSafe Laranja - Samsung,Samsung,Galaxy A35,Silicone com MagSafe,Laranja,Novo,41.3,73.0,196,4.0,2,Case Lovers BR,Vendedor,PE,Olinda,True,6,False,17,2026-04-27
TTS-0630,TikTok Shop,Capa Protetora Moto G24 Com Desenho Transparente À Prova d'Água - Motorola,Motorola,Moto G24,À Prova d'Água,Amarelo,Novo,27.9,50.2,195,3.9,2,Case Lovers BR,Vendedor,SP,Campinas,False,3,True,9,2026-06-30
TTS-0724,TikTok Shop,Capa de Celular realme Note 50 Glitter Anti-Risco À Prova d'Água - realme,realme,realme Note 50,À Prova d'Água,Laranja,Novo,22.9,,185,5.0,8,PromoCase Brasil,Top Seller,MG,Juiz de Fora,True,,,162,2026-06-20
TTS-0789,TikTok Shop,Capinha realme 11 Colorida À Prova d'Água Prata - realme,realme,realme 11,À Prova d'Água,Prata,Novo,59.8,76.7,184,3.8,9,Loja da Capinha,Vendedor,SP,Guarulhos,True,3,True,4,2025-10-31
TTS-0665,TikTok Shop,Capa Protetora Galaxy S24 Pelúcia Com Desenho Pelúcia - Samsung,Samsung,Galaxy S24,Pelúcia,Cinza,Novo,26.9,40.7,183,4.9,2,Loja da Capinha,Vendedor,SP,Osasco,False,6,False,53,2026-01-02
TTS-0963,TikTok Shop,Capa de Celular Moto G85 Espelhada Silicone Silicone Laranja - Motorola,Motorola,Moto G85,Silicone,Laranja,Novo,27.9,,179,4.4,5,Loja da Capinha,Vendedor,RJ,Niterói,True,,,7,2025-08-13
TTS-0869,TikTok Shop,Capa Protetora iPhone 11 Colorida Camuflada À Prova d'Água,Apple,iPhone 11,À Prova d'Água,Verde,Novo,38.8,,174,4.2,6,TopTrend Acessórios,Vendedor,SP,Campinas,True,6,False,0,2026-02-09
TTS-0803,TikTok Shop,Capinha iPhone 14 Anti-Risco Floral Silicone Prata - Apple,Apple,iPhone 14,Silicone,Prata,Novo,14.2,21.3,172,4.3,3,Trendy Acessórios,Loja Oficial,BA,Feira de Santana,False,3,False,25,2026-05-10
TTS-0759,TikTok Shop,Capinha Moto G54 Com Desenho À Prova d'Água Preto,Motorola,Moto G54,À Prova d'Água,Preto,Novo,35.3,49.7,170,4.0,7,Trendy Acessórios,Vendedor,ES,Vila Velha,False,,,69,2025-10-22
TTS-0832,TikTok Shop,Capa de Celular Redmi Note 13 Policarbonato Capa com Suporte,Xiaomi,Redmi Note 13,Capa com Suporte,Dourado,Novo,29.7,38.3,170,4.7,5,Flash Cases,Top Seller,CE,Juazeiro do Norte,False,3,False,184,2025-10-24
TTS-0767,TikTok Shop,Capa de Celular Galaxy A56 Transparente Antichoque Silicone Marrom,Samsung,Galaxy A56,Silicone,Marrom,Novo,12.9,18.7,168,4.7,7,Viral Cases Shop,Vendedor,RJ,Rio de Janeiro,False,,,245,2026-01-29
TTS-0827,TikTok Shop,Capa Protetora Poco X6 Lisa Fosca Couro Sintético Dourado - Xiaomi,Xiaomi,Poco X6,Couro Sintético,Dourado,Novo,28.8,,166,4.0,5,Ofertas Case BR,Top Seller,GO,Aparecida de Goiânia,False,,,67,2025-08-06
TTS-0899,TikTok Shop,Capa de Celular iPhone 15 Glitter Espelhada Capa com Suporte Roxo - Apple,Apple,iPhone 15,Capa com Suporte,Roxo,Novo,39.9,,162,3.9,4,Capinha da Moda,Vendedor,PR,Cascavel,False,3,True,296,2026-02-09
TTS-0690,TikTok Shop,Case Moto G85 Magnética Couro com MagSafe,Motorola,Moto G85,Couro com MagSafe,Rosa,Novo,41.8,54.1,161,3.5,2,TopTrend Acessórios,Top Seller,PR,Cascavel,False,6,False,271,2026-02-21
TTS-0666,TikTok Shop,Capinha Galaxy A56 Silicone Texturizada Silicone,Samsung,Galaxy A56,Silicone,Verde,Novo,16.6,25.0,160,4.0,7,Casa das Capinhas,Top Seller,RJ,Niterói,False,,,74,2025-07-16
TTS-0673,TikTok Shop,Capa Protetora Redmi Note 12 Colorida Com Desenho Pelúcia,Xiaomi,Redmi Note 12,Pelúcia,Marrom,Novo,24.2,,156,4.4,6,TopTrend Acessórios,Vendedor,SP,Guarulhos,False,,,30,2025-10-15
TTS-0676,TikTok Shop,Capa Protetora Moto G84 Floral Policarbonato,Motorola,Moto G84,Policarbonato,Branco,Novo,27.9,,153,4.3,3,PromoCase Brasil,Top Seller,PE,Petrolina,True,3,True,279,2026-07-21
TTS-0894,TikTok Shop,Capa de Celular Galaxy M15 Antichoque Espelhada TPU Verde - Samsung,Samsung,Galaxy M15,TPU,Verde,Novo,64.9,,151,4.3,6,Viral Cases Shop,Vendedor,SC,Florianópolis,True,,,36,2025-10-21
TTS-0623,TikTok Shop,Capa Protetora Redmi Note 13 Camuflada Com Desenho Capa com Suporte Laranja - Xiaomi,Xiaomi,Redmi Note 13,Capa com Suporte,Laranja,Novo,33.9,,149,4.8,6,Casa das Capinhas,Top Seller,SP,São Bernardo do Campo,True,3,False,135,2025-09-19
TTS-0862,TikTok Shop,Case iPhone 14 Anti-Risco Texturizada Silicone com MagSafe - Apple,Apple,iPhone 14,Silicone com MagSafe,Rosa,Novo,69.9,,149,4.8,1,Capinha da Moda,Top Seller,RJ,Rio de Janeiro,True,,,62,2026-07-04
TTS-0888,TikTok Shop,Capa de Celular Moto G54 Texturizada Couro com MagSafe Rosa - Motorola,Motorola,Moto G54,Couro com MagSafe,Rosa,Novo,54.9,86.9,147,4.4,6,PromoCase Brasil,Vendedor,SP,São Bernardo do Campo,True,,,32,2025-11-22
TTS-0896,TikTok Shop,Case realme 11 Texturizada Lisa TPU com Cordão Amarelo,realme,realme 11,TPU com Cordão,Amarelo,Novo,17.9,,145,4.6,2,Loja da Capinha,Vendedor,BA,Feira de Santana,False,,,39,2025-12-03
TTS-0845,TikTok Shop,Capa Protetora realme C53 Com Desenho Geométrica Silicone Vermelho - realme,realme,realme C53,Silicone,Vermelho,Novo,79.9,,142,4.1,2,TopTrend Acessórios,Loja Oficial,SP,São Paulo,True,,,138,2026-03-05
TTS-1034,TikTok Shop,Case iPhone 15 Lisa Policarbonato Capa com Suporte - Apple,Apple,iPhone 15,Capa com Suporte,Vermelho,Novo,25.0,33.5,142,4.8,1,TopTrend Acessórios,Vendedor,PE,Petrolina,False,,,181,2025-10-24
TTS-0730,TikTok Shop,Capinha Galaxy M35 Ultra Fino Antichoque Capa com Suporte Camuflado,Samsung,Galaxy M35,Capa com Suporte,Camuflado,Novo,16.9,,140,4.0,5,Ofertas Case BR,Top Seller,MA,São Luís,True,,,107,2025-10-23
TTS-0849,TikTok Shop,Capa Protetora Galaxy S25 Ultra Lisa TPU com Cordão Camuflado - Samsung,Samsung,Galaxy S25 Ultra,TPU com Cordão,Camuflado,Novo,26.9,37.6,137,4.4,6,TopTrend Acessórios,Top Seller,SP,São Bernardo do Campo,False,,,208,2026-04-20
TTS-0917,TikTok Shop,Capa Protetora iPhone 16 Espelhada Fosca Pelúcia Prata - Apple,Apple,iPhone 16,Pelúcia,Prata,Novo,22.4,,134,4.5,3,Loja da Capinha,Top Seller,RS,Caxias do Sul,False,3,False,108,2025-08-02
TTS-0810,TikTok Shop,Capinha Galaxy A55 Ultra Fino Capa com Suporte Rosa - Samsung,Samsung,Galaxy A55,Capa com Suporte,Rosa,Novo,32.1,,131,4.6,6,Flash Cases,Vendedor,SC,Florianópolis,True,3,True,86,2026-05-27
TTS-1027,TikTok Shop,Capinha Moto Edge 50 Colorida TPU,Motorola,Moto Edge 50,TPU,Azul,Novo,8.3,,127,4.4,3,Flash Cases,Vendedor,MG,Contagem,True,3,False,224,2025-07-19
TTS-1029,TikTok Shop,Capa de Celular Galaxy A16 Antichoque Com Suporte Capa com Suporte Marrom - Samsung,Samsung,Galaxy A16,Capa com Suporte,Marrom,Novo,69.9,,127,4.4,3,Flash Cases,Vendedor,MA,Imperatriz,False,6,False,285,2025-07-30
TTS-0635,TikTok Shop,Capa de Celular Galaxy S23 Anti-Risco À Prova d'Água - Samsung,Samsung,Galaxy S23,À Prova d'Água,Azul,Novo,46.5,78.2,124,4.0,1,Viral Cases Shop,Vendedor,SP,Osasco,True,6,False,105,2025-11-15
TTS-0674,TikTok Shop,Capinha Galaxy S25 Ultra Transparente Antichoque Pelúcia - Samsung,Samsung,Galaxy S25 Ultra,Pelúcia,Camuflado,Novo,39.9,,124,4.5,1,Loja da Capinha,Top Seller,SP,Campinas,False,6,True,231,2026-02-13
TTS-0723,TikTok Shop,Capa Protetora Redmi Note 12 Ultra Fino Acrílico Cristal Prata - Xiaomi,Xiaomi,Redmi Note 12,Acrílico Cristal,Prata,Novo,15.9,20.1,124,3.6,4,Casa das Capinhas,Vendedor,SP,Osasco,True,3,True,122,2026-02-13
TTS-0762,TikTok Shop,Capinha Moto G85 Geométrica Couro Premium Couro com MagSafe Rosa - Motorola,Motorola,Moto G85,Couro com MagSafe,Rosa,Novo,47.6,74.4,124,4.8,4,Flash Cases,Vendedor,PR,Maringá,False,6,True,270,2026-02-21
TTS-0745,TikTok Shop,Capinha Galaxy S25 Ultra Espelhada Silicone Prata - Samsung,Samsung,Galaxy S25 Ultra,Silicone,Prata,Novo,12.9,,122,3.9,2,Trendy Acessórios,Vendedor,PR,Curitiba,True,,,97,2025-11-14
TTS-1003,TikTok Shop,Capa Protetora Moto G85 Ultra Fino Colorida Acrílico Cristal Laranja - Motorola,Motorola,Moto G85,Acrílico Cristal,Laranja,Novo,25.1,38.9,121,4.4,4,TopTrend Acessórios,Top Seller,SP,Osasco,False,,,19,2026-01-28
TTS-0685,TikTok Shop,Capa de Celular Moto G84 Lisa Transparente Capa com Suporte - Motorola,Motorola,Moto G84,Capa com Suporte,Dourado,Novo,27.9,46.0,111,4.6,3,PromoCase Brasil,Vendedor,RJ,Niterói,True,3,True,206,2026-02-20
TTS-0681,TikTok Shop,Capinha realme Note 50 Transparente Espelhada TPU com Cordão Cinza - realme,realme,realme Note 50,TPU com Cordão,Cinza,Novo,16.6,25.5,109,5.0,1,TopTrend Acessórios,Loja Oficial,ES,Vitória,False,3,False,101,2026-07-10
TTS-0807,TikTok Shop,Case Redmi Note 12 Magnética Couro com MagSafe - Xiaomi,Xiaomi,Redmi Note 12,Couro com MagSafe,Branco,Novo,26.9,32.4,109,3.4,3,Casa das Capinhas,Vendedor,SP,Osasco,False,,,110,2025-12-24
TTS-0859,TikTok Shop,Capa Protetora iPhone 16 Silicone Silicone com Anel Branco - Apple,Apple,iPhone 16,Silicone com Anel,Branco,Novo,49.9,,109,4.3,2,Trendy Acessórios,Vendedor,PE,Petrolina,True,,,277,2026-01-23
TTS-0636,TikTok Shop,Capinha realme 12 Transparente Policarbonato Preto - realme,realme,realme 12,Policarbonato,Preto,Novo,20.8,31.6,100,4.1,3,Casa das Capinhas,Vendedor,CE,Juazeiro do Norte,False,,,186,2025-12-31
TTS-0837,TikTok Shop,Capa de Celular iPhone 13 Com Anel Espelhada Silicone com Anel - Apple,Apple,iPhone 13,Silicone com Anel,Marrom,Novo,17.6,24.7,100,3.7,3,Casa das Capinhas,Top Seller,RJ,Niterói,False,,,229,2025-11-24
TTS-0778,TikTok Shop,Capa Protetora realme 11 Texturizada TPU com Cordão Roxo - realme,realme,realme 11,TPU com Cordão,Roxo,Novo,18.1,32.4,99,4.1,3,Loja da Capinha,Loja Oficial,MG,Uberlândia,False,6,True,0,2026-06-28
TTS-0853,TikTok Shop,Case Galaxy M35 Espelhada Silicone,Samsung,Galaxy M35,Silicone,Prata,Novo,89.9,110.2,99,4.6,3,TopTrend Acessórios,Top Seller,SP,Campinas,False,3,True,31,2026-01-30
TTS-0938,TikTok Shop,Capa de Celular Galaxy A15 Fosca Glitter Silicone com Anel - Samsung,Samsung,Galaxy A15,Silicone com Anel,Vermelho,Novo,20.3,,99,4.5,1,Trendy Acessórios,Vendedor,CE,Fortaleza,False,3,False,140,2025-11-12
TTS-0981,TikTok Shop,Capa de Celular iPhone 13 Com Desenho Silicone Silicone com Anel - Apple,Apple,iPhone 13,Silicone com Anel,Verde,Novo,26.4,33.5,98,4.4,0,Ofertas Case BR,Vendedor,BA,Vitória da Conquista,False,6,True,143,2025-11-04
TTS-0850,TikTok Shop,Capa de Celular iPhone 15 Antichoque Anti-Risco Couro Sintético - Apple,Apple,iPhone 15,Couro Sintético,Roxo,Novo,26.6,,97,4.8,2,Flash Cases,Top Seller,PR,Cascavel,True,3,False,169,2025-12-04
TTS-0704,TikTok Shop,Capa de Celular realme Note 50 Com Desenho Acrílico Cristal,realme,realme Note 50,Acrílico Cristal,Cinza,Novo,22.4,,96,4.5,4,Ofertas Case BR,Vendedor,PR,Cascavel,True,,,226,2026-04-13
TTS-0791,TikTok Shop,Capa de Celular Xiaomi 14 Texturizada Couro Sintético Marrom - Xiaomi,Xiaomi,Xiaomi 14,Couro Sintético,Marrom,Novo,31.7,,95,4.1,2,TopTrend Acessórios,Top Seller,SP,Campinas,False,,,68,2026-01-11
TTS-0672,TikTok Shop,Capa de Celular Galaxy S24 Com Desenho TPU com Cordão - Samsung,Samsung,Galaxy S24,TPU com Cordão,Prata,Novo,15.1,22.1,88,3.8,0,PromoCase Brasil,Loja Oficial,DF,Ceilândia,False,3,True,91,2026-04-16
TTS-0765,TikTok Shop,Capa de Celular Moto G84 Com Suporte Capa com Suporte Cinza - Motorola,Motorola,Moto G84,Capa com Suporte,Cinza,Novo,9.9,15.7,87,4.4,2,Case Lovers BR,Vendedor,SP,Campinas,False,6,True,243,2025-10-28
TTS-0998,TikTok Shop,Capa de Celular Moto G85 Colorida Floral À Prova d'Água Rosa - Motorola,Motorola,Moto G85,À Prova d'Água,Rosa,Novo,69.9,101.4,85,4.7,3,Casa das Capinhas,Top Seller,SP,Guarulhos,False,6,True,279,2026-06-13
TTS-0887,TikTok Shop,Capa de Celular Redmi Note 12 Ultra Fino À Prova d'Água,Xiaomi,Redmi Note 12,À Prova d'Água,Transparente,Novo,48.8,85.0,84,4.3,2,TopTrend Acessórios,Vendedor,PA,Belém,False,,,129,2026-08-02
TTS-0688,TikTok Shop,Capinha iPhone 13 Couro Couro Sintético Amarelo - Apple,Apple,iPhone 13,Couro Sintético,Amarelo,Novo,35.4,60.4,83,4.1,2,Ofertas Case BR,Vendedor,MG,Belo Horizonte,False,3,False,60,2025-10-15
TTS-0640,TikTok Shop,Capinha Redmi Note 14 Anti-Risco Espelhada TPU com Cordão - Xiaomi,Xiaomi,Redmi Note 14,TPU com Cordão,Roxo,Novo,99.9,134.6,76,4.4,3,Trendy Acessórios,Vendedor,RJ,Campos dos Goytacazes,False,3,True,257,2026-04-05
TTS-0808,TikTok Shop,Case Moto Edge 50 Lisa Espelhada Acrílico Cristal Cinza - Motorola,Motorola,Moto Edge 50,Acrílico Cristal,Cinza,Novo,9.9,16.3,74,4.0,2,Ofertas Case BR,Vendedor,SC,Chapecó,False,6,False,9,2026-04-14
TTS-1018,TikTok Shop,Capinha iPhone 14 Camuflada Lisa TPU Prata - Apple,Apple,iPhone 14,TPU,Prata,Novo,9.0,13.0,74,4.0,1,Ofertas Case BR,Top Seller,RS,Pelotas,False,,,0,2026-05-24
TTS-0991,TikTok Shop,Capa Protetora Galaxy A16 Antirrisco Camuflada Acrílico Cristal Amarelo - Samsung,Samsung,Galaxy A16,Acrílico Cristal,Amarelo,Novo,25.1,31.0,73,4.8,1,Capinha da Moda,Vendedor,PE,Caruaru,False,3,False,23,2025-08-16
TTS-0797,TikTok Shop,Capa Protetora Redmi 13C Colorida Silicone com Anel Cinza - Xiaomi,Xiaomi,Redmi 13C,Silicone com Anel,Cinza,Novo,15.8,,66,3.7,2,Flash Cases,Vendedor,SC,Joinville,False,6,True,206,2026-07-05
TTS-0881,TikTok Shop,Capa de Celular Poco X6 Pro Lisa Pelúcia Azul - Xiaomi,Xiaomi,Poco X6 Pro,Pelúcia,Azul,Novo,31.8,46.7,65,4.3,2,PromoCase Brasil,Vendedor,AM,Manaus,False,3,True,281,2026-01-02
TTS-0689,TikTok Shop,Capinha realme 11 Geométrica Colorida TPU Laranja,realme,realme 11,TPU,Laranja,Novo,12.4,,62,5.0,2,Capinha da Moda,Vendedor,AM,Manaus,True,6,False,55,2026-01-28
TTS-0677,TikTok Shop,Case Galaxy S24 Ultra Fino Com Desenho Pelúcia Rosa - Samsung,Samsung,Galaxy S24,Pelúcia,Rosa,Novo,28.3,40.6,61,4.7,0,Case Lovers BR,Vendedor,RJ,Rio de Janeiro,False,,,277,2025-08-28
TTS-0805,TikTok Shop,Capa Protetora Galaxy A15 Texturizada Silicone,Samsung,Galaxy A15,Silicone,Transparente,Novo,16.3,24.4,60,4.9,1,TopTrend Acessórios,Top Seller,MG,Uberlândia,True,6,False,94,2025-12-01
TTS-0830,TikTok Shop,Case realme 12 Transparente Silicone com Anel Branco,realme,realme 12,Silicone com Anel,Branco,Novo,16.0,23.8,60,4.0,2,Flash Cases,Vendedor,SP,São Bernardo do Campo,True,6,False,83,2026-05-24
TTS-0710,TikTok Shop,Capa de Celular iPhone 11 Policarbonato Capa com Suporte Branco,Apple,iPhone 11,Capa com Suporte,Branco,Novo,12.9,21.4,56,3.7,0,Capinha da Moda,Vendedor,PA,Ananindeua,False,3,False,81,2026-05-29
TTS-0738,TikTok Shop,Capinha Redmi 13C Ultra Fino Acrílico Cristal - Xiaomi,Xiaomi,Redmi 13C,Acrílico Cristal,Vermelho,Novo,28.6,,56,4.3,1,Capinha da Moda,Vendedor,CE,Sobral,False,,,80,2025-11-30
TTS-0654,TikTok Shop,Capa Protetora iPhone 11 Colorida Glitter TPU Dourado,Apple,iPhone 11,TPU,Dourado,Novo,39.9,,51,4.1,1,Ofertas Case BR,Vendedor,PE,Caruaru,True,,,231,2026-05-12
TTS-0925,TikTok Shop,Capa de Celular Moto G54 Texturizada TPU - Motorola,Motorola,Moto G54,TPU,Verde,Novo,9.4,15.1,46,4.5,0,TopTrend Acessórios,Vendedor,PE,Petrolina,True,,,286,2026-06-23
TTS-0775,TikTok Shop,Case Galaxy A16 Com Anel Espelhada Silicone com Anel Prata - Samsung,Samsung,Galaxy A16,Silicone com Anel,Prata,Novo,29.1,36.5,43,5.0,0,Capinha da Moda,Vendedor,RS,Canoas,False,6,True,159,2025-09-15
TTS-0945,TikTok Shop,Capinha Xiaomi 14 Transparente TPU com Cordão Amarelo,Xiaomi,Xiaomi 14,TPU com Cordão,Amarelo,Novo,19.6,28.3,43,3.9,0,Viral Cases Shop,Vendedor,SC,Florianópolis,True,,,84,2026-06-13
TTS-0782,TikTok Shop,Capinha realme Note 50 Camuflada Capa Dura Policarbonato Roxo - realme,realme,realme Note 50,Policarbonato,Roxo,Novo,37.9,,41,4.7,0,Ofertas Case BR,Top Seller,SC,Joinville,True,6,False,36,2026-01-04
TTS-0982,TikTok Shop,Capa de Celular Redmi Note 13 Camuflada Silicone com Anel Laranja - Xiaomi,Xiaomi,Redmi Note 13,Silicone com Anel,Laranja,Novo,17.7,28.9,36,4.1,0,Ofertas Case BR,Loja Oficial,SC,Joinville,False,,,257,2026-01-24
TTS-0875,TikTok Shop,Capa Protetora realme 11 Transparente Com Desenho Acrílico Cristal,realme,realme 11,Acrílico Cristal,Verde,Novo,20.7,,35,4.5,1,Flash Cases,Loja Oficial,PE,Recife,False,,,218,2026-03-08
TTS-0977,TikTok Shop,Capa de Celular Galaxy S25 Camuflada Silicone com MagSafe - Samsung,Samsung,Galaxy S25,Silicone com MagSafe,Dourado,Novo,48.1,,33,4.3,1,Viral Cases Shop,Vendedor,SP,São Paulo,False,3,False,300,2026-03-10
TTS-0633,TikTok Shop,Capa Protetora Moto Edge 50 Anti-Risco Geométrica Silicone - Motorola,Motorola,Moto Edge 50,Silicone,Roxo,Novo,27.9,43.2,30,4.8,0,Trendy Acessórios,Vendedor,SP,São Paulo,False,3,False,36,2025-09-29
TTS-0646,TikTok Shop,Capinha Moto G24 Colorida Pelúcia Roxo - Motorola,Motorola,Moto G24,Pelúcia,Roxo,Novo,31.1,37.4,30,4.1,1,TopTrend Acessórios,Vendedor,RJ,Duque de Caxias,False,,,87,2026-02-07
TTS-0678,TikTok Shop,Capa Protetora Moto G54 Floral À Prova d'Água Prata - Motorola,Motorola,Moto G54,À Prova d'Água,Prata,Novo,42.9,,30,4.9,0,Case Lovers BR,Vendedor,BA,Vitória da Conquista,True,3,True,261,2026-06-09
TTS-0717,TikTok Shop,Capa Protetora Galaxy S25 Ultra Fino Silicone - Samsung,Samsung,Galaxy S25,Silicone,Cinza,Novo,14.8,,30,3.7,0,Flash Cases,Vendedor,MG,Contagem,False,6,False,45,2025-11-03
TTS-0725,TikTok Shop,Capa Protetora realme C53 Transparente Acrílico Cristal Branco - realme,realme,realme C53,Acrílico Cristal,Branco,Novo,25.5,32.3,30,4.6,1,Casa das Capinhas,Vendedor,RJ,Rio de Janeiro,True,,,182,2026-06-06
TTS-0735,TikTok Shop,Capa de Celular Redmi Note 13 Transparente Cristal Acrílico Cristal - Xiaomi,Xiaomi,Redmi Note 13,Acrílico Cristal,Branco,Novo,29.9,53.2,30,4.0,0,Viral Cases Shop,Vendedor,SC,Blumenau,True,,,263,2026-07-15
TTS-0740,TikTok Shop,Case iPhone 15 Espelhada Colorida TPU - Apple,Apple,iPhone 15,TPU,Branco,Novo,11.2,16.2,30,4.3,0,Viral Cases Shop,Vendedor,MA,Imperatriz,False,3,False,198,2025-11-14
TTS-0774,TikTok Shop,Capinha realme 12 Espelhada Lisa Capa com Suporte Preto - realme,realme,realme 12,Capa com Suporte,Preto,Novo,15.9,26.1,30,4.1,1,Flash Cases,Vendedor,BA,Feira de Santana,False,6,False,20,2026-01-26
TTS-0809,TikTok Shop,Case Galaxy A15 Ultra Fino Silicone com Anel,Samsung,Galaxy A15,Silicone com Anel,Camuflado,Novo,54.9,72.5,30,4.6,1,Trendy Acessórios,Top Seller,MG,Juiz de Fora,True,3,False,98,2025-10-29
TTS-1026,TikTok Shop,Capa de Celular iPhone 11 Transparente Fosca À Prova d'Água Dourado,Apple,iPhone 11,À Prova d'Água,Dourado,Novo,48.3,78.1,30,4.1,0,Trendy Acessórios,Loja Oficial,PR,Cascavel,False,3,False,194,2025-12-14
TTS-0631,TikTok Shop,Capa Protetora Redmi Note 14 Geométrica Policarbonato - Xiaomi,Xiaomi,Redmi Note 14,Policarbonato,Laranja,Novo,19.2,,29,4.2,1,Loja da Capinha,Vendedor,DF,Brasília,False,6,False,107,2025-08-17
TTS-0708,TikTok Shop,Capinha Moto Edge 50 Camuflada TPU com Cordão - Motorola,Motorola,Moto Edge 50,TPU com Cordão,Camuflado,Novo,89.9,,29,4.1,0,Case Lovers BR,Top Seller,CE,Fortaleza,True,3,False,10,2025-10-17
TTS-0895,TikTok Shop,Case iPhone 15 Ultra Fino Silicone com Anel Transparente - Apple,Apple,iPhone 15,Silicone com Anel,Transparente,Novo,17.6,,29,4.2,0,Ofertas Case BR,Loja Oficial,PE,Olinda,False,,,19,2026-03-23
TTS-0897,TikTok Shop,Capinha Moto G54 Com Desenho Pelúcia Cinza - Motorola,Motorola,Moto G54,Pelúcia,Cinza,Novo,32.5,,29,4.0,1,Viral Cases Shop,Vendedor,RJ,Niterói,False,,,209,2026-07-21
TTS-0701,TikTok Shop,Capa de Celular realme 12 Geométrica Anti-Risco Silicone - realme,realme,realme 12,Silicone,Laranja,Novo,12.9,,28,3.9,0,Flash Cases,Vendedor,SP,Guarulhos,False,6,False,200,2026-05-14
TTS-0720,TikTok Shop,Capa Protetora iPhone 11 Espelhada Silicone com MagSafe Rosa - Apple,Apple,iPhone 11,Silicone com MagSafe,Rosa,Novo,69.9,101.7,28,3.6,1,Casa das Capinhas,Vendedor,RJ,Duque de Caxias,False,3,False,281,2026-04-15
TTS-0733,TikTok Shop,Capa de Celular iPhone 14 Espelhada TPU com Cordão Roxo,Apple,iPhone 14,TPU com Cordão,Roxo,Novo,15.2,21.8,28,3.8,0,Ofertas Case BR,Vendedor,CE,Sobral,False,,,0,2025-11-30
TTS-0828,TikTok Shop,Case Moto G54 Silicone Anti-Risco Silicone Prata - Motorola,Motorola,Moto G54,Silicone,Prata,Novo,11.7,,28,4.2,0,Viral Cases Shop,Vendedor,RS,Porto Alegre,True,3,True,70,2026-04-21
TTS-0833,TikTok Shop,Capinha Redmi Note 12 Ultra Fino Colorida Silicone com MagSafe Verde,Xiaomi,Redmi Note 12,Silicone com MagSafe,Verde,Novo,16.9,,28,3.9,1,Ofertas Case BR,Vendedor,GO,Aparecida de Goiânia,False,6,False,193,2026-05-24
TTS-0907,TikTok Shop,Capa Protetora Galaxy S25 Colorida À Prova d'Água Cinza - Samsung,Samsung,Galaxy S25,À Prova d'Água,Cinza,Novo,21.9,36.4,28,4.1,1,TopTrend Acessórios,Vendedor,ES,Vila Velha,True,,,287,2025-10-11
TTS-0764,TikTok Shop,Capinha iPhone 13 Transparente À Prova d'Água Cinza,Apple,iPhone 13,À Prova d'Água,Cinza,Novo,52.7,75.6,27,3.8,0,Flash Cases,Vendedor,SP,São Bernardo do Campo,True,6,False,77,2025-08-04
TTS-0831,TikTok Shop,Capinha realme C53 Lisa Silicone Cinza - realme,realme,realme C53,Silicone,Cinza,Novo,10.1,,27,4.3,0,Ofertas Case BR,Top Seller,SP,Campinas,True,,,121,2025-09-21
TTS-0842,TikTok Shop,Capa Protetora Moto G24 Camuflada TPU TPU com Cordão Vermelho - Motorola,Motorola,Moto G24,TPU com Cordão,Vermelho,Novo,14.2,,27,4.8,0,TopTrend Acessórios,Top Seller,RS,Pelotas,False,,,282,2025-09-12
TTS-0847,TikTok Shop,Capa Protetora Redmi Note 12 Policarbonato Camuflada Capa com Suporte Preto - Xiaomi,Xiaomi,Redmi Note 12,Capa com Suporte,Preto,Novo,27.9,33.7,27,4.9,1,PromoCase Brasil,Loja Oficial,SP,Guarulhos,True,3,False,62,2026-05-02
TTS-0854,TikTok Shop,Capinha iPhone 13 Com Cordão Fosca TPU com Cordão Dourado,Apple,iPhone 13,TPU com Cordão,Dourado,Novo,11.4,17.8,27,4.4,0,Case Lovers BR,Vendedor,PR,Maringá,True,,,259,2026-04-02
TTS-0873,TikTok Shop,Capa de Celular realme 12 Lisa Fosca Silicone com MagSafe - realme,realme,realme 12,Silicone com MagSafe,Roxo,Novo,29.9,37.7,27,4.8,0,Casa das Capinhas,Vendedor,RJ,Campos dos Goytacazes,True,3,True,167,2026-05-09
TTS-0980,TikTok Shop,Case Redmi Note 12 Anti-Risco Acrílico Cristal Roxo - Xiaomi,Xiaomi,Redmi Note 12,Acrílico Cristal,Roxo,Novo,26.6,33.4,27,4.9,1,Casa das Capinhas,Vendedor,SP,Guarulhos,False,3,True,75,2026-01-09
TTS-1040,TikTok Shop,Case iPhone 16 Anti-Risco Floral Silicone com MagSafe - Apple,Apple,iPhone 16,Silicone com MagSafe,Verde,Novo,40.8,56.5,27,4.2,1,Capinha da Moda,Vendedor,SP,Osasco,False,3,True,112,2025-10-03
TTS-0698,TikTok Shop,Capa Protetora Moto G24 Ultra Fino Silicone,Motorola,Moto G24,Silicone,Transparente,Novo,9.1,,26,4.3,0,Trendy Acessórios,Vendedor,MG,Contagem,True,3,False,258,2026-03-29
TTS-0969,TikTok Shop,Capa de Celular Moto G24 Fosca Geométrica Silicone com Anel Dourado,Motorola,Moto G24,Silicone com Anel,Dourado,Novo,25.4,,26,4.6,0,Ofertas Case BR,Vendedor,SC,Chapecó,False,6,True,80,2025-10-04
TTS-1000,TikTok Shop,Capa Protetora Galaxy S25 Antichoque Anti-Risco Capa com Suporte - Samsung,Samsung,Galaxy S25,Capa com Suporte,Rosa,Novo,21.9,,26,4.2,1,Flash Cases,Vendedor,DF,Brasília,False,,,263,2026-06-22
TTS-0647,TikTok Shop,Case Xiaomi 14 Texturizada TPU com Cordão Camuflado - Xiaomi,Xiaomi,Xiaomi 14,TPU com Cordão,Camuflado,Novo,20.6,,25,4.3,1,Viral Cases Shop,Vendedor,RS,Caxias do Sul,False,3,False,186,2026-01-12
TTS-0684,TikTok Shop,Capa Protetora iPhone 12 Antichoque Espelhada Capa com Suporte - Apple,Apple,iPhone 12,Capa com Suporte,Laranja,Novo,27.2,33.1,25,4.4,0,Ofertas Case BR,Top Seller,PR,Maringá,False,,,40,2025-08-24
TTS-0691,TikTok Shop,Case iPhone 15 Com Suporte Antichoque Capa com Suporte - Apple,Apple,iPhone 15,Capa com Suporte,Transparente,Novo,20.6,,25,4.1,0,Flash Cases,Vendedor,PE,Caruaru,True,3,False,194,2026-03-14
TTS-0758,TikTok Shop,Case Galaxy S23 Antichoque Camuflada Acrílico Cristal Preto - Samsung,Samsung,Galaxy S23,Acrílico Cristal,Preto,Novo,27.1,36.1,25,3.8,0,Capinha da Moda,Vendedor,SP,Guarulhos,False,,,179,2026-08-14
TTS-0848,TikTok Shop,Capa Protetora realme 11 Camuflada Lisa Acrílico Cristal - realme,realme,realme 11,Acrílico Cristal,Cinza,Novo,26.6,40.4,25,3.5,0,Loja da Capinha,Top Seller,SP,Campinas,True,,,296,2025-10-20
TTS-0627,TikTok Shop,Capa de Celular Galaxy S24 TPU Camuflada TPU com Cordão Cinza,Samsung,Galaxy S24,TPU com Cordão,Cinza,Novo,9.9,13.8,24,3.9,0,Case Lovers BR,Vendedor,SP,São Bernardo do Campo,False,6,True,72,2026-05-07
TTS-0628,TikTok Shop,Capa de Celular Galaxy A15 Transparente Couro com MagSafe - Samsung,Samsung,Galaxy A15,Couro com MagSafe,Verde,Novo,12.9,21.0,24,4.3,0,Ofertas Case BR,Top Seller,MG,Juiz de Fora,True,6,False,285,2026-03-09
TTS-0834,TikTok Shop,Capinha Redmi 13C Antichoque Silicone com MagSafe Roxo - Xiaomi,Xiaomi,Redmi 13C,Silicone com MagSafe,Roxo,Novo,21.9,,24,4.7,0,Capinha da Moda,Vendedor,MG,Contagem,False,6,False,203,2025-10-13
TTS-0908,TikTok Shop,Case realme 11 Anti-Risco Colorida TPU com Cordão - realme,realme,realme 11,TPU com Cordão,Preto,Novo,79.9,122.2,24,4.7,1,Ofertas Case BR,Top Seller,MG,Belo Horizonte,True,,,152,2025-10-11
TTS-0910,TikTok Shop,Capinha realme 11 MagSafe Magnética Silicone com MagSafe - realme,realme,realme 11,Silicone com MagSafe,Camuflado,Novo,41.5,,24,3.9,0,Loja da Capinha,Vendedor,MG,Juiz de Fora,True,3,False,154,2025-12-03
TTS-0989,TikTok Shop,Capa de Celular realme 11 Floral Geométrica Couro com MagSafe Roxo,realme,realme 11,Couro com MagSafe,Roxo,Novo,43.7,63.8,24,3.7,0,Loja da Capinha,Vendedor,BA,Feira de Santana,True,3,True,46,2026-07-31
TTS-0638,TikTok Shop,Case Poco X6 Floral Silicone com MagSafe Camuflado - Xiaomi,Xiaomi,Poco X6,Silicone com MagSafe,Camuflado,Novo,89.9,156.7,23,3.7,0,PromoCase Brasil,Vendedor,CE,Fortaleza,True,6,True,229,2025-12-25
TTS-0727,TikTok Shop,Capa de Celular Poco X6 Transparente Anti-Risco Couro Sintético Laranja - Xiaomi,Xiaomi,Poco X6,Couro Sintético,Laranja,Novo,99.9,164.6,23,4.8,0,PromoCase Brasil,Top Seller,PE,Petrolina,True,,,127,2026-07-26
TTS-0796,TikTok Shop,Case iPhone 15 Floral Anti-Risco Pelúcia Roxo,Apple,iPhone 15,Pelúcia,Roxo,Novo,31.1,41.2,23,3.8,0,Trendy Acessórios,Vendedor,MA,São Luís,False,,,161,2026-07-23
TTS-0947,TikTok Shop,Capinha iPhone 16 Colorida Ultra Fino Acrílico Cristal,Apple,iPhone 16,Acrílico Cristal,Branco,Novo,21.4,26.9,23,3.7,0,Loja da Capinha,Top Seller,MG,Juiz de Fora,True,3,False,0,2026-02-10
TTS-0929,TikTok Shop,Capa de Celular Moto Edge 50 Magnética Couro com MagSafe Dourado - Motorola,Motorola,Moto Edge 50,Couro com MagSafe,Dourado,Novo,47.1,57.8,22,4.0,0,Casa das Capinhas,Top Seller,PA,Belém,True,6,True,73,2026-06-08
TTS-0999,TikTok Shop,Capa de Celular Moto G24 Geométrica Pelúcia - Motorola,Motorola,Moto G24,Pelúcia,Transparente,Novo,26.2,42.8,22,3.9,0,PromoCase Brasil,Vendedor,PR,Maringá,True,,,270,2026-03-22
TTS-0736,TikTok Shop,Case Moto G84 Transparente Texturizada Silicone com MagSafe Cinza - Motorola,Motorola,Moto G84,Silicone com MagSafe,Cinza,Novo,24.9,30.5,21,3.8,0,Casa das Capinhas,Top Seller,PR,Curitiba,False,3,False,74,2026-05-04
TTS-0792,TikTok Shop,Capa Protetora realme 12 Antichoque Com Desenho Pelúcia - realme,realme,realme 12,Pelúcia,Verde,Novo,20.5,31.7,21,3.8,0,Flash Cases,Vendedor,MG,Uberlândia,False,,,210,2025-09-25
TTS-1039,TikTok Shop,Case Galaxy A15 Floral Camuflada Capa com Suporte - Samsung,Samsung,Galaxy A15,Capa com Suporte,Roxo,Novo,26.3,42.7,21,4.2,0,Ofertas Case BR,Vendedor,RS,Porto Alegre,True,3,True,227,2026-03-22
TTS-0713,TikTok Shop,Case Galaxy S25 Ultra Glitter Silicone com Anel - Samsung,Samsung,Galaxy S25 Ultra,Silicone com Anel,Prata,Novo,14.9,19.2,20,4.5,0,Flash Cases,Vendedor,RJ,Campos dos Goytacazes,False,,,59,2026-04-10
TTS-0777,TikTok Shop,Case Galaxy S25 Antichoque Silicone com MagSafe Vermelho,Samsung,Galaxy S25,Silicone com MagSafe,Vermelho,Novo,32.9,43.0,20,3.5,0,Trendy Acessórios,Vendedor,SP,Guarulhos,True,6,False,130,2026-05-07
TTS-0814,TikTok Shop,Capa Protetora Galaxy S25 Ultra Ultra Fino Lisa Pelúcia Rosa - Samsung,Samsung,Galaxy S25 Ultra,Pelúcia,Rosa,Novo,89.9,136.8,20,4.6,0,Capinha da Moda,Top Seller,SP,Guarulhos,True,6,False,299,2026-05-17
TTS-0883,TikTok Shop,Capa de Celular Redmi Note 12 Antichoque Capa com Suporte - Xiaomi,Xiaomi,Redmi Note 12,Capa com Suporte,Cinza,Novo,31.4,46.8,20,4.2,0,Flash Cases,Vendedor,RS,Porto Alegre,False,3,True,12,2026-06-26
TTS-1017,TikTok Shop,Capa de Celular iPhone 14 Espelhada Silicone com MagSafe Marrom - Apple,Apple,iPhone 14,Silicone com MagSafe,Marrom,Novo,44.9,72.1,20,4.1,0,Ofertas Case BR,Top Seller,RJ,Duque de Caxias,False,3,True,67,2025-10-31
TTS-1023,TikTok Shop,Capa Protetora Galaxy A15 Com Desenho Floral Silicone Transparente - Samsung,Samsung,Galaxy A15,Silicone,Transparente,Novo,13.7,20.7,20,4.6,0,Case Lovers BR,Top Seller,SP,São Paulo,True,3,True,82,2026-05-10
TTS-0741,TikTok Shop,Case Redmi Note 12 Espelhada Acrílico Cristal Roxo,Xiaomi,Redmi Note 12,Acrílico Cristal,Roxo,Novo,18.9,,19,4.5,0,TopTrend Acessórios,Loja Oficial,SP,Campinas,True,6,False,233,2026-06-10
TTS-0747,TikTok Shop,Capa Protetora Redmi Note 14 Magnética Silicone com MagSafe Preto - Xiaomi,Xiaomi,Redmi Note 14,Silicone com MagSafe,Preto,Novo,64.9,100.2,19,4.4,0,Flash Cases,Vendedor,MG,Juiz de Fora,False,,,126,2025-12-30
TTS-0804,TikTok Shop,Capa de Celular iPhone 13 Colorida Silicone com MagSafe,Apple,iPhone 13,Silicone com MagSafe,Cinza,Novo,29.0,38.7,19,4.4,0,Capinha da Moda,Vendedor,DF,Taguatinga,True,3,True,41,2025-11-04
TTS-0822,TikTok Shop,Capinha Galaxy A35 Geométrica Couro Sintético,Samsung,Galaxy A35,Couro Sintético,Prata,Novo,19.9,34.4,19,3.7,0,Viral Cases Shop,Vendedor,MG,Uberlândia,False,6,False,206,2025-11-30
TTS-0846,TikTok Shop,Capa Protetora Moto G84 Espelhada Camuflada Capa com Suporte,Motorola,Moto G84,Capa com Suporte,Laranja,Novo,28.9,47.1,19,4.4,0,Trendy Acessórios,Vendedor,PE,Olinda,False,3,False,279,2026-03-04
TTS-0864,TikTok Shop,Capa de Celular iPhone 15 Anti-Risco Silicone com MagSafe - Apple,Apple,iPhone 15,Silicone com MagSafe,Transparente,Novo,50.1,79.2,19,5.0,0,Loja da Capinha,Top Seller,MG,Contagem,False,3,True,128,2026-04-05
TTS-0882,TikTok Shop,Capinha Redmi 13C Espelhada Pelúcia Verde - Xiaomi,Xiaomi,Redmi 13C,Pelúcia,Verde,Novo,21.5,,19,3.8,0,TopTrend Acessórios,Vendedor,RJ,Rio de Janeiro,False,6,False,231,2026-08-07
TTS-0954,TikTok Shop,Capinha Moto G85 Geométrica Silicone com MagSafe Verde,Motorola,Moto G85,Silicone com MagSafe,Verde,Novo,42.6,57.9,19,3.8,0,Trendy Acessórios,Vendedor,SP,Guarulhos,False,,,166,2026-07-18
TTS-0962,TikTok Shop,Capa de Celular Xiaomi 14 Floral Policarbonato Verde - Xiaomi,Xiaomi,Xiaomi 14,Policarbonato,Verde,Novo,39.9,58.6,19,4.4,0,TopTrend Acessórios,Vendedor,SP,São Bernardo do Campo,False,6,True,164,2025-12-05
TTS-0813,TikTok Shop,Capa de Celular Galaxy M15 Transparente Espelhada Pelúcia,Samsung,Galaxy M15,Pelúcia,Branco,Novo,29.9,,18,4.3,0,PromoCase Brasil,Vendedor,GO,Goiânia,True,,,100,2026-02-04
TTS-0857,TikTok Shop,Case Redmi Note 12 Couro Premium MagSafe Couro com MagSafe - Xiaomi,Xiaomi,Redmi Note 12,Couro com MagSafe,Amarelo,Novo,54.8,98.2,18,4.5,0,Trendy Acessórios,Top Seller,SP,Guarulhos,False,,,51,2026-01-02
TTS-0922,TikTok Shop,Capinha iPhone 15 Anti-Risco Acrílico Cristal,Apple,iPhone 15,Acrílico Cristal,Dourado,Novo,19.3,27.2,18,4.1,0,Viral Cases Shop,Vendedor,DF,Ceilândia,False,3,False,187,2025-11-02
TTS-0988,TikTok Shop,Capa de Celular Moto G24 Floral Anti-Risco Capa com Suporte,Motorola,Moto G24,Capa com Suporte,Rosa,Novo,24.9,30.5,18,4.7,0,Flash Cases,Top Seller,SP,Guarulhos,True,6,False,213,2025-08-07
TTS-0992,TikTok Shop,Capinha Galaxy M15 Glitter Geométrica À Prova d'Água - Samsung,Samsung,Galaxy M15,À Prova d'Água,Vermelho,Novo,19.9,27.8,18,4.8,0,Loja da Capinha,Vendedor,AM,Manaus,True,,,99,2026-02-18
TTS-1008,TikTok Shop,Capa de Celular realme Note 50 Texturizada À Prova d'Água - realme,realme,realme Note 50,À Prova d'Água,Roxo,Novo,57.7,,18,3.3,0,Loja da Capinha,Top Seller,SP,Campinas,False,,,259,2026-05-11
TTS-0769,TikTok Shop,Capa Protetora Moto G84 Antichoque Policarbonato - Motorola,Motorola,Moto G84,Policarbonato,Prata,Novo,24.2,31.7,17,4.0,0,Capinha da Moda,Vendedor,PR,Londrina,False,3,False,41,2026-05-03
TTS-0865,TikTok Shop,Capinha iPhone 11 Transparente Silicone Laranja - Apple,Apple,iPhone 11,Silicone,Laranja,Novo,12.5,16.5,17,4.4,0,PromoCase Brasil,Vendedor,SP,Osasco,False,3,False,17,2025-08-26
TTS-0916,TikTok Shop,Case iPhone 15 Espelhada Colorida Silicone Camuflado - Apple,Apple,iPhone 15,Silicone,Camuflado,Novo,34.9,54.1,17,4.2,0,Viral Cases Shop,Vendedor,PA,Belém,False,,,75,2025-09-24
TTS-0702,TikTok Shop,Capinha Redmi Note 14 Fosca Couro com MagSafe,Xiaomi,Redmi Note 14,Couro com MagSafe,Transparente,Novo,89.9,,16,4.4,0,Viral Cases Shop,Vendedor,PE,Olinda,False,3,False,15,2026-04-10
TTS-0812,TikTok Shop,Capa de Celular realme C53 Antichoque Policarbonato Prata - realme,realme,realme C53,Policarbonato,Prata,Novo,22.9,30.5,16,4.4,0,Ofertas Case BR,Vendedor,SP,São Paulo,True,,,191,2025-09-18
TTS-0870,TikTok Shop,Case realme 12 Glitter Antichoque Acrílico Cristal - realme,realme,realme 12,Acrílico Cristal,Roxo,Novo,16.8,27.2,16,4.8,0,Casa das Capinhas,Vendedor,RJ,Duque de Caxias,False,,,127,2025-12-21
TTS-0942,TikTok Shop,Capa Protetora Redmi Note 13 Fosca Floral Acrílico Cristal - Xiaomi,Xiaomi,Redmi Note 13,Acrílico Cristal,Branco,Novo,18.2,,16,4.8,0,Casa das Capinhas,Vendedor,PR,Curitiba,True,3,True,106,2025-10-09
TTS-0951,TikTok Shop,Capa Protetora Galaxy M15 Lisa Espelhada Couro Sintético Azul - Samsung,Samsung,Galaxy M15,Couro Sintético,Azul,Novo,23.3,28.9,16,4.4,0,Viral Cases Shop,Vendedor,PA,Belém,False,3,True,126,2025-07-16
TTS-0959,TikTok Shop,Case Moto Edge 50 Transparente TPU Prata - Motorola,Motorola,Moto Edge 50,TPU,Prata,Novo,14.9,18.7,16,3.7,0,Viral Cases Shop,Vendedor,MG,Juiz de Fora,False,6,True,87,2025-09-01
TTS-1037,TikTok Shop,Capinha realme 11 Espelhada Camuflada Policarbonato - realme,realme,realme 11,Policarbonato,Prata,Novo,19.9,,16,4.7,0,Case Lovers BR,Vendedor,SP,São Bernardo do Campo,False,3,True,177,2025-08-06
TTS-0855,TikTok Shop,Capa de Celular Redmi Note 12 Glitter Silicone com Anel - Xiaomi,Xiaomi,Redmi Note 12,Silicone com Anel,Transparente,Novo,32.9,,15,3.9,0,Trendy Acessórios,Vendedor,SP,Osasco,True,3,False,157,2026-06-12
TTS-0933,TikTok Shop,Capa Protetora Galaxy M35 Glitter Couro com MagSafe,Samsung,Galaxy M35,Couro com MagSafe,Rosa,Novo,29.9,,15,4.0,0,Trendy Acessórios,Vendedor,RJ,Campos dos Goytacazes,False,6,False,15,2026-05-15
TTS-0940,TikTok Shop,Capinha Galaxy M15 À Prova d'Água Camuflada À Prova d'Água Azul - Samsung,Samsung,Galaxy M15,À Prova d'Água,Azul,Novo,15.9,21.5,15,4.0,0,Ofertas Case BR,Vendedor,RJ,Niterói,False,3,False,274,2026-01-21
TTS-0997,TikTok Shop,Capinha realme C53 Com Cordão TPU com Cordão Preto,realme,realme C53,TPU com Cordão,Preto,Novo,19.1,27.1,15,3.9,0,Case Lovers BR,Vendedor,SP,São Paulo,False,,,235,2026-06-08
TTS-0790,TikTok Shop,Capa Protetora realme Note 50 Colorida Couro Sintético Azul - realme,realme,realme Note 50,Couro Sintético,Azul,Novo,29.9,52.3,14,3.9,0,Case Lovers BR,Vendedor,MG,Uberlândia,False,,,61,2025-11-20
TTS-0905,TikTok Shop,Capinha Galaxy S25 Lisa Couro Sintético,Samsung,Galaxy S25,Couro Sintético,Camuflado,Novo,35.7,,14,4.7,0,Case Lovers BR,Vendedor,RS,Pelotas,False,3,False,111,2026-01-13
TTS-0987,TikTok Shop,Case Galaxy A55 Transparente Fosca À Prova d'Água - Samsung,Samsung,Galaxy A55,À Prova d'Água,Preto,Novo,40.5,,14,4.1,0,Casa das Capinhas,Vendedor,PE,Recife,False,3,False,56,2026-07-21
TTS-0779,TikTok Shop,Capa Protetora realme 11 Fosca Antichoque TPU Camuflado - realme,realme,realme 11,TPU,Camuflado,Novo,24.9,,13,4.1,0,Case Lovers BR,Top Seller,PE,Petrolina,False,6,True,204,2025-09-21
TTS-0970,TikTok Shop,Capa Protetora Galaxy A56 Floral TPU com Cordão - Samsung,Samsung,Galaxy A56,TPU com Cordão,Transparente,Novo,18.1,,13,4.6,0,Casa das Capinhas,Vendedor,PR,Maringá,True,6,True,53,2026-04-16
TTS-0650,TikTok Shop,Case Galaxy A35 Transparente Capa com Suporte - Samsung,Samsung,Galaxy A35,Capa com Suporte,Marrom,Novo,79.9,103.5,12,4.6,0,Flash Cases,Top Seller,DF,Ceilândia,True,6,False,78,2026-03-06
TTS-0815,TikTok Shop,Capa Protetora realme C53 Colorida Policarbonato Laranja,realme,realme C53,Policarbonato,Laranja,Novo,20.0,26.4,12,3.7,0,PromoCase Brasil,Vendedor,SP,São Paulo,True,,,131,2026-06-28
TTS-0931,TikTok Shop,Capinha Moto G85 Ultra Fino Transparente TPU Verde - Motorola,Motorola,Moto G85,TPU,Verde,Novo,29.9,38.9,12,4.0,0,Ofertas Case BR,Vendedor,MG,Contagem,False,6,False,11,2026-03-05
TTS-0993,TikTok Shop,Capa Protetora realme 12 Camuflada À Prova d'Água Verde - realme,realme,realme 12,À Prova d'Água,Verde,Novo,40.2,67.4,12,4.4,0,Viral Cases Shop,Top Seller,DF,Ceilândia,True,6,False,276,2025-09-17
TTS-0699,TikTok Shop,Case Redmi Note 12 Antichoque À Prova d'Água Verde - Xiaomi,Xiaomi,Redmi Note 12,À Prova d'Água,Verde,Novo,39.9,57.7,11,4.1,0,Flash Cases,Vendedor,PE,Caruaru,True,,,250,2026-07-31
TTS-0756,TikTok Shop,Capa Protetora realme 11 Fosca Antichoque Policarbonato Roxo - realme,realme,realme 11,Policarbonato,Roxo,Novo,21.7,38.6,11,4.8,0,TopTrend Acessórios,Vendedor,PR,Cascavel,True,,,161,2025-07-27
TTS-0772,TikTok Shop,Capinha Moto G24 Fosca Texturizada Couro Sintético Vermelho - Motorola,Motorola,Moto G24,Couro Sintético,Vermelho,Novo,32.3,,11,5.0,0,Viral Cases Shop,Vendedor,PE,Petrolina,False,,,0,2026-06-25
TTS-0793,TikTok Shop,Case realme Note 50 Antichoque Silicone com Anel Rosa - realme,realme,realme Note 50,Silicone com Anel,Rosa,Novo,26.8,40.1,11,4.0,0,Case Lovers BR,Top Seller,RJ,Campos dos Goytacazes,True,6,False,184,2026-04-30
TTS-0972,TikTok Shop,Capa Protetora Redmi Note 12 Com Desenho Com Suporte Capa com Suporte,Xiaomi,Redmi Note 12,Capa com Suporte,Amarelo,Novo,20.9,,11,4.4,0,Casa das Capinhas,Vendedor,ES,Serra,False,,,31,2025-08-17
TTS-0995,TikTok Shop,Case iPhone 15 Geométrica Policarbonato - Apple,Apple,iPhone 15,Policarbonato,Cinza,Novo,24.0,29.4,11,4.1,0,Loja da Capinha,Top Seller,RJ,Duque de Caxias,False,,,252,2026-01-01
TTS-1002,TikTok Shop,Case Xiaomi 14 Espelhada Transparente Silicone - Xiaomi,Xiaomi,Xiaomi 14,Silicone,Azul,Novo,17.9,25.2,11,4.0,0,Trendy Acessórios,Top Seller,RS,Pelotas,False,,,299,2026-03-28
TTS-1006,TikTok Shop,Capinha Galaxy A15 Couro Couro Sintético Dourado - Samsung,Samsung,Galaxy A15,Couro Sintético,Dourado,Novo,30.3,48.6,10,4.8,0,Loja da Capinha,Vendedor,MG,Contagem,False,6,False,166,2026-07-07
TTS-1011,TikTok Shop,Case iPhone 11 Anti-Risco Pelúcia - Apple,Apple,iPhone 11,Pelúcia,Verde,Novo,35.1,,10,3.7,0,Ofertas Case BR,Loja Oficial,PE,Petrolina,False,,,136,2025-08-25
TTS-0664,TikTok Shop,Capa Protetora Galaxy A16 Colorida Pelúcia Amarelo,Samsung,Galaxy A16,Pelúcia,Amarelo,Novo,33.9,53.2,9,3.7,0,Capinha da Moda,Loja Oficial,GO,Anápolis,False,,,257,2026-07-10
TTS-0821,TikTok Shop,Capa Protetora Moto Edge 50 Fosca Antichoque À Prova d'Água Preto,Motorola,Moto Edge 50,À Prova d'Água,Preto,Novo,53.6,78.8,9,4.3,0,Loja da Capinha,Vendedor,PE,Olinda,True,,,121,2025-12-11
TTS-0841,TikTok Shop,Capa Protetora realme 12 Ultra Fino Espelhada TPU com Cordão Laranja - realme,realme,realme 12,TPU com Cordão,Laranja,Novo,20.7,30.5,9,3.9,0,Casa das Capinhas,Vendedor,CE,Fortaleza,False,,,81,2026-04-11
TTS-0915,TikTok Shop,Capinha realme 12 Lisa TPU - realme,realme,realme 12,TPU,Preto,Novo,37.9,54.4,9,4.3,0,TopTrend Acessórios,Top Seller,PR,Maringá,True,6,False,277,2026-05-27
TTS-1025,TikTok Shop,Capa Protetora Galaxy A55 Lisa TPU,Samsung,Galaxy A55,TPU,Vermelho,Novo,12.6,19.3,9,4.3,0,TopTrend Acessórios,Vendedor,AM,Parintins,True,,,299,2025-09-06
TTS-0697,TikTok Shop,Capa Protetora realme C53 Anti-Risco Transparente Silicone - realme,realme,realme C53,Silicone,Rosa,Novo,16.4,,8,5.0,0,TopTrend Acessórios,Vendedor,ES,Vila Velha,False,,,13,2025-07-31
TTS-0748,TikTok Shop,Case iPhone 11 Floral Silicone com MagSafe Verde - Apple,Apple,iPhone 11,Silicone com MagSafe,Verde,Novo,59.9,78.0,8,4.4,0,Capinha da Moda,Vendedor,SP,Guarulhos,True,3,False,253,2026-05-15
TTS-0994,TikTok Shop,Case Poco X6 Pro Geométrica Couro Sintético,Xiaomi,Poco X6 Pro,Couro Sintético,Laranja,Novo,54.9,,8,4.9,0,Ofertas Case BR,Vendedor,SP,Guarulhos,True,6,True,140,2025-07-14
TTS-0626,TikTok Shop,Case realme 11 Espelhada Antichoque Pelúcia Roxo - realme,realme,realme 11,Pelúcia,Roxo,Novo,99.9,140.7,7,4.6,0,Viral Cases Shop,Vendedor,GO,Goiânia,False,3,False,86,2025-12-15
TTS-0651,TikTok Shop,Capa Protetora Redmi Note 14 Fosca Capa com Suporte Marrom - Xiaomi,Xiaomi,Redmi Note 14,Capa com Suporte,Marrom,Novo,27.9,39.9,7,5.0,0,Case Lovers BR,Vendedor,MG,Contagem,False,,,11,2026-07-18
TTS-0696,TikTok Shop,Capa de Celular iPhone 13 Antichoque Acrílico Cristal,Apple,iPhone 13,Acrílico Cristal,Laranja,Novo,21.9,,7,4.5,0,Loja da Capinha,Vendedor,RS,Porto Alegre,False,,,247,2026-02-11
TTS-0706,TikTok Shop,Capa Protetora Galaxy M35 Transparente Anti-Risco Silicone Dourado,Samsung,Galaxy M35,Silicone,Dourado,Novo,9.1,,7,3.2,0,Casa das Capinhas,Top Seller,MG,Contagem,True,,,274,2025-09-01
TTS-0909,TikTok Shop,Case iPhone 16 Geométrica Capa com Suporte Roxo,Apple,iPhone 16,Capa com Suporte,Roxo,Novo,29.3,37.8,7,4.2,0,Case Lovers BR,Vendedor,BA,Salvador,True,,,272,2026-03-04
TTS-0918,TikTok Shop,Capinha iPhone 13 Espelhada Acrílico Cristal - Apple,Apple,iPhone 13,Acrílico Cristal,Cinza,Novo,26.9,36.9,7,4.1,0,Flash Cases,Top Seller,SP,Guarulhos,False,6,True,132,2026-03-19
TTS-0943,TikTok Shop,Capa Protetora realme 12 Antichoque Policarbonato - realme,realme,realme 12,Policarbonato,Cinza,Novo,13.9,20.8,7,3.5,0,Casa das Capinhas,Vendedor,MG,Contagem,False,6,True,198,2025-12-22
TTS-0771,TikTok Shop,Capa Protetora Redmi Note 13 Com Desenho Ultra Fino Silicone com MagSafe Amarelo - Xiaomi,Xiaomi,Redmi Note 13,Silicone com MagSafe,Amarelo,Novo,33.3,,6,4.0,0,Casa das Capinhas,Vendedor,MG,Uberlândia,False,,,51,2025-11-11
TTS-0877,TikTok Shop,Capa Protetora realme C53 Espelhada Silicone - realme,realme,realme C53,Silicone,Transparente,Novo,9.9,14.4,6,4.5,0,Ofertas Case BR,Top Seller,SP,Guarulhos,False,3,False,134,2025-12-07
TTS-0901,TikTok Shop,Capa de Celular Moto G24 Com Desenho Antichoque TPU - Motorola,Motorola,Moto G24,TPU,Transparente,Novo,11.8,,6,4.8,0,Ofertas Case BR,Vendedor,PE,Olinda,False,,,212,2025-09-21
TTS-0680,TikTok Shop,Capinha Redmi 13C Geométrica Capa com Suporte - Xiaomi,Xiaomi,Redmi 13C,Capa com Suporte,Roxo,Novo,32.1,49.5,5,4.2,0,Case Lovers BR,Vendedor,RJ,Campos dos Goytacazes,True,,,222,2026-07-19
TTS-0824,TikTok Shop,Capa de Celular iPhone 11 Colorida Fosca Acrílico Cristal Dourado - Apple,Apple,iPhone 11,Acrílico Cristal,Dourado,Novo,32.9,42.5,5,3.9,0,Ofertas Case BR,Vendedor,MA,Imperatriz,False,,,186,2026-01-23
TTS-0871,TikTok Shop,Capa Protetora Galaxy A16 Ultra Fino Glitter TPU Roxo,Samsung,Galaxy A16,TPU,Roxo,Novo,9.6,,5,4.5,0,Capinha da Moda,Top Seller,SP,Campinas,False,3,False,4,2026-03-24
TTS-0637,TikTok Shop,Capinha Galaxy M15 Fosca Silicone com Anel Cinza - Samsung,Samsung,Galaxy M15,Silicone com Anel,Cinza,Novo,21.9,37.0,4,4.6,0,Viral Cases Shop,Vendedor,MG,Juiz de Fora,False,3,False,33,2026-06-17
TTS-0663,TikTok Shop,Capa de Celular iPhone 15 Colorida Anti-Risco Couro Sintético Marrom - Apple,Apple,iPhone 15,Couro Sintético,Marrom,Novo,44.9,58.8,4,5.0,0,Ofertas Case BR,Vendedor,RJ,Duque de Caxias,False,6,True,42,2026-05-12
TTS-0721,TikTok Shop,Capinha Moto G24 Ultra Fino Acrílico Cristal Dourado - Motorola,Motorola,Moto G24,Acrílico Cristal,Dourado,Novo,30.2,,4,4.4,0,Capinha da Moda,Loja Oficial,PE,Petrolina,False,,,92,2026-07-17
TTS-0768,TikTok Shop,Capinha Galaxy S24 Ultra Fino Silicone com Anel Preto,Samsung,Galaxy S24,Silicone com Anel,Preto,Novo,22.0,,4,5.0,0,PromoCase Brasil,Vendedor,PR,Maringá,False,,,158,2026-08-06
TTS-0930,TikTok Shop,Capinha iPhone 16 Espelhada Silicone Azul,Apple,iPhone 16,Silicone,Azul,Novo,12.4,,4,4.1,0,Casa das Capinhas,Vendedor,SP,São Paulo,False,,,12,2026-04-21
TTS-0950,TikTok Shop,Case iPhone 16 Texturizada Acrílico Cristal - Apple,Apple,iPhone 16,Acrílico Cristal,Cinza,Novo,19.9,28.7,4,4.0,0,Flash Cases,Vendedor,RJ,Rio de Janeiro,False,,,279,2026-03-01
TTS-0955,TikTok Shop,Capinha Redmi 13C Fosca Floral Couro Sintético Dourado - Xiaomi,Xiaomi,Redmi 13C,Couro Sintético,Dourado,Novo,26.0,,4,3.9,0,Casa das Capinhas,Vendedor,PR,Londrina,False,,,85,2026-02-09
TTS-0754,TikTok Shop,Case Galaxy A16 Com Anel Silicone com Anel,Samsung,Galaxy A16,Silicone com Anel,Transparente,Novo,16.2,23.8,3,4.7,0,Loja da Capinha,Vendedor,PR,Maringá,True,6,False,297,2025-10-20
TTS-0932,TikTok Shop,Capa Protetora iPhone 12 Ultra Fino Acrílico Cristal Verde - Apple,Apple,iPhone 12,Acrílico Cristal,Verde,Novo,25.3,34.5,3,3.5,0,Case Lovers BR,Vendedor,MG,Belo Horizonte,False,,,60,2025-09-20
TTS-1007,TikTok Shop,Capa Protetora realme Note 50 Glitter Geométrica À Prova d'Água Cinza - realme,realme,realme Note 50,À Prova d'Água,Cinza,Novo,39.2,58.4,3,4.3,0,Ofertas Case BR,Vendedor,MG,Contagem,True,,,274,2025-09-09
TTS-0686,TikTok Shop,Case iPhone 15 Antichoque Transparente Pelúcia,Apple,iPhone 15,Pelúcia,Laranja,Novo,31.1,49.7,2,4.2,0,Ofertas Case BR,Loja Oficial,ES,Vila Velha,True,,,45,2026-04-30
TTS-0776,TikTok Shop,Case Moto G24 Glitter À Prova d'Água Preto - Motorola,Motorola,Moto G24,À Prova d'Água,Preto,Novo,44.9,69.6,2,3.4,0,Trendy Acessórios,Vendedor,RS,Caxias do Sul,False,6,True,127,2025-09-11
TTS-1005,TikTok Shop,Case Moto G54 Camuflada Lisa Silicone com Anel - Motorola,Motorola,Moto G54,Silicone com Anel,Verde,Novo,23.4,32.6,2,4.7,0,Viral Cases Shop,Loja Oficial,MG,Contagem,True,,,28,2026-01-26
TTS-0656,TikTok Shop,Capa Protetora realme Note 50 TPU TPU Amarelo,realme,realme Note 50,TPU,Amarelo,Novo,9.9,16.7,1,4.7,0,Capinha da Moda,Vendedor,DF,Brasília,False,6,False,131,2026-05-26
TTS-0761,TikTok Shop,Capa Protetora iPhone 12 Colorida Silicone com MagSafe Marrom,Apple,iPhone 12,Silicone com MagSafe,Marrom,Novo,38.9,55.6,1,4.1,0,TopTrend Acessórios,Vendedor,AM,Parintins,True,6,False,134,2025-08-13
TTS-0785,TikTok Shop,Case Moto G85 Camuflada Floral Pelúcia Preto - Motorola,Motorola,Moto G85,Pelúcia,Preto,Novo,22.4,,1,3.5,0,Loja da Capinha,Vendedor,ES,Serra,False,,,129,2026-06-13
TTS-0866,TikTok Shop,Capinha Poco X6 Pro Glitter Floral TPU - Xiaomi,Xiaomi,Poco X6 Pro,TPU,Verde,Novo,9.4,,1,4.8,0,Ofertas Case BR,Vendedor,SP,São Bernardo do Campo,True,3,False,44,2025-07-20
TTS-0978,TikTok Shop,Capa de Celular Moto G84 Glitter Com Desenho Silicone com MagSafe - Motorola,Motorola,Moto G84,Silicone com MagSafe,Vermelho,Novo,27.9,,1,3.9,0,TopTrend Acessórios,Top Seller,SP,São Bernardo do Campo,True,,,60,2026-08-04
TTS-0667,TikTok Shop,Case realme Note 50 Lisa Policarbonato Azul - realme,realme,realme Note 50,Policarbonato,Azul,Novo,23.1,,0,3.9,0,Casa das Capinhas,Vendedor,CE,Juazeiro do Norte,False,6,False,98,2026-05-17
TTS-0700,TikTok Shop,Capa Protetora Galaxy M15 Com Desenho Policarbonato - Samsung,Samsung,Galaxy M15,Policarbonato,Rosa,Novo,24.9,,0,4.9,0,Casa das Capinhas,Vendedor,PR,Londrina,False,,,289,2025-08-04
TTS-0816,TikTok Shop,Capa de Celular Galaxy S23 Glitter Lisa Acrílico Cristal - Samsung,Samsung,Galaxy S23,Acrílico Cristal,Preto,Novo,17.5,,0,3.3,0,Case Lovers BR,Loja Oficial,PE,Petrolina,False,3,False,240,2025-10-21
TTS-0825,TikTok Shop,Capa Protetora realme 11 Antichoque Couro Sintético Prata - realme,realme,realme 11,Couro Sintético,Prata,Novo,39.5,,0,4.7,0,Viral Cases Shop,Top Seller,SC,Chapecó,False,6,False,256,2026-05-07
TTS-0889,TikTok Shop,Case realme 12 Floral Silicone Cinza - realme,realme,realme 12,Silicone,Cinza,Novo,99.9,,0,3.6,0,Viral Cases Shop,Vendedor,RS,Porto Alegre,True,,,0,2026-03-07
TTS-0927,TikTok Shop,Capinha Moto G85 Geométrica Anti-Risco Silicone com MagSafe - Motorola,Motorola,Moto G85,Silicone com MagSafe,Preto,Novo,15.9,,0,4.6,0,Loja da Capinha,Top Seller,ES,Vila Velha,True,,,238,2026-05-14
TTS-0971,TikTok Shop,Capinha Moto G84 Transparente Antichoque Silicone com Anel Branco - Motorola,Motorola,Moto G84,Silicone com Anel,Branco,Novo,18.3,32.4,0,5.0,0,PromoCase Brasil,Top Seller,RS,Porto Alegre,True,3,False,152,2026-06-17
TTS-1020,TikTok Shop,Capa de Celular iPhone 11 TPU TPU com Cordão Camuflado - Apple,Apple,iPhone 11,TPU com Cordão,Camuflado,Novo,12.9,,0,3.6,0,Ofertas Case BR,Vendedor,RJ,Campos dos Goytacazes,False,6,False,258,2025-10-10
