order_id,date,sku,title,category,color,qty,unit_price,revenue,cost,profit,margin,shipping_fee,shipping_cost,coupon_discount,ad_spend,ad_impressions,ad_clicks,channel,payment,installments_count,status,views,stock,state,city
MLB2026-000001,2026-02-19,CAP-IP15-CRI,Capa iPhone 15 Acrílico Cristal Transparente,Cristal,Transparente,1,29.9,29.9,13.27,3.96,13.2,12.9,9.03,0.0,3.64,787,12,Anúncios,Pix,,Concluída,28,41,SP,Osasco
MLB2026-000002,2026-02-19,CAP-IP14-COU,Capa iPhone 14 Couro Sintético Premium,Couro,Marrom,1,44.9,44.9,18.38,22.8,50.8,0.0,0.0,0.0,3.72,2393,24,Anúncios,Cartão de débito,,Concluída,104,128,DF,Ceilândia
MLB2026-000003,2026-02-19,CAP-IP14-COU,Capa iPhone 14 Couro Sintético Premium,Couro,Marrom,1,44.9,44.9,17.59,26.16,58.3,0.0,0.0,0.0,1.15,2113,23,Anúncios,Pix,,Enviada,104,127,RJ,Niterói
MLB2026-000004,2026-02-19,CAP-IP13-SIL,Capa iPhone 13 Silicone Colorida,Silicone,Rosa,1,21.9,21.9,10.04,-2.07,-9.5,19.9,13.93,0.0,0.0,0,0,Orgânico,Cartão de crédito,6,Concluída,64,244,MG,Contagem
MLB2026-000005,2026-02-19,CAP-IP12-TPU,Capa iPhone 12 TPU Transparente,TPU,Transparente,1,16.9,16.9,7.03,5.37,31.8,0.0,0.0,0.0,4.5,3149,85,Anúncios,Pix,,Enviada,109,72,RJ,Rio de Janeiro
MLB2026-000006,2026-02-19,CAP-GA55-SIL,Capa Galaxy A55 Silicone Fosca,Silicone,Verde,1,22.9,22.9,8.11,14.79,64.6,0.0,0.0,0.0,0.0,0,0,Orgânico,Pix,,Concluída,82,167,SP,Campinas
MLB2026-000007,2026-02-19,CAP-GA55-CRI,Capa Galaxy A55 Cristal Ultra Fino,Cristal,Transparente,1,26.9,26.9,13.1,8.82,32.8,0.0,0.0,4.98,0.0,0,0,Orgânico,Boleto,,Enviada,69,143,SP,São Bernardo do Campo
MLB2026-000008,2026-02-19,CAP-GA54-TPU,Capa Galaxy A54 TPU Antirrisco,TPU,Cinza,1,15.9,15.9,6.78,-0.98,-6.2,12.9,9.03,0.0,1.07,695,9,Anúncios,Pix,,Enviada,20,184,RS,Pelotas
MLB2026-000009,2026-02-19,CAP-GA54-TPU,Capa Galaxy A54 TPU Antirrisco,TPU,Cinza,1,15.9,15.9,7.04,-5.07,-31.9,19.9,13.93,0.0,0.0,0,0,Orgânico,Pix,,Concluída,20,183,SP,Guarulhos
MLB2026-000010,2026-02-19,CAP-GA56-MAG,Capa Galaxy A56 com MagSafe,MagSafe,Roxo,1,47.9,47.9,21.71,26.19,54.7,0.0,0.0,0.0,0.0,0,0,Orgânico,Cartão de crédito,,Enviada,7,92,PA,Belém
MLB2026-000011,2026-02-19,CAP-GS23-TPU,Capa Galaxy S23 TPU Camuflada,TPU,Camuflado,1,19.9,19.9,7.27,3.6,18.1,12.9,9.03,0.0,0.0,0,0,Orgânico,Pix,,Cancelada,9,214,RJ,Duque de Caxias
MLB2026-000012,2026-02-19,CAP-RN14-SIL,Capa Redmi Note 14 Silicone,Silicone,Preto,1,18.9,18.9,8.19,10.71,56.7,0.0,0.0,0.0,0.0,0,0,Orgânico,Pix,,Concluída,27,140,MG,Juiz de Fora
MLB2026-000013,2026-02-19,CAP-RN13-TPU,Capa Redmi Note 13 TPU Cristal,TPU,Transparente,1,14.9,14.9,5.58,0.29,1.9,12.9,9.03,0.0,0.0,0,0,Orgânico,Pix,,Concluída,39,230,MG,Belo Horizonte
MLB2026-000014,2026-02-19,CAP-RN13-TPU,Capa Redmi Note 13 TPU Cristal,TPU,Transparente,2,14.9,29.8,12.4,17.4,58.4,0.0,0.0,0.0,0.0,0,0,Orgânico,Pix,,Concluída,39,228,GO,Goiânia
MLB2026-000015,2026-02-19,CAP-RN13-TPU,Capa Redmi Note 13 TPU Cristal,TPU,Transparente,1,14.9,14.9,6.65,-2.05,-13.8,12.9,9.03,0.0,1.27,1989,18,Anúncios,Cartão de crédito,,Concluída,39,227,PE,Recife
MLB2026-000016,2026-02-19,CAP-R12-SIL,Capa realme 12 Silicone Fosca,Silicone,Branco,1,20.9,20.9,8.82,12.08,57.8,0.0,0.0,0.0,0.0,0,0,Orgânico,Cartão de crédito,,Enviada,42,210,MG,Contagem
MLB2026-000017,2026-02-19,CAP-ME50-COU,Capa Moto Edge 50 Couro Sintético,Couro,Marrom,2,59.9,119.8,45.52,74.28,62.0,0.0,0.0,0.0,0.0,0,0,Orgânico,Pix,,Concluída,4,72,BA,Feira de Santana
MLB2026-000018,2026-02-19,CAP-IP15-PLU,Capa iPhone 15 Pelúcia Colorida,Pelúcia,Rosa,1,39.9,39.9,17.04,22.86,57.3,0.0,0.0,0.0,0.0,0,0,Orgânico,Cartão de crédito,9,Concluída,47,157,RS,Canoas
MLB2026-000019,2026-02-19,CAP-IP15-PLU,Capa iPhone 15 Pelúcia Colorida,Pelúcia,Rosa,1,39.9,39.9,17.64,10.17,25.5,12.9,9.03,3.06,0.0,0,0,Orgânico,Pix,,Concluída,47,156,GO,Goiânia
MLB2026-000020,2026-02-19,CAP-GA55-SUP,Capa Galaxy A55 com Suporte e Anel,Com Suporte,Preto,1,35.9,35.9,15.34,20.56,57.3,0.0,0.0,0.0,0.0,0,0,Orgânico,Cartão de crédito,,Concluída,3,84,AM,Manaus
MLB2026-000021,2026-02-19,CAP-GS25-SIL,Capa Galaxy S25 Ultra Silicone MagSafe,MagSafe,Preto,1,54.9,54.9,22.85,32.05,58.4,0.0,0.0,0.0,0.0,0,0,Orgânico,Pix,,Concluída,69,40,RJ,Duque de Caxias
MLB2026-000022,2026-02-19,CAP-MG85-TPU,Capa Moto G85 TPU Cinza,TPU,Cinza,1,16.9,16.9,7.97,8.93,52.8,0.0,0.0,0.0,0.0,0,0,Orgânico,Pix,,Concluída,37,56,BA,Feira de Santana
MLB2026-000023,2026-02-19,CAP-R13C-SIL,Capa Redmi 13C Silicone Azul,Silicone,Azul,1,17.9,17.9,8.57,-8.0,-44.7,19.9,13.93,0.0,3.4,1834,10,Anúncios,Cartão de crédito,,Enviada,26,67,MG,Juiz de Fora
MLB2026-000024,2026-02-19,CAP-R13C-SIL,Capa Redmi 13C Silicone Azul,Silicone,Azul,1,17.9,17.9,8.73,-6.49,-36.3,19.9,13.93,0.0,1.73,624,7,Anúncios,Cartão de crédito,,Enviada,26,66,MG,Contagem
MLB2026-000025,2026-02-19,CAP-R13C-SIL,Capa Redmi 13C Silicone Azul,Silicone,Azul,1,17.9,17.9,7.98,9.92,55.4,0.0,0.0,0.0,0.0,0,0,Orgânico,Pix,,Concluída,26,65,SP,São Paulo
MLB2026-000026,2026-02-20,CAP-IP15-SIL,Capa de Celular iPhone 15 Silicone Fosca,Silicone,Preto,1,24.9,24.9,11.13,4.74,19.0,12.9,9.03,0.0,0.0,0,0,Orgânico,Pix,,Concluída,39,99,MA,Imperatriz
MLB2026-000027,2026-02-20,CAP-IP13-SIL,Capa iPhone 13 Silicone Colorida,Silicone,Rosa,1,21.9,21.9,8.34,13.56,61.9,0.0,0.0,0.0,0.0,0,0,Orgânico,Pix,,Concluída,67,243,SP,Osasco
MLB2026-000028,2026-02-20,CAP-GA55-CRI,Capa Galaxy A55 Cristal Ultra Fino,Cristal,Transparente,1,26.9,26.9,13.28,-3.46,-12.9,19.9,13.93,0.0,3.15,2026,36,Anúncios,Pix,,Concluída,43,142,SP,Osasco
MLB2026-000029,2026-02-20,CAP-GA55-CRI,Capa Galaxy A55 Cristal Ultra Fino,Cristal,Transparente,1,26.9,26.9,9.6,17.3,64.3,0.0,0.0,0.0,0.0,0,0,Orgânico,Cartão de crédito,3,Concluída,43,141,SP,São Paulo
MLB2026-000030,2026-02-20,CAP-GA54-TPU,Capa Galaxy A54 TPU Antirrisco,TPU,Cinza,1,15.9,15.9,6.95,-4.98,-31.3,19.9,13.93,0.0,0.0,0,0,Orgânico,Cartão de crédito,9,Concluída,13,182,MG,Juiz de Fora
MLB2026-000031,2026-02-20,CAP-GA56-MAG,Capa Galaxy A56 com MagSafe,MagSafe,Roxo,1,47.9,47.9,18.63,25.8,53.9,0.0,0.0,0.0,3.47,1148,18,Anúncios,Cartão de crédito,,Concluída,31,91,PE,Olinda
MLB2026-000032,2026-02-20,CAP-RN14-SIL,Capa Redmi Note 14 Silicone,Silicone,Preto,1,18.9,18.9,7.13,11.77,62.3,0.0,0.0,0.0,0.0,0,0,Orgânico,Pix,,Concluída,44,139,SP,Guarulhos
MLB2026-000033,2026-02-20,CAP-MG84-TPU,Capa Moto G84 TPU Transparente,TPU,Transparente,1,15.9,15.9,7.16,-9.44,-59.4,19.9,13.93,0.0,4.25,3073,53,Anúncios,Pix,,Concluída,32,172,SP,Osasco
MLB2026-000034,2026-02-20,CAP-ME50-COU,Capa Moto Edge 50 Couro Sintético,Couro,Marrom,1,59.9,59.9,25.33,34.57,57.7,0.0,0.0,0.0,0.0,0,0,Orgânico,Cartão de crédito,3,Concluída,14,71,GO,Aparecida de Goiânia
MLB2026-000035,2026-02-20,CAP-GS25-SIL,Capa Galaxy S25 Ultra Silicone MagSafe,MagSafe,Preto,1,54.9,54.9,20.68,34.22,62.3,0.0,0.0,0.0,0.0,0,0,Orgânico,Cartão de crédito,12,Concluída,71,39,MG,Uberlândia
MLB2026-000036,2026-02-20,CAP-MG84-SUP,Capa Moto G84 com Suporte,Com Suporte,Preto,1,29.9,29.9,13.06,16.22,54.2,0.0,0.0,0.62,0.0,0,0,Orgânico,Pix,,Concluída,7,193,DF,Brasília
MLB2026-000037,2026-02-20,CAP-RN14-PLU,Capa Redmi Note 14 Pelúcia,Pelúcia,Rosa,1,32.9,32.9,13.19,4.92,15.0,19.9,13.93,0.86,0.0,0,0,Orgânico,Cartão de crédito,6,Enviada,17,42,PE,Caruaru
MLB2026-000038,2026-02-20,CAP-GS24-COU,Capa Galaxy S24 Couro Premium,Couro,Preto,1,64.9,64.9,31.84,28.51,43.9,0.0,0.0,4.55,0.0,0,0,Orgânico,Cartão de crédito,,Cancelada,9,195,SP,São Paulo
MLB2026-000039,2026-02-20,CAP-GS24-COU,Capa Galaxy S24 Couro Premium,Couro,Preto,1,64.9,64.9,25.51,36.14,55.7,0.0,0.0,3.25,0.0,0,0,Orgânico,Pix,,Concluída,9,194,RS,Caxias do Sul
MLB2026-000040,2026-02-20,CAP-IP15-AGU,Capa iPhone 15 À Prova d'Água,À Prova d'Água,Preto,1,57.9,57.9,23.59,34.31,59.3,0.0,0.0,0.0,0.0,0,0,Orgânico,Cartão de crédito,,Concluída,30,124,CE,Juazeiro do Norte
MLB2026-000041,2026-02-20,CAP-GA54-SIL,Capa Galaxy A54 Silicone Vermelho,Silicone,Vermelho,1,18.9,18.9,7.34,11.56,61.2,0.0,0.0,0.0,0.0,0,0,Orgânico,Cartão de débito,,Concluída,32,206,SP,São Paulo
MLB2026-000042,2026-02-21,CAP-IP15-SIL,Capa de Celular iPhone 15 Silicone Fosca,Silicone,Preto,1,24.9,24.9,10.74,5.13,20.6,12.9,9.03,0.0,0.0,0,0,Orgânico,Pix,,Concluída,64,98,MG,Belo Horizonte
MLB2026-000043,2026-02-21,CAP-IP15-SIL,Capa de Celular iPhone 15 Silicone Fosca,Silicone,Preto,1,24.9,24.9,11.7,12.46,50.0,0.0,0.0,0.74,0.0,0,0,Orgânico,Cartão de crédito,3,Concluída,64,97,ES,Serra
MLB2026-000044,2026-02-21,CAP-IP15-CRI,Capa iPhone 15 Acrílico Cristal Transparente,Cristal,Transparente,1,29.9,29.9,11.63,4.34,14.5,19.9,13.93,0.0,0.0,0,0,Orgânico,Cartão de débito,,Concluída,85,40,RJ,Duque de Caxias
MLB2026-000045,2026-02-21,CAP-IP12-TPU,Capa iPhone 12 TPU Transparente,TPU,Transparente,1,16.9,16.9,7.67,9.23,54.6,0.0,0.0,0.0,0.0,0,0,Orgânico,Cartão de crédito,,Concluída,28,71,SC,Chapecó
MLB2026-000046,2026-02-21,CAP-IP12-TPU,Capa iPhone 12 TPU Transparente,TPU,Transparente,1,16.9,16.9,6.15,-4.88,-28.9,19.9,13.93,0.0,1.7,2703,42,Anúncios,Cartão de crédito,6,Enviada,28,70,SP,São Paulo
MLB2026-000047,2026-02-21,CAP-IP11-SIL,Capinha iPhone 11 Silicone Antichoque,Silicone,Preto,1,15.9,15.9,6.26,-4.29,-27.0,19.9,13.93,0.0,0.0,0,0,Orgânico,Cartão de crédito,,Cancelada,19,69,MG,Contagem
MLB2026-000048,2026-02-21,CAP-IP11-SIL,Capinha iPhone 11 Silicone Antichoque,Silicone,Preto,1,15.9,15.9,7.07,-5.1,-32.1,19.9,13.93,0.0,0.0,0,0,Orgânico,Pix,,Concluída,19,68,BA,Salvador
MLB2026-000049,2026-02-21,CAP-GA56-MAG,Capa Galaxy A56 com MagSafe,MagSafe,Roxo,1,47.9,47.9,19.31,24.19,50.5,0.0,0.0,0.0,4.4,831,21,Anúncios,Cartão de crédito,,Concluída,21,90,ES,Vitória
MLB2026-000050,2026-02-21,CAP-GS24-SIL,Capa Galaxy S24 Silicone com Anel,Silicone,Azul,1,29.9,29.9,12.1,1.21,4.0,19.9,13.93,0.0,2.66,1367,16,Anúncios,Pix,,Concluída,24,170,SP,Campinas
MLB2026-000051,2026-02-21,CAP-GS24-SIL,Capa Galaxy S24 Silicone com Anel,Silicone,Azul,1,29.9,29.9,13.99,15.91,53.2,0.0,0.0,0.0,0.0,0,0,Orgânico,Cartão de crédito,9,Concluída,24,169,RJ,Campos dos Goytacazes
MLB2026-000052,2026-02-21,CAP-RN14-SIL,Capa Redmi Note 14 Silicone,Silicone,Preto,1,18.9,18.9,6.88,2.99,15.8,12.9,9.03,0.0,0.0,0,0,Orgânico,Cartão de crédito,3,Concluída,27,138,SP,São Bernardo do Campo
MLB2026-000053,2026-02-21,CAP-RN13-TPU,Capa Redmi Note 13 TPU Cristal,TPU,Transparente,1,14.9,14.9,5.36,9.54,64.0,0.0,0.0,0.0,0.0,0,0,Orgânico,Pix,,Concluída,19,226,SP,Campinas
MLB2026-000054,2026-02-21,CAP-RN13-TPU,Capa Redmi Note 13 TPU Cristal,TPU,Transparente,1,14.9,14.9,5.35,-8.23,-55.2,19.9,13.93,0.0,3.85,1789,8,Anúncios,Cartão de crédito,6,Concluída,19,225,RS,Caxias do Sul
MLB2026-000055,2026-02-21,CAP-R11-PLU,Capa realme 11 Pelúcia Fofinha,Pelúcia,Rosa,1,34.9,34.9,13.49,19.77,56.6,0.0,0.0,0.0,1.64,1240,32,Anúncios,Pix,,Concluída,19,102,MG,Juiz de Fora
MLB2026-000056,2026-02-21,CAP-R11-PLU,Capa realme 11 Pelúcia Fofinha,Pelúcia,Rosa,1,34.9,34.9,16.64,15.99,45.8,0.0,0.0,0.0,2.27,858,7,Anúncios,Boleto,,Concluída,19,101,RS,Caxias do Sul
MLB2026-000057,2026-02-21,CAP-MG84-TPU,Capa Moto G84 TPU Transparente,TPU,Transparente,1,15.9,15.9,6.37,0.5,3.1,12.9,9.03,0.0,0.0,0,0,Orgânico,Boleto,,Concluída,17,171,SC,Chapecó
MLB2026-000058,2026-02-21,CAP-MG85-SIL,Capa Moto G85 Silicone Azul,Silicone,Azul,1,19.9,19.9,8.8,0.57,2.9,12.9,9.03,0.02,1.48,999,7,Anúncios,Pix,,Concluída,28,212,SP,Campinas
MLB2026-000059,2026-02-21,CAP-MG85-SIL,Capa Moto G85 Silicone Azul,Silicone,Azul,1,19.9,19.9,7.71,-1.74,-8.7,19.9,13.93,0.0,0.0,0,0,Orgânico,Pix,,Concluída,28,211,RJ,Rio de Janeiro
MLB2026-000060,2026-02-21,CAP-RN14-AGU,Capa Redmi Note 14 À Prova d'Água,À Prova d'Água,Azul,1,54.9,54.9,21.97,32.93,60.0,0.0,0.0,0.0,0.0,0,0,Orgânico,Pix,,Concluída,16,77,PR,Cascavel
MLB2026-000061,2026-02-21,CAP-RN14-AGU,Capa Redmi Note 14 À Prova d'Água,À Prova d'Água,Azul,1,54.9,54.9,26.67,28.23,51.4,0.0,0.0,0.0,0.0,0,0,Orgânico,Cartão de crédito,,Enviada,16,76,SP,São Paulo
MLB2026-000062,2026-02-21,CAP-IP12-PLU,Capinha iPhone 12 Pelúcia,Pelúcia,Amarelo,1,33.9,33.9,15.45,14.12,41.7,0.0,0.0,0.0,4.33,746,7,Anúncios,Pix,,Enviada,9,245,SP,Guarulhos
MLB2026-000063,2026-02-21,CAP-IP12-PLU,Capinha iPhone 12 Pelúcia,Pelúcia,Amarelo,1,33.9,33.9,14.8,5.17,15.3,19.9,13.93,0.0,0.0,0,0,Orgânico,Pix,,Concluída,9,244,RJ,Duque de Caxias
MLB2026-000064,2026-02-21,CAP-IP12-PLU,Capinha iPhone 12 Pelúcia,Pelúcia,Amarelo,1,33.9,33.9,13.61,6.36,18.8,19.9,13.93,0.0,0.0,0,0,Orgânico,Boleto,,Concluída,9,243,MG,Uberlândia
MLB2026-000065,2026-02-21,CAP-R12-SUP,Capa realme 12 com Suporte,Com Suporte,Cinza,1,33.9,33.9,12.58,21.32,62.9,0.0,0.0,0.0,0.0,0,0,Orgânico,Pix,,Pendente,8,220,MG,Juiz de Fora
MLB2026-000066,2026-02-21,CAP-R12-SUP,Capa realme 12 com Suporte,Com Suporte,Cinza,1,33.9,33.9,14.95,8.67,25.6,12.9,9.03,0.0,1.25,546,13,Anúncios,Cartão de crédito,,Concluída,8,219,SC,Florianópolis
MLB2026-000067,2026-02-21,CAP-MG85-TPU,Capa Moto G85 TPU Cinza,TPU,Cinza,1,16.9,16.9,7.09,-1.47,-8.7,12.9,9.03,0.0,2.25,3496,79,Anúncios,Cartão de crédito,9,Concluída,8,55,AM,Parintins
MLB2026-000068,2026-02-21,CAP-R13C-SIL,Capa Redmi 13C Silicone Azul,Silicone,Azul,1,17.9,17.9,8.52,-4.55,-25.4,19.9,13.93,0.0,0.0,0,0,Orgânico,Pix,,Concluída,20,64,MG,Uberlândia
MLB2026-000069,2026-02-22,CAP-IP15-SIL,Capa de Celular iPhone 15 Silicone Fosca,Silicone,Preto,1,24.9,24.9,11.16,11.37,45.7,0.0,0.0,2.37,0.0,0,0,Orgânico,Pix,,Enviada,41,96,PA,Belém
MLB2026-000070,2026-02-22,CAP-IP15-CRI,Capa iPhone 15 Acrílico Cristal Transparente,Cristal,Transparente,1,29.9,29.9,14.11,15.79,52.8,0.0,0.0,0.0,0.0,0,0,Orgânico,Pix,,Concluída,57,39,SP,São Paulo
MLB2026-000071,2026-02-22,CAP-IP16-MAG,Capa iPhone 16 Silicone com MagSafe,MagSafe,Azul,1,49.9,49.9,19.69,25.73,51.6,0.0,0.0,0.0,4.48,2188,51,Anúncios,Pix,,Enviada,79,171,RS,Canoas
MLB2026-000072,2026-02-22,CAP-IP12-TPU,Capa iPhone 12 TPU Transparente,TPU,Transparente,1,16.9,16.9,7.5,-11.5,-68.0,19.9,13.93,3.38,3.59,1348,12,Anúncios,Pix,,Concluída,41,69,SP,Campinas
MLB2026-000073,2026-02-22,CAP-GA55-SIL,Capa Galaxy A55 Silicone Fosca,Silicone,Verde,1,22.9,22.9,10.34,3.53,15.4,12.9,9.03,0.0,0.0,0,0,Orgânico,Cartão de crédito,12,Concluída,87,166,CE,Fortaleza
MLB2026-000074,2026-02-22,CAP-GS23-TPU,Capa Galaxy S23 TPU Camuflada,TPU,Camuflado,2,19.9,39.8,18.86,18.35,46.1,0.0,0.0,0.0,2.59,736,5,Anúncios,Pix,,Cancelada,34,212,PR,Maringá
MLB2026-000075,2026-02-22,CAP-GS23-TPU,Capa Galaxy S23 TPU Camuflada,TPU,Camuflado,1,19.9,19.9,9.67,10.23,51.4,0.0,0.0,0.0,0.0,0,0,Orgânico,Cartão de crédito,,Concluída,34,211,MG,Belo Horizonte
MLB2026-000076,2026-02-22,CAP-RN13-TPU,Capa Redmi Note 13 TPU Cristal,TPU,Transparente,1,14.9,14.9,6.48,-2.82,-18.9,12.9,9.03,0.0,2.21,1705,24,Anúncios,Pix,,Concluída,46,224,PR,Maringá
MLB2026-000077,2026-02-22,CAP-RN13-SUP,Capa Redmi Note 13 com Suporte,Com Suporte,Preto,1,32.9,32.9,14.23,7.2,21.9,12.9,9.03,2.44,0.0,0,0,Orgânico,Pix,,Concluída,7,197,MG,Belo Horizonte
MLB2026-000078,2026-02-22,CAP-RN13-SUP,Capa Redmi Note 13 com Suporte,Com Suporte,Preto,1,32.9,32.9,15.31,2.76,8.4,19.9,13.93,0.0,0.9,1752,44,Anúncios,Pix,,Concluída,7,196,SP,São Paulo
MLB2026-000079,2026-02-22,CAP-R12-SIL,Capa realme 12 Silicone Fosca,Silicone,Branco,1,20.9,20.9,9.48,-4.16,-19.9,19.9,13.93,1.65,0.0,0,0,Orgânico,Pix,,Concluída,43,209,PR,Curitiba
MLB2026-000080,2026-02-22,CAP-R12-SIL,Capa realme 12 Silicone Fosca,Silicone,Branco,1,20.9,20.9,9.93,-2.96,-14.2,19.9,13.93,0.0,0.0,0,0,Orgânico,Cartão de crédito,,Concluída,43,208,SP,São Bernardo do Campo
MLB2026-000081,2026-02-22,CAP-MG84-TPU,Capa Moto G84 TPU Transparente,TPU,Transparente,1,15.9,15.9,6.21,-2.64,-16.6,12.9,9.03,3.3,0.0,0,0,Orgânico,Cartão de crédito,6,Concluída,23,170,GO,Aparecida de Goiânia
MLB2026-000082,2026-02-22,CAP-GA55-SUP,Capa Galaxy A55 com Suporte e Anel,Com Suporte,Preto,1,35.9,35.9,15.89,4.53,12.6,19.9,13.93,0.0,1.55,2850,23,Anúncios,Pix,,Concluída,16,83,SP,Osasco
MLB2026-000083,2026-02-22,CAP-GA55-SUP,Capa Galaxy A55 com Suporte e Anel,Com Suporte,Preto,1,35.9,35.9,15.69,19.28,53.7,0.0,0.0,0.0,0.93,1217,34,Anúncios,Pix,,Enviada,16,82,SP,São Bernardo do Campo
MLB2026-000084,2026-02-22,CAP-IP16-CRI,Capa iPhone 16 Cristal Espelhada,Cristal,Prata,1,37.9,37.9,18.38,6.69,17.7,12.9,9.03,3.8,0.0,0,0,Orgânico,Cartão de crédito,9,Cancelada,16,173,MG,Belo Horizonte
MLB2026-000085,2026-02-22,CAP-GS25-SIL,Capa Galaxy S25 Ultra Silicone MagSafe,MagSafe,Preto,1,54.9,54.9,22.65,32.25,58.7,0.0,0.0,0.0,0.0,0,0,Orgânico,Pix,,Concluída,49,38,MG,Uberlândia
MLB2026-000086,2026-02-22,CAP-GS25-SIL,Capa Galaxy S25 Ultra Silicone MagSafe,MagSafe,Preto,2,54.9,109.8,49.4,59.18,53.9,0.0,0.0,0.0,1.22,2648,22,Anúncios,Cartão de débito,,Concluída,49,36,PR,Maringá
MLB2026-000087,2026-02-22,CAP-MG84-SUP,Capa Moto G84 com Suporte,Com Suporte,Preto,3,29.9,89.7,41.67,48.03,53.5,0.0,0.0,0.0,0.0,0,0,Orgânico,Cartão de crédito,,Concluída,7,190,CE,Fortaleza
MLB2026-000088,2026-02-22,CAP-IP13-MAG,Capa iPhone 13 Silicone MagSafe,MagSafe,Branco,1,44.9,44.9,21.57,21.19,47.2,0.0,0.0,0.0,2.14,420,2,Anúncios,Pix,,Concluída,30,39,SP,Osasco
MLB2026-000089,2026-02-22,CAP-MG85-TPU,Capa Moto G85 TPU Cinza,TPU,Cinza,1,16.9,16.9,7.74,-6.15,-36.4,19.9,13.93,1.38,0.0,0,0,Orgânico,Pix,,Concluída,40,54,SP,Osasco
MLB2026-000090,2026-02-22,CAP-GA54-SIL,Capa Galaxy A54 Silicone Vermelho,Silicone,Vermelho,1,18.9,18.9,8.2,-0.02,-0.1,12.9,9.03,0.0,1.69,739,13,Anúncios,Pix,,Concluída,16,205,PR,Maringá
MLB2026-000091,2026-02-23,CAP-IP15-CRI,Capa iPhone 15 Acrílico Cristal Transparente,Cristal,Transparente,2,29.9,59.8,25.1,25.67,42.9,12.9,9.03,0.0,0.0,0,0,Orgânico,Pix,,Concluída,52,37,RS,Pelotas
MLB2026-000092,2026-02-23,CAP-IP14-COU,Capa iPhone 14 Couro Sintético Premium,Couro,Marrom,1,44.9,44.9,16.44,28.46,63.4,0.0,0.0,0.0,0.0,0,0,Orgânico,Pix,,Concluída,9,126,SP,Campinas
MLB2026-000093,2026-02-23,CAP-IP14-COU,Capa iPhone 14 Couro Sintético Premium,Couro,Marrom,1,44.9,44.9,18.29,24.67,54.9,0.0,0.0,0.0,1.94,3107,93,Anúncios,Pix,,Concluída,9,125,RJ,Duque de Caxias
MLB2026-000094,2026-02-23,CAP-GA55-SIL,Capa Galaxy A55 Silicone Fosca,Silicone,Verde,2,22.9,45.8,22.12,9.75,21.3,19.9,13.93,0.0,0.0,0,0,Orgânico,Boleto,,Concluída,102,164,CE,Fortaleza
MLB2026-000095,2026-02-23,CAP-GA55-CRI,Capa Galaxy A55 Cristal Ultra Fino,Cristal,Transparente,1,26.9,26.9,11.88,15.02,55.8,0.0,0.0,0.0,0.0,0,0,Orgânico,Cartão de crédito,,Concluída,21,140,SP,São Bernardo do Campo
MLB2026-000096,2026-02-23,CAP-GA56-MAG,Capa Galaxy A56 com MagSafe,MagSafe,Roxo,1,47.9,47.9,20.28,27.62,57.7,0.0,0.0,0.0,0.0,0,0,Orgânico,Boleto,,Concluída,16,89,SP,São Bernardo do Campo
MLB2026-000097,2026-02-23,CAP-GS25-COU,Capa Galaxy S25 Ultra Couro Premium,Couro,Marrom,3,69.9,209.7,79.41,125.32,59.8,0.0,0.0,4.97,0.0,0,0,Orgânico,Boleto,,Concluída,54,181,AM,Manaus
MLB2026-000098,2026-02-23,CAP-GS25-COU,Capa Galaxy S25 Ultra Couro Premium,Couro,Marrom,1,69.9,69.9,34.52,35.38,50.6,0.0,0.0,0.0,0.0,0,0,Orgânico,Pix,,Concluída,54,180,GO,Goiânia
MLB2026-000099,2026-02-23,CAP-GS25-COU,Capa Galaxy S25 Ultra Couro Premium,Couro,Marrom,1,69.9,69.9,26.77,43.13,61.7,0.0,0.0,0.0,0.0,0,0,Orgânico,Boleto,,Concluída,54,179,MG,Uberlândia
MLB2026-000100,2026-02-23,CAP-GS24-SIL,Capa Galaxy S24 Silicone com Anel,Silicone,Azul,1,29.9,29.9,14.6,-2.43,-8.1,19.9,13.93,0.0,3.8,1058,13,Anúncios,Boleto,,Concluída,54,168,PR,Maringá
MLB2026-000101,2026-02-23,CAP-GS24-SIL,Capa Galaxy S24 Silicone com Anel,Silicone,Azul,1,29.9,29.9,11.12,9.75,32.6,12.9,9.03,0.0,0.0,0,0,Orgânico,Cartão de crédito,6,Concluída,54,167,RJ,Niterói
MLB2026-000102,2026-02-23,CAP-R12-SIL,Capa realme 12 Silicone Fosca,Silicone,Branco,1,20.9,20.9,9.79,11.11,53.2,0.0,0.0,0.0,0.0,0,0,Orgânico,Boleto,,Concluída,14,207,MG,Belo Horizonte
MLB2026-000103,2026-02-23,CAP-IP16-CRI,Capa iPhone 16 Cristal Espelhada,Cristal,Prata,1,37.9,37.9,16.67,7.3,19.3,19.9,13.93,0.0,0.0,0,0,Orgânico,Cartão de débito,,Concluída,34,172,SP,Campinas
MLB2026-000104,2026-02-23,CAP-R12-CRI,Capa realme 12 Cristal Transparente,Cristal,Transparente,1,24.9,24.9,9.16,6.71,26.9,12.9,9.03,0.0,0.0,0,0,Orgânico,Pix,,Concluída,49,16,DF,Brasília
MLB2026-000105,2026-02-23,CAP-IP16-PLU,Capa iPhone 16 Pelúcia Colorida,Pelúcia,Verde,1,41.9,41.9,18.77,6.91,16.5,19.9,13.93,0.0,2.29,3374,82,Anúncios,Cartão de crédito,,Concluída,4,82,PR,Londrina
MLB2026-000106,2026-02-23,CAP-IP16-PLU,Capa iPhone 16 Pelúcia Colorida,Pelúcia,Verde,1,41.9,41.9,17.57,21.04,50.2,0.0,0.0,3.29,0.0,0,0,Orgânico,Pix,,Concluída,4,81,DF,Ceilândia
MLB2026-000107,2026-02-24,CAP-IP15-SIL,Capa de Celular iPhone 15 Silicone Fosca,Silicone,Preto,1,24.9,24.9,10.7,5.17,20.8,12.9,9.03,0.0,0.0,0,0,Orgânico,Pix,,Concluída,81,95,RS,Canoas
MLB2026-000108,2026-02-24,CAP-IP15-SIL,Capa de Celular iPhone 15 Silicone Fosca,Silicone,Preto,1,24.9,24.9,9.83,13.51,54.3,0.0,0.0,0.0,1.56,3108,55,Anúncios,Cartão de crédito,,Concluída,81,94,RS,Porto Alegre
MLB2026-000109,2026-02-24,CAP-IP15-SIL,Capa de Celular iPhone 15 Silicone Fosca,Silicone,Preto,1,24.9,24.9,10.62,14.28,57.3,0.0,0.0,0.0,0.0,0,0,Orgânico,Pix,,Enviada,81,93,MG,Juiz de Fora
MLB2026-000110,2026-02-24,CAP-IP11-SIL,Capinha iPhone 11 Silicone Antichoque,Silicone,Preto,1,15.9,15.9,7.68,4.68,29.4,0.0,0.0,0.0,3.54,794,20,Anúncios,Pix,,Concluída,25,67,SP,Campinas
MLB2026-000111,2026-02-24,CAP-IP11-SIL,Capinha iPhone 11 Silicone Antichoque,Silicone,Preto,1,15.9,15.9,5.6,-8.62,-54.2,19.9,13.93,4.99,0.0,0,0,Orgânico,Cartão de crédito,9,Concluída,25,66,SP,Guarulhos
MLB2026-000112,2026-02-24,CAP-GA55-SIL,Capa Galaxy A55 Silicone Fosca,Silicone,Verde,1,22.9,22.9,10.13,1.81,7.9,12.9,9.03,0.0,1.93,686,11,Anúncios,Cartão de débito,,Cancelada,45,163,SP,São Paulo
MLB2026-000113,2026-02-24,CAP-GA55-SIL,Capa Galaxy A55 Silicone Fosca,Silicone,Verde,1,22.9,22.9,8.79,5.08,22.2,12.9,9.03,0.0,0.0,0,0,Orgânico,Cartão de crédito,6,Concluída,45,162,MG,Contagem
MLB2026-000114,2026-02-24,CAP-GA54-TPU,Capa Galaxy A54 TPU Antirrisco,TPU,Cinza,1,15.9,15.9,7.64,-0.77,-4.8,12.9,9.03,0.0,0.0,0,0,Orgânico,Pix,,Concluída,25,181,CE,Sobral
MLB2026-000115,2026-02-24,CAP-GS23-TPU,Capa Galaxy S23 TPU Camuflada,TPU,Camuflado,1,19.9,19.9,8.28,11.62,58.4,0.0,0.0,0.0,0.0,0,0,Orgânico,Cartão de crédito,3,Concluída,22,210,MG,Juiz de Fora
MLB2026-000116,2026-02-24,CAP-GS23-TPU,Capa Galaxy S23 TPU Camuflada,TPU,Camuflado,1,19.9,19.9,7.59,-1.62,-8.1,19.9,13.93,0.0,0.0,0,0,Orgânico,Pix,,Concluída,22,209,PE,Petrolina
MLB2026-000117,2026-02-24,CAP-GS23-TPU,Capa Galaxy S23 TPU Camuflada,TPU,Camuflado,1,19.9,19.9,8.67,2.2,11.1,12.9,9.03,0.0,0.0,0,0,Orgânico,Pix,,Enviada,22,208,SP,Osasco
MLB2026-000118,2026-02-24,CAP-RN14-SIL,Capa Redmi Note 14 Silicone,Silicone,Preto,1,18.9,18.9,7.67,2.2,11.6,12.9,9.03,0.0,0.0,0,0,Orgânico,Pix,,Enviada,84,137,RS,Canoas
MLB2026-000119,2026-02-24,CAP-R12-SIL,Capa realme 12 Silicone Fosca,Silicone,Branco,1,20.9,20.9,8.8,12.1,57.9,0.0,0.0,0.0,0.0,0,0,Orgânico,Pix,,Concluída,33,206,SP,Osasco
MLB2026-000120,2026-02-24,CAP-R12-SIL,Capa realme 12 Silicone Fosca,Silicone,Branco,1,20.9,20.9,8.0,12.9,61.7,0.0,0.0,0.0,0.0,0,0,Orgânico,Pix,,Concluída,33,205,PR,Maringá
MLB2026-000121,2026-02-24,CAP-ME50-COU,Capa Moto Edge 50 Couro Sintético,Couro,Marrom,1,59.9,59.9,28.77,31.13,52.0,0.0,0.0,0.0,0.0,0,0,Orgânico,Cartão de crédito,12,Concluída,39,70,PR,Londrina
MLB2026-000122,2026-02-24,CAP-RN14-AGU,Capa Redmi Note 14 À Prova d'Água,À Prova d'Água,Azul,1,54.9,54.9,23.81,26.9,49.0,0.0,0.0,0.0,4.19,2003,39,Anúncios,Pix,,Enviada,5,75,BA,Vitória da Conquista
MLB2026-000123,2026-02-24,CAP-GS25-SIL,Capa Galaxy S25 Ultra Silicone MagSafe,MagSafe,Preto,1,54.9,54.9,25.99,27.95,50.9,0.0,0.0,0.0,0.96,3220,52,Anúncios,Pix,,Concluída,58,35,BA,Salvador
MLB2026-000124,2026-02-24,CAP-GA54-SIL,Capa Galaxy A54 Silicone Vermelho,Silicone,Vermelho,1,18.9,18.9,7.57,2.3,12.2,12.9,9.03,0.0,0.0,0,0,Orgânico,Pix,,Concluída,14,204,PR,Maringá
MLB2026-000125,2026-02-24,CAP-R13C-SIL,Capa Redmi 13C Silicone Azul,Silicone,Azul,1,17.9,17.9,6.77,2.1,11.7,12.9,9.03,0.0,0.0,0,0,Orgânico,Cartão de crédito,9,Concluída,10,63,BA,Vitória da Conquista
MLB2026-000126,2026-02-25,CAP-IP15-SIL,Capa de Celular iPhone 15 Silicone Fosca,Silicone,Preto,1,24.9,24.9,9.02,6.85,27.5,12.9,9.03,0.0,0.0,0,0,Orgânico,Cartão de crédito,9,Concluída,30,92,PE,Caruaru
MLB2026-000127,2026-02-25,CAP-IP15-CRI,Capa iPhone 15 Acrílico Cristal Transparente,Cristal,Transparente,1,29.9,29.9,13.59,7.28,24.3,12.9,9.03,0.0,0.0,0,0,Orgânico,Pix,,Concluída,31,36,SP,Osasco
MLB2026-000128,2026-02-25,CAP-IP16-MAG,Capa iPhone 16 Silicone com MagSafe,MagSafe,Azul,1,49.9,49.9,19.09,30.81,61.7,0.0,0.0,0.0,0.0,0,0,Orgânico,Cartão de crédito,9,Cancelada,22,170,RJ,Rio de Janeiro
MLB2026-000129,2026-02-25,CAP-IP14-COU,Capa iPhone 14 Couro Sintético Premium,Couro,Marrom,1,44.9,44.9,20.37,24.53,54.6,0.0,0.0,0.0,0.0,0,0,Orgânico,Cartão de crédito,9,Concluída,58,124,ES,Vitória
MLB2026-000130,2026-02-25,CAP-IP12-TPU,Capa iPhone 12 TPU Transparente,TPU,Transparente,2,16.9,33.8,13.46,11.31,33.5,12.9,9.03,0.0,0.0,0,0,Orgânico,Pix,,Concluída,40,67,PA,Belém
MLB2026-000131,2026-02-25,CAP-IP11-SIL,Capinha iPhone 11 Silicone Antichoque,Silicone,Preto,1,15.9,15.9,6.95,8.95,56.3,0.0,0.0,0.0,0.0,0,0,Orgânico,Pix,,Concluída,29,65,SP,São Bernardo do Campo
MLB2026-000132,2026-02-25,CAP-IP11-SIL,Capinha iPhone 11 Silicone Antichoque,Silicone,Preto,1,15.9,15.9,5.94,8.98,56.5,0.0,0.0,0.0,0.98,2758,61,Anúncios,Boleto,,Concluída,29,64,MA,Imperatriz
MLB2026-000133,2026-02-25,CAP-IP11-SIL,Capinha iPhone 11 Silicone Antichoque,Silicone,Preto,1,15.9,15.9,5.71,1.16,7.3,12.9,9.03,0.0,0.0,0,0,Orgânico,Pix,,Concluída,29,63,DF,Brasília
MLB2026-000134,2026-02-25,CAP-GA55-SIL,Capa Galaxy A55 Silicone Fosca,Silicone,Verde,1,22.9,22.9,10.42,12.48,54.5,0.0,0.0,0.0,0.0,0,0,Orgânico,Pix,,Cancelada,65,161,DF,Brasília
MLB2026-000135,2026-02-25,CAP-GA55-SIL,Capa Galaxy A55 Silicone Fosca,Silicone,Verde,1,22.9,22.9,11.0,-4.98,-21.7,19.9,13.93,0.0,2.95,2478,73,Anúncios,Cartão de crédito,,Concluída,65,160,RS,Canoas
MLB2026-000136,2026-02-25,CAP-GA55-CRI,Capa Galaxy A55 Cristal Ultra Fino,Cristal,Transparente,1,26.9,26.9,13.43,4.03,15.0,12.9,9.03,0.41,0.0,0,0,Orgânico,Cartão de crédito,12,Concluída,33,139,MG,Juiz de Fora
MLB2026-000137,2026-02-25,CAP-GA55-CRI,Capa Galaxy A55 Cristal Ultra Fino,Cristal,Transparente,1,26.9,26.9,11.31,6.56,24.4,12.9,9.03,0.0,0.0,0,0,Orgânico,Pix,,Concluída,33,138,DF,Brasília
MLB2026-000138,2026-02-25,CAP-GA55-CRI,Capa Galaxy A55 Cristal Ultra Fino,Cristal,Transparente,1,26.9,26.9,9.87,5.26,19.6,12.9,9.03,0.0,2.74,926,24,Anúncios,Cartão de crédito,6,Concluída,33,137,MG,Contagem
MLB2026-000139,2026-02-25,CAP-GA54-TPU,Capa Galaxy A54 TPU Antirrisco,TPU,Cinza,1,15.9,15.9,7.06,-5.09,-32.0,19.9,13.93,0.0,0.0,0,0,Orgânico,Pix,,Cancelada,38,180,SC,Blumenau
MLB2026-000140,2026-02-25,CAP-GS24-SIL,Capa Galaxy S24 Silicone com Anel,Silicone,Azul,1,29.9,29.9,12.84,4.71,15.8,12.9,9.03,0.0,3.32,3047,53,Anúncios,Pix,,Concluída,23,166,SC,Chapecó
MLB2026-000141,2026-02-25,CAP-RN14-SIL,Capa Redmi Note 14 Silicone,Silicone,Preto,1,18.9,18.9,8.45,1.42,7.5,12.9,9.03,0.0,0.0,0,0,Orgânico,Cartão de crédito,9,Concluída,31,136,SP,Osasco
MLB2026-000142,2026-02-25,CAP-RN14-SIL,Capa Redmi Note 14 Silicone,Silicone,Preto,1,18.9,18.9,6.94,2.93,15.5,12.9,9.03,0.0,0.0,0,0,Orgânico,Pix,,Concluída,31,135,SP,São Paulo
MLB2026-000143,2026-02-25,CAP-RN13-SUP,Capa Redmi Note 13 com Suporte,Com Suporte,Preto,1,32.9,32.9,15.47,13.04,39.6,0.0,0.0,4.39,0.0,0,0,Orgânico,Cartão de crédito,6,Concluída,29,195,MG,Juiz de Fora
MLB2026-000144,2026-02-25,CAP-RN13-SUP,Capa Redmi Note 13 com Suporte,Com Suporte,Preto,1,32.9,32.9,12.07,8.24,25.0,12.9,9.03,3.56,0.0,0,0,Orgânico,Pix,,Concluída,29,194,SC,Chapecó
MLB2026-000145,2026-02-25,CAP-RN13-SUP,Capa Redmi Note 13 com Suporte,Com Suporte,Preto,3,32.9,98.7,42.45,53.38,54.1,0.0,0.0,0.0,2.87,2724,58,Anúncios,Pix,,Concluída,29,191,SP,Guarulhos
MLB2026-000146,2026-02-25,CAP-IP15-PLU,Capa iPhone 15 Pelúcia Colorida,Pelúcia,Rosa,1,39.9,39.9,18.64,10.6,26.6,12.9,9.03,0.0,1.63,396,7,Anúncios,Pix,,Concluída,14,155,BA,Salvador
MLB2026-000147,2026-02-25,CAP-RN14-AGU,Capa Redmi Note 14 À Prova d'Água,À Prova d'Água,Azul,1,54.9,54.9,22.76,30.33,55.2,0.0,0.0,0.0,1.81,413,11,Anúncios,Cartão de crédito,,Concluída,20,74,PR,Curitiba
MLB2026-000148,2026-02-25,CAP-RN14-AGU,Capa Redmi Note 14 À Prova d'Água,À Prova d'Água,Azul,1,54.9,54.9,20.31,34.59,63.0,0.0,0.0,0.0,0.0,0,0,Orgânico,Pix,,Concluída,20,73,RJ,Campos dos Goytacazes
MLB2026-000149,2026-02-25,CAP-IP16-CRI,Capa iPhone 16 Cristal Espelhada,Cristal,Prata,1,37.9,37.9,14.53,23.37,61.7,0.0,0.0,0.0,0.0,0,0,Orgânico,Pix,,Concluída,52,171,SP,Guarulhos
MLB2026-000150,2026-02-25,CAP-IP16-CRI,Capa iPhone 16 Cristal Espelhada,Cristal,Prata,1,37.9,37.9,15.97,12.9,34.0,12.9,9.03,0.0,0.0,0,0,Orgânico,Pix,,Concluída,52,170,SP,São Paulo
MLB2026-000151,2026-02-25,CAP-GS25-SIL,Capa Galaxy S25 Ultra Silicone MagSafe,MagSafe,Preto,1,54.9,54.9,22.27,32.63,59.4,0.0,0.0,0.0,0.0,0,0,Orgânico,Cartão de débito,,Concluída,53,34,GO,Aparecida de Goiânia
MLB2026-000152,2026-02-25,CAP-MG84-SUP,Capa Moto G84 com Suporte,Com Suporte,Preto,2,29.9,59.8,21.22,20.94,35.0,19.9,13.93,0.0,3.71,1507,43,Anúncios,Cartão de crédito,3,Concluída,2,188,MG,Juiz de Fora
MLB2026-000153,2026-02-26,CAP-IP15-SIL,Capa de Celular iPhone 15 Silicone Fosca,Silicone,Preto,1,24.9,24.9,9.27,6.6,26.5,12.9,9.03,0.0,0.0,0,0,Orgânico,Pix,,Concluída,23,91,SP,Guarulhos
MLB2026-000154,2026-02-26,CAP-IP15-SIL,Capa de Celular iPhone 15 Silicone Fosca,Silicone,Preto,1,24.9,24.9,11.69,11.47,46.1,0.0,0.0,0.0,1.74,2806,32,Anúncios,Pix,,Concluída,23,90,SP,São Bernardo do Campo
MLB2026-000155,2026-02-26,CAP-IP14-COU,Capa iPhone 14 Couro Sintético Premium,Couro,Marrom,1,44.9,44.9,21.26,23.64,52.7,0.0,0.0,0.0,0.0,0,0,Orgânico,Pix,,Concluída,54,123,CE,Sobral
MLB2026-000156,2026-02-26,CAP-GA55-SIL,Capa Galaxy A55 Silicone Fosca,Silicone,Verde,1,22.9,22.9,10.14,-1.44,-6.3,19.9,13.93,0.27,0.0,0,0,Orgânico,Cartão de crédito,,Concluída,19,159,PE,Caruaru
MLB2026-000157,2026-02-26,CAP-GA55-SIL,Capa Galaxy A55 Silicone Fosca,Silicone,Verde,1,22.9,22.9,8.91,0.06,0.3,19.9,13.93,0.0,0.0,0,0,Orgânico,Pix,,Concluída,19,158,RS,Pelotas
MLB2026-000158,2026-02-26,CAP-GA55-SIL,Capa Galaxy A55 Silicone Fosca,Silicone,Verde,1,22.9,22.9,11.31,11.59,50.6,0.0,0.0,0.0,0.0,0,0,Orgânico,Pix,,Concluída,19,157,SP,São Paulo
MLB2026-000159,2026-02-26,CAP-GS24-SIL,Capa Galaxy S24 Silicone com Anel,Silicone,Azul,1,29.9,29.9,12.41,3.56,11.9,19.9,13.93,0.0,0.0,0,0,Orgânico,Cartão de crédito,9,Concluída,38,165,DF,Brasília
MLB2026-000160,2026-02-26,CAP-GS23-TPU,Capa Galaxy S23 TPU Camuflada,TPU,Camuflado,1,19.9,19.9,9.5,1.37,6.9,12.9,9.03,0.0,0.0,0,0,Orgânico,Pix,,Pendente,19,207,RJ,Campos dos Goytacazes
MLB2026-000161,2026-02-26,CAP-RN13-TPU,Capa Redmi Note 13 TPU Cristal,TPU,Transparente,2,14.9,29.8,14.24,6.44,21.6,12.9,9.03,0.09,0.0,0,0,Orgânico,Pix,,Concluída,47,222,SP,São Bernardo do Campo
MLB2026-000162,2026-02-26,CAP-R11-PLU,Capa realme 11 Pelúcia Fofinha,Pelúcia,Rosa,1,34.9,34.9,14.18,4.3,12.3,19.9,13.93,0.0,2.49,2447,14,Anúncios,Pix,,Concluída,7,100,MG,Belo Horizonte
MLB2026-000163,2026-02-26,CAP-MG84-TPU,Capa Moto G84 TPU Transparente,TPU,Transparente,2,15.9,31.8,13.42,3.24,10.2,19.9,13.93,0.0,1.21,2446,47,Anúncios,Cartão de débito,,Enviada,72,168,ES,Serra
MLB2026-000164,2026-02-26,CAP-MG85-SIL,Capa Moto G85 Silicone Azul,Silicone,Azul,2,19.9,39.8,17.44,4.49,11.3,12.9,9.03,4.49,4.35,841,4,Anúncios,Boleto,,Concluída,25,209,SP,Campinas
MLB2026-000165,2026-02-26,CAP-IP15-PLU,Capa iPhone 15 Pelúcia Colorida,Pelúcia,Rosa,1,39.9,39.9,15.67,9.09,22.8,19.9,13.93,0.0,1.21,2568,54,Anúncios,Pix,,Concluída,6,154,AM,Manaus
MLB2026-000166,2026-02-26,CAP-IP15-PLU,Capa iPhone 15 Pelúcia Colorida,Pelúcia,Rosa,1,39.9,39.9,16.02,9.95,24.9,19.9,13.93,0.0,0.0,0,0,Orgânico,Pix,,Concluída,6,153,SP,Osasco
MLB2026-000167,2026-02-26,CAP-GS25-SIL,Capa Galaxy S25 Ultra Silicone MagSafe,MagSafe,Preto,1,54.9,54.9,20.79,31.32,57.0,0.0,0.0,0.0,2.79,1694,21,Anúncios,Pix,,Concluída,10,33,SP,São Paulo
MLB2026-000168,2026-02-26,CAP-R12-CRI,Capa realme 12 Cristal Transparente,Cristal,Transparente,3,24.9,74.7,35.25,26.09,34.9,12.9,9.03,0.0,4.33,1081,6,Anúncios,Pix,,Concluída,29,13,RS,Pelotas
MLB2026-000169,2026-02-26,CAP-R12-CRI,Capa realme 12 Cristal Transparente,Cristal,Transparente,1,24.9,24.9,10.35,5.52,22.2,12.9,9.03,0.0,0.0,0,0,Orgânico,Cartão de débito,,Concluída,29,12,BA,Vitória da Conquista
MLB2026-000170,2026-02-26,CAP-IP16-PLU,Capa iPhone 16 Pelúcia Colorida,Pelúcia,Verde,1,41.9,41.9,19.5,22.4,53.5,0.0,0.0,0.0,0.0,0,0,Orgânico,Pix,,Enviada,69,80,SP,São Bernardo do Campo
MLB2026-000171,2026-02-26,CAP-GS24-COU,Capa Galaxy S24 Couro Premium,Couro,Preto,2,64.9,129.8,62.02,67.78,52.2,0.0,0.0,0.0,0.0,0,0,Orgânico,Cartão de crédito,6,Concluída,12,192,MG,Contagem
MLB2026-000172,2026-02-26,CAP-MG85-TPU,Capa Moto G85 TPU Cinza,TPU,Cinza,1,16.9,16.9,7.99,-0.12,-0.7,12.9,9.03,0.0,0.0,0,0,Orgânico,Pix,,Pendente,43,53,AM,Manaus
MLB2026-000173,2026-02-27,CAP-IP15-CRI,Capa iPhone 15 Acrílico Cristal Transparente,Cristal,Transparente,1,29.9,29.9,12.6,8.27,27.7,12.9,9.03,0.0,0.0,0,0,Orgânico,Cartão de crédito,9,Concluída,46,35,SP,São Bernardo do Campo
MLB2026-000174,2026-02-27,CAP-IP16-MAG,Capa iPhone 16 Silicone com MagSafe,MagSafe,Azul,1,49.9,49.9,19.32,30.58,61.3,0.0,0.0,0.0,0.0,0,0,Orgânico,Pix,,Concluída,33,169,SP,São Bernardo do Campo
MLB2026-000175,2026-02-27,CAP-IP16-MAG,Capa iPhone 16 Silicone com MagSafe,MagSafe,Azul,1,49.9,49.9,22.59,25.36,50.8,0.0,0.0,0.0,1.95,3231,71,Anúncios,Cartão de crédito,,Cancelada,33,168,SP,Osasco
MLB2026-000176,2026-02-27,CAP-IP12-TPU,Capa iPhone 12 TPU Transparente,TPU,Transparente,2,16.9,33.8,11.9,11.44,33.8,12.9,9.03,0.0,1.43,1745,13,Anúncios,Cartão de crédito,12,Concluída,53,65,RJ,Duque de Caxias
MLB2026-000177,2026-02-27,CAP-GA55-SIL,Capa Galaxy A55 Silicone Fosca,Silicone,Verde,1,22.9,22.9,10.61,12.29,53.7,0.0,0.0,0.0,0.0,0,0,Orgânico,Pix,,Concluída,38,156,PR,Londrina
MLB2026-000178,2026-02-27,CAP-GA55-SIL,Capa Galaxy A55 Silicone Fosca,Silicone,Verde,1,22.9,22.9,10.14,12.76,55.7,0.0,0.0,0.0,0.0,0,0,Orgânico,Pix,,Concluída,38,155,MA,Imperatriz
MLB2026-000179,2026-02-27,CAP-GS25-COU,Capa Galaxy S25 Ultra Couro Premium,Couro,Marrom,1,69.9,69.9,34.89,35.01,50.1,0.0,0.0,0.0,0.0,0,0,Orgânico,Pix,,Concluída,48,178,SP,Campinas
MLB2026-000180,2026-02-27,CAP-GS23-TPU,Capa Galaxy S23 TPU Camuflada,TPU,Camuflado,1,19.9,19.9,7.26,-1.29,-6.5,19.9,13.93,0.0,0.0,0,0,Orgânico,Boleto,,Concluída,7,206,MG,Juiz de Fora
MLB2026-000181,2026-02-27,CAP-RN14-SIL,Capa Redmi Note 14 Silicone,Silicone,Preto,1,18.9,18.9,9.13,7.98,42.2,0.0,0.0,0.0,1.79,1363,23,Anúncios,Cartão de crédito,,Enviada,29,134,PR,Londrina
MLB2026-000182,2026-02-27,CAP-RN13-TPU,Capa Redmi Note 13 TPU Cristal,TPU,Transparente,1,14.9,14.9,5.81,-1.68,-11.3,12.9,9.03,0.0,1.74,2894,25,Anúncios,Cartão de crédito,6,Concluída,22,221,PR,Londrina
MLB2026-000183,2026-02-27,CAP-RN13-TPU,Capa Redmi Note 13 TPU Cristal,TPU,Transparente,1,14.9,14.9,5.31,9.59,64.4,0.0,0.0,0.0,0.0,0,0,Orgânico,Pix,,Concluída,22,220,RJ,Rio de Janeiro
MLB2026-000184,2026-02-27,CAP-IP16-CRI,Capa iPhone 16 Cristal Espelhada,Cristal,Prata,1,37.9,37.9,15.74,3.86,10.2,19.9,13.93,0.0,4.37,2103,35,Anúncios,Cartão de crédito,,Cancelada,29,169,PR,Londrina
MLB2026-000185,2026-02-27,CAP-R12-CRI,Capa realme 12 Cristal Transparente,Cristal,Transparente,1,24.9,24.9,9.14,6.73,27.0,12.9,9.03,0.0,0.0,0,0,Orgânico,Cartão de débito,,Concluída,33,11,MG,Contagem
MLB2026-000186,2026-02-27,CAP-GS24-COU,Capa Galaxy S24 Couro Premium,Couro,Preto,1,64.9,64.9,30.6,29.89,46.1,0.0,0.0,4.41,0.0,0,0,Orgânico,Pix,,Concluída,22,191,SP,São Paulo
MLB2026-000187,2026-02-27,CAP-R12-SUP,Capa realme 12 com Suporte,Com Suporte,Cinza,1,33.9,33.9,15.01,9.86,29.1,12.9,9.03,0.0,0.0,0,0,Orgânico,Pix,,Concluída,15,218,PR,Curitiba
MLB2026-000188,2026-02-27,CAP-GA54-SIL,Capa Galaxy A54 Silicone Vermelho,Silicone,Vermelho,1,18.9,18.9,7.58,11.32,59.9,0.0,0.0,0.0,0.0,0,0,Orgânico,Cartão de débito,,Concluída,59,203,PA,Belém
MLB2026-000189,2026-02-27,CAP-GA54-SIL,Capa Galaxy A54 Silicone Vermelho,Silicone,Vermelho,2,18.9,37.8,14.86,19.09,50.5,0.0,0.0,3.85,0.0,0,0,Orgânico,Cartão de crédito,,Concluída,59,201,SP,Osasco
MLB2026-000190,2026-02-28,CAP-IP15-SIL,Capa de Celular iPhone 15 Silicone Fosca,Silicone,Preto,1,24.9,24.9,11.22,-7.98,-32.0,19.9,13.93,4.73,3.0,3293,84,Anúncios,Pix,,Concluída,277,89,PR,Maringá
MLB2026-000191,2026-02-28,CAP-IP15-SIL,Capa de Celular iPhone 15 Silicone Fosca,Silicone,Preto,1,24.9,24.9,10.52,-3.45,-13.9,19.9,13.93,0.0,3.9,1480,13,Anúncios,Cartão de crédito,12,Concluída,277,88,BA,Vitória da Conquista
MLB2026-000192,2026-02-28,CAP-IP15-SIL,Capa de Celular iPhone 15 Silicone Fosca,Silicone,Preto,2,24.9,49.8,21.8,13.33,26.8,19.9,13.93,0.74,0.0,0,0,Orgânico,Cartão de crédito,,Concluída,277,86,SP,Campinas
MLB2026-000193,2026-02-28,CAP-GA55-SIL,Capa Galaxy A55 Silicone Fosca,Silicone,Verde,1,22.9,22.9,8.52,-1.39,-6.1,19.9,13.93,0.0,1.84,3492,60,Anúncios,Pix,,Concluída,23,154,MA,São Luís
MLB2026-000194,2026-02-28,CAP-GA55-CRI,Capa Galaxy A55 Cristal Ultra Fino,Cristal,Transparente,1,26.9,26.9,11.92,1.05,3.9,19.9,13.93,0.0,0.0,0,0,Orgânico,Cartão de crédito,3,Enviada,40,136,RJ,Duque de Caxias
MLB2026-000195,2026-02-28,CAP-GA56-MAG,Capa Galaxy A56 com MagSafe,MagSafe,Roxo,1,47.9,47.9,21.76,24.57,51.3,0.0,0.0,0.0,1.57,2889,11,Anúncios,Cartão de crédito,,Devolvida,37,88,SP,São Bernardo do Campo
MLB2026-000196,2026-02-28,CAP-GS24-SIL,Capa Galaxy S24 Silicone com Anel,Silicone,Azul,1,29.9,29.9,12.49,3.38,11.3,12.9,9.03,5.0,0.0,0,0,Orgânico,Pix,,Enviada,37,164,SP,Osasco
MLB2026-000197,2026-02-28,CAP-GS24-SIL,Capa Galaxy S24 Silicone com Anel,Silicone,Azul,2,29.9,59.8,27.88,22.09,36.9,12.9,9.03,0.8,0.0,0,0,Orgânico,Pix,,Concluída,37,162,RS,Porto Alegre
MLB2026-000198,2026-02-28,CAP-RN14-SIL,Capa Redmi Note 14 Silicone,Silicone,Preto,1,18.9,18.9,9.01,-4.04,-21.4,19.9,13.93,0.0,0.0,0,0,Orgânico,Pix,,Concluída,27,133,PA,Belém
MLB2026-000199,2026-02-28,CAP-R12-SIL,Capa realme 12 Silicone Fosca,Silicone,Branco,1,20.9,20.9,8.77,9.71,46.5,0.0,0.0,0.0,2.42,2885,81,Anúncios,Cartão de crédito,,Concluída,74,204,SP,Osasco
MLB2026-000200,2026-02-28,CAP-IP15-PLU,Capa iPhone 15 Pelúcia Colorida,Pelúcia,Rosa,1,39.9,39.9,17.39,18.81,47.1,0.0,0.0,0.0,3.7,2656,36,Anúncios,Pix,,Concluída,61,152,DF,Brasília
MLB2026-000201,2026-02-28,CAP-GS25-SIL,Capa Galaxy S25 Ultra Silicone MagSafe,MagSafe,Preto,2,54.9,109.8,44.76,62.57,57.0,0.0,0.0,2.47,0.0,0,0,Orgânico,Cartão de crédito,12,Concluída,9,31,SP,São Paulo
MLB2026-000202,2026-02-28,CAP-GS25-SIL,Capa Galaxy S25 Ultra Silicone MagSafe,MagSafe,Preto,1,54.9,54.9,21.72,28.75,52.4,0.0,0.0,4.43,0.0,0,0,Orgânico,Cartão de crédito,3,Concluída,9,30,RS,Pelotas
MLB2026-000203,2026-02-28,CAP-GS24-COU,Capa Galaxy S24 Couro Premium,Couro,Preto,1,64.9,64.9,28.88,36.02,55.5,0.0,0.0,0.0,0.0,0,0,Orgânico,Pix,,Concluída,8,190,ES,Serra
MLB2026-000204,2026-02-28,CAP-GS24-COU,Capa Galaxy S24 Couro Premium,Couro,Preto,1,64.9,64.9,31.0,33.9,52.2,0.0,0.0,0.0,0.0,0,0,Orgânico,Pix,,Concluída,8,189,SP,São Bernardo do Campo
MLB2026-000205,2026-02-28,CAP-MG85-TPU,Capa Moto G85 TPU Cinza,TPU,Cinza,1,16.9,16.9,5.97,10.93,64.7,0.0,0.0,0.0,0.0,0,0,Orgânico,Cartão de crédito,9,Concluída,35,52,SP,São Bernardo do Campo
MLB2026-000206,2026-02-28,CAP-MG85-TPU,Capa Moto G85 TPU Cinza,TPU,Cinza,1,16.9,16.9,7.89,-4.92,-29.1,19.9,13.93,0.0,0.0,0,0,Orgânico,Cartão de débito,,Cancelada,35,51,RJ,Rio de Janeiro
MLB2026-000207,2026-02-28,CAP-MG85-TPU,Capa Moto G85 TPU Cinza,TPU,Cinza,1,16.9,16.9,8.18,6.5,38.5,0.0,0.0,2.22,0.0,0,0,Orgânico,Pix,,Concluída,35,50,MA,Imperatriz
MLB2026-000208,2026-02-28,CAP-GA54-SIL,Capa Galaxy A54 Silicone Vermelho,Silicone,Vermelho,1,18.9,18.9,7.36,-2.39,-12.6,19.9,13.93,0.0,0.0,0,0,Orgânico,Pix,,Concluída,44,200,SP,São Bernardo do Campo
MLB2026-000209,2026-02-28,CAP-GA54-SIL,Capa Galaxy A54 Silicone Vermelho,Silicone,Vermelho,1,18.9,18.9,9.26,0.61,3.2,12.9,9.03,0.0,0.0,0,0,Orgânico,Pix,,Cancelada,44,199,SP,Campinas
MLB2026-000210,2026-03-01,CAP-IP15-CRI,Capa iPhone 15 Acrílico Cristal Transparente,Cristal,Transparente,1,29.9,29.9,13.57,3.7,12.4,12.9,9.03,0.0,3.6,1883,32,Anúncios,Pix,,Concluída,65,34,GO,Goiânia
MLB2026-000211,2026-03-01,CAP-IP16-MAG,Capa iPhone 16 Silicone com MagSafe,MagSafe,Azul,1,49.9,49.9,17.97,31.93,64.0,0.0,0.0,0.0,0.0,0,0,Orgânico,Boleto,,Pendente,49,167,DF,Ceilândia
MLB2026-000212,2026-03-01,CAP-IP14-COU,Capa iPhone 14 Couro Sintético Premium,Couro,Marrom,1,44.9,44.9,16.44,27.44,61.1,0.0,0.0,0.0,1.02,1834,8,Anúncios,Cartão de crédito,6,Concluída,43,122,RJ,Campos dos Goytacazes
MLB2026-000213,2026-03-01,CAP-IP12-TPU,Capa iPhone 12 TPU Transparente,TPU,Transparente,2,16.9,33.8,14.26,9.3,27.5,12.9,9.03,1.21,0.0,0,0,Orgânico,Boleto,,Concluída,38,63,SC,Joinville
MLB2026-000214,2026-03-01,CAP-IP11-SIL,Capinha iPhone 11 Silicone Antichoque,Silicone,Preto,1,15.9,15.9,7.0,6.18,38.9,0.0,0.0,0.0,2.72,658,18,Anúncios,Pix,,Concluída,12,62,SC,Chapecó
MLB2026-000215,2026-03-01,CAP-GA54-TPU,Capa Galaxy A54 TPU Antirrisco,TPU,Cinza,1,15.9,15.9,7.82,-0.95,-6.0,12.9,9.03,0.0,0.0,0,0,Orgânico,Cartão de crédito,9,Concluída,10,179,SP,Osasco
MLB2026-000216,2026-03-01,CAP-GS23-TPU,Capa Galaxy S23 TPU Camuflada,TPU,Camuflado,2,19.9,39.8,16.92,22.88,57.5,0.0,0.0,0.0,0.0,0,0,Orgânico,Cartão de crédito,12,Concluída,8,204,CE,Juazeiro do Norte
MLB2026-000217,2026-03-01,CAP-RN14-SIL,Capa Redmi Note 14 Silicone,Silicone,Preto,3,18.9,56.7,22.95,15.03,26.5,19.9,13.93,4.79,0.0,0,0,Orgânico,Pix,,Pendente,61,130,RJ,Niterói
MLB2026-000218,2026-03-01,CAP-RN14-SIL,Capa Redmi Note 14 Silicone,Silicone,Preto,1,18.9,18.9,7.04,11.86,62.8,0.0,0.0,0.0,0.0,0,0,Orgânico,Cartão de crédito,3,Concluída,61,129,SP,São Bernardo do Campo
MLB2026-000219,2026-03-01,CAP-MG84-TPU,Capa Moto G84 TPU Transparente,TPU,Transparente,3,15.9,47.7,20.19,10.73,22.5,19.9,13.93,0.0,2.85,1376,21,Anúncios,Cartão de crédito,12,Concluída,61,165,BA,Feira de Santana
MLB2026-000220,2026-03-01,CAP-MG85-SIL,Capa Moto G85 Silicone Azul,Silicone,Azul,1,19.9,19.9,9.45,8.91,44.8,0.0,0.0,0.0,1.54,2283,60,Anúncios,Pix,,Concluída,5,208,BA,Feira de Santana
MLB2026-000221,2026-03-01,CAP-IP15-PLU,Capa iPhone 15 Pelúcia Colorida,Pelúcia,Rosa,1,39.9,39.9,14.14,11.83,29.6,19.9,13.93,0.0,0.0,0,0,Orgânico,Boleto,,Concluída,15,151,SP,Guarulhos
MLB2026-000222,2026-03-01,CAP-GA55-SUP,Capa Galaxy A55 com Suporte e Anel,Com Suporte,Preto,1,35.9,35.9,15.96,10.91,30.4,12.9,9.03,0.0,0.0,0,0,Orgânico,Pix,,Concluída,16,81,GO,Goiânia
MLB2026-000223,2026-03-01,CAP-IP12-PLU,Capinha iPhone 12 Pelúcia,Pelúcia,Amarelo,1,33.9,33.9,16.72,8.15,24.0,12.9,9.03,0.0,0.0,0,0,Orgânico,Pix,,Concluída,12,242,SP,Guarulhos
MLB2026-000224,2026-03-01,CAP-IP12-PLU,Capinha iPhone 12 Pelúcia,Pelúcia,Amarelo,1,33.9,33.9,12.57,7.4,21.8,19.9,13.93,0.0,0.0,0,0,Orgânico,Pix,,Concluída,12,241,MG,Uberlândia
MLB2026-000225,2026-03-01,CAP-RN14-PLU,Capa Redmi Note 14 Pelúcia,Pelúcia,Rosa,1,32.9,32.9,15.13,17.77,54.0,0.0,0.0,0.0,0.0,0,0,Orgânico,Cartão de débito,,Concluída,26,41,PA,Belém
MLB2026-000226,2026-03-01,CAP-RN14-PLU,Capa Redmi Note 14 Pelúcia,Pelúcia,Rosa,1,32.9,32.9,15.69,6.92,21.0,12.9,9.03,0.0,1.26,2274,29,Anúncios,Boleto,,Cancelada,26,40,MG,Belo Horizonte
MLB2026-000227,2026-03-01,CAP-IP13-MAG,Capa iPhone 13 Silicone MagSafe,MagSafe,Branco,1,44.9,44.9,20.53,24.37,54.3,0.0,0.0,0.0,0.0,0,0,Orgânico,Cartão de débito,,Concluída,30,38,PR,Londrina
MLB2026-000228,2026-03-01,CAP-IP13-MAG,Capa iPhone 13 Silicone MagSafe,MagSafe,Branco,1,44.9,44.9,20.74,24.16,53.8,0.0,0.0,0.0,0.0,0,0,Orgânico,Cartão de crédito,6,Concluída,30,37,BA,Vitória da Conquista
MLB2026-000229,2026-03-01,CAP-MG85-TPU,Capa Moto G85 TPU Cinza,TPU,Cinza,1,16.9,16.9,7.08,-7.17,-42.4,19.9,13.93,1.52,1.54,440,2,Anúncios,Cartão de crédito,,Concluída,13,49,SP,São Bernardo do Campo
MLB2026-000230,2026-03-01,CAP-IP15-AGU,Capa iPhone 15 À Prova d'Água,À Prova d'Água,Preto,1,57.9,57.9,21.98,35.92,62.0,0.0,0.0,0.0,0.0,0,0,Orgânico,Cartão de crédito,3,Concluída,15,123,CE,Fortaleza
MLB2026-000231,2026-03-02,CAP-IP15-CRI,Capa iPhone 15 Acrílico Cristal Transparente,Cristal,Transparente,1,29.9,29.9,11.8,2.76,9.2,19.9,13.93,0.0,1.41,946,12,Anúncios,Cartão de crédito,12,Concluída,51,33,PR,Maringá
MLB2026-000232,2026-03-02,CAP-IP15-CRI,Capa iPhone 15 Acrílico Cristal Transparente,Cristal,Transparente,1,29.9,29.9,13.43,16.47,55.1,0.0,0.0,0.0,0.0,0,0,Orgânico,Cartão de crédito,9,Concluída,51,32,RJ,Duque de Caxias
MLB2026-000233,2026-03-02,CAP-IP16-MAG,Capa iPhone 16 Silicone com MagSafe,MagSafe,Azul,1,49.9,49.9,21.57,25.94,52.0,0.0,0.0,0.0,2.39,827,17,Anúncios,Pix,,Enviada,45,166,BA,Vitória da Conquista
MLB2026-000234,2026-03-02,CAP-IP16-MAG,Capa iPhone 16 Silicone com MagSafe,MagSafe,Azul,1,49.9,49.9,19.46,30.44,61.0,0.0,0.0,0.0,0.0,0,0,Orgânico,Pix,,Concluída,45,165,MA,Imperatriz
MLB2026-000235,2026-03-02,CAP-IP11-SIL,Capinha iPhone 11 Silicone Antichoque,Silicone,Preto,1,15.9,15.9,6.64,-4.25,-26.7,12.9,9.03,0.0,4.48,1879,13,Anúncios,Cartão de crédito,12,Enviada,34,61,PA,Ananindeua
MLB2026-000236,2026-03-02,CAP-IP11-SIL,Capinha iPhone 11 Silicone Antichoque,Silicone,Preto,2,15.9,31.8,13.18,9.59,30.2,12.9,9.03,0.0,0.0,0,0,Orgânico,Cartão de crédito,6,Concluída,34,59,SP,Osasco
MLB2026-000237,2026-03-02,CAP-GS25-COU,Capa Galaxy S25 Ultra Couro Premium,Couro,Marrom,1,69.9,69.9,30.76,39.14,56.0,0.0,0.0,0.0,0.0,0,0,Orgânico,Cartão de crédito,6,Cancelada,11,177,SC,Joinville
MLB2026-000238,2026-03-02,CAP-GS25-COU,Capa Galaxy S25 Ultra Couro Premium,Couro,Marrom,1,69.9,69.9,31.99,35.25,50.4,0.0,0.0,0.0,2.66,1792,23,Anúncios,Boleto,,Concluída,11,176,MG,Contagem
MLB2026-000239,2026-03-02,CAP-RN14-SIL,Capa Redmi Note 14 Silicone,Silicone,Preto,1,18.9,18.9,8.14,-3.17,-16.8,19.9,13.93,0.0,0.0,0,0,Orgânico,Boleto,,Concluída,85,128,SP,São Paulo
MLB2026-000240,2026-03-02,CAP-R12-SIL,Capa realme 12 Silicone Fosca,Silicone,Branco,1,20.9,20.9,9.04,2.83,13.5,12.9,9.03,0.0,0.0,0,0,Orgânico,Pix,,Enviada,25,203,RJ,Campos dos Goytacazes
MLB2026-000241,2026-03-02,CAP-RN14-AGU,Capa Redmi Note 14 À Prova d'Água,À Prova d'Água,Azul,1,54.9,54.9,24.81,30.09,54.8,0.0,0.0,0.0,0.0,0,0,Orgânico,Pix,,Concluída,3,72,MG,Uberlândia
MLB2026-000242,2026-03-02,CAP-RN14-AGU,Capa Redmi Note 14 À Prova d'Água,À Prova d'Água,Azul,1,54.9,54.9,21.49,33.41,60.9,0.0,0.0,0.0,0.0,0,0,Orgânico,Pix,,Concluída,3,71,SP,Campinas
MLB2026-000243,2026-03-02,CAP-IP16-CRI,Capa iPhone 16 Cristal Espelhada,Cristal,Prata,1,37.9,37.9,14.17,9.8,25.9,19.9,13.93,0.0,0.0,0,0,Orgânico,Pix,,Concluída,14,168,MG,Uberlândia
MLB2026-000244,2026-03-02,CAP-GS25-SIL,Capa Galaxy S25 Ultra Silicone MagSafe,MagSafe,Preto,1,54.9,54.9,20.46,34.44,62.7,0.0,0.0,0.0,0.0,0,0,Orgânico,Boleto,,Cancelada,22,29,SP,Campinas
MLB2026-000245,2026-03-02,CAP-IP12-PLU,Capinha iPhone 12 Pelúcia,Pelúcia,Amarelo,1,33.9,33.9,16.74,8.13,24.0,12.9,9.03,0.0,0.0,0,0,Orgânico,Boleto,,Concluída,6,240,SC,Florianópolis
MLB2026-000246,2026-03-02,CAP-IP12-PLU,Capinha iPhone 12 Pelúcia,Pelúcia,Amarelo,1,33.9,33.9,13.83,6.72,19.8,12.9,9.03,0.0,4.32,2789,72,Anúncios,Pix,,Concluída,6,239,MG,Uberlândia
MLB2026-000247,2026-03-02,CAP-R12-CRI,Capa realme 12 Cristal Transparente,Cristal,Transparente,1,24.9,24.9,8.84,7.03,28.2,12.9,9.03,0.0,0.0,0,0,Orgânico,Cartão de crédito,,Concluída,34,10,MA,São Luís
MLB2026-000248,2026-03-02,CAP-GA56-CRI,Capa Galaxy A56 Cristal Espelhada,Cristal,Prata,2,34.9,69.8,27.22,42.58,61.0,0.0,0.0,0.0,0.0,0,0,Orgânico,Pix,,Concluída,23,126,SP,São Paulo
MLB2026-000249,2026-03-02,CAP-GS24-COU,Capa Galaxy S24 Couro Premium,Couro,Preto,1,64.9,64.9,29.65,33.81,52.1,0.0,0.0,0.0,1.44,465,7,Anúncios,Boleto,,Concluída,19,188,RJ,Rio de Janeiro
MLB2026-000250,2026-03-02,CAP-R12-SUP,Capa realme 12 com Suporte,Com Suporte,Cinza,1,33.9,33.9,16.12,17.78,52.4,0.0,0.0,0.0,0.0,0,0,Orgânico,Pix,,Pendente,13,217,SP,Campinas
MLB2026-000251,2026-03-03,CAP-IP15-CRI,Capa iPhone 15 Acrílico Cristal Transparente,Cristal,Transparente,1,29.9,29.9,11.4,9.47,31.7,12.9,9.03,0.0,0.0,0,0,Orgânico,Pix,,Concluída,163,31,CE,Fortaleza
MLB2026-000252,2026-03-03,CAP-IP13-SIL,Capa iPhone 13 Silicone Colorida,Silicone,Rosa,1,21.9,21.9,9.58,2.14,9.8,12.9,9.03,0.0,1.15,2584,42,Anúncios,Boleto,,Enviada,53,242,BA,Feira de Santana
MLB2026-000253,2026-03-03,CAP-GA55-SIL,Capa Galaxy A55 Silicone Fosca,Silicone,Verde,1,22.9,22.9,8.82,14.08,61.5,0.0,0.0,0.0,0.0,0,0,Orgânico,Pix,,Cancelada,25,153,SP,São Bernardo do Campo
MLB2026-000254,2026-03-03,CAP-GA55-CRI,Capa Galaxy A55 Cristal Ultra Fino,Cristal,Transparente,3,26.9,80.7,33.33,38.34,47.5,12.9,9.03,0.0,0.0,0,0,Orgânico,Cartão de crédito,6,Concluída,30,133,RJ,Niterói
MLB2026-000255,2026-03-03,CAP-GA56-MAG,Capa Galaxy A56 com MagSafe,MagSafe,Roxo,1,47.9,47.9,20.09,25.44,53.1,0.0,0.0,0.0,2.37,2061,9,Anúncios,Pix,,Concluída,44,87,PA,Ananindeua
MLB2026-000256,2026-03-03,CAP-GS25-COU,Capa Galaxy S25 Ultra Couro Premium,Couro,Marrom,2,69.9,139.8,65.94,73.86,52.8,0.0,0.0,0.0,0.0,0,0,Orgânico,Pix,,Concluída,10,174,MG,Belo Horizonte
MLB2026-000257,2026-03-03,CAP-GS25-COU,Capa Galaxy S25 Ultra Couro Premium,Couro,Marrom,1,69.9,69.9,28.7,35.78,51.2,0.0,0.0,1.56,3.86,3416,71,Anúncios,Pix,,Concluída,10,173,SP,Guarulhos
MLB2026-000258,2026-03-03,CAP-RN13-SUP,Capa Redmi Note 13 com Suporte,Com Suporte,Preto,1,32.9,32.9,16.09,3.61,11.0,12.9,9.03,0.0,4.17,1070,15,Anúncios,Pix,,Concluída,12,190,SP,Osasco
MLB2026-000259,2026-03-03,CAP-R12-SIL,Capa realme 12 Silicone Fosca,Silicone,Branco,1,20.9,20.9,8.61,12.29,58.8,0.0,0.0,0.0,0.0,0,0,Orgânico,Pix,,Concluída,150,202,RS,Canoas
MLB2026-000260,2026-03-03,CAP-MG85-SIL,Capa Moto G85 Silicone Azul,Silicone,Azul,1,19.9,19.9,8.14,2.73,13.7,12.9,9.03,0.0,0.0,0,0,Orgânico,Pix,,Concluída,34,207,DF,Ceilândia
MLB2026-000261,2026-03-03,CAP-MG85-SIL,Capa Moto G85 Silicone Azul,Silicone,Azul,1,19.9,19.9,7.13,12.73,64.0,0.0,0.0,0.04,0.0,0,0,Orgânico,Cartão de débito,,Concluída,34,206,CE,Fortaleza
MLB2026-000262,2026-03-03,CAP-ME50-COU,Capa Moto Edge 50 Couro Sintético,Couro,Marrom,1,59.9,59.9,23.37,34.71,57.9,0.0,0.0,0.62,1.2,911,16,Anúncios,Boleto,,Concluída,20,69,SP,São Paulo
MLB2026-000263,2026-03-03,CAP-RN14-AGU,Capa Redmi Note 14 À Prova d'Água,À Prova d'Água,Azul,1,54.9,54.9,23.81,28.24,51.4,0.0,0.0,0.0,2.85,2104,10,Anúncios,Pix,,Concluída,11,70,SP,São Paulo
MLB2026-000264,2026-03-03,CAP-IP12-PLU,Capinha iPhone 12 Pelúcia,Pelúcia,Amarelo,1,33.9,33.9,13.19,9.59,28.3,12.9,9.03,0.0,2.09,3061,38,Anúncios,Pix,,Concluída,5,238,MG,Uberlândia
MLB2026-000265,2026-03-03,CAP-MG84-SUP,Capa Moto G84 com Suporte,Com Suporte,Preto,1,29.9,29.9,12.08,17.82,59.6,0.0,0.0,0.0,0.0,0,0,Orgânico,Cartão de crédito,9,Concluída,9,187,DF,Brasília
MLB2026-000266,2026-03-03,CAP-IP16-PLU,Capa iPhone 16 Pelúcia Colorida,Pelúcia,Verde,1,41.9,41.9,15.63,22.44,53.6,0.0,0.0,0.0,3.83,363,4,Anúncios,Pix,,Concluída,34,79,MG,Juiz de Fora
MLB2026-000267,2026-03-03,CAP-IP16-PLU,Capa iPhone 16 Pelúcia Colorida,Pelúcia,Verde,1,41.9,41.9,16.74,16.13,38.5,12.9,9.03,0.0,0.0,0,0,Orgânico,Cartão de crédito,,Concluída,34,78,MA,Imperatriz
MLB2026-000268,2026-03-03,CAP-IP16-PLU,Capa iPhone 16 Pelúcia Colorida,Pelúcia,Verde,1,41.9,41.9,19.39,20.49,48.9,0.0,0.0,0.0,2.02,1210,16,Anúncios,Pix,,Concluída,34,77,MA,São Luís
MLB2026-000269,2026-03-03,CAP-RN14-PLU,Capa Redmi Note 14 Pelúcia,Pelúcia,Rosa,1,32.9,32.9,16.34,7.53,22.9,12.9,9.03,0.0,0.0,0,0,Orgânico,Cartão de crédito,3,Concluída,21,39,PE,Olinda
MLB2026-000270,2026-03-03,CAP-MG85-TPU,Capa Moto G85 TPU Cinza,TPU,Cinza,1,16.9,16.9,6.76,-3.79,-22.4,19.9,13.93,0.0,0.0,0,0,Orgânico,Cartão de crédito,,Concluída,30,48,SP,Guarulhos
MLB2026-000271,2026-03-03,CAP-IP15-AGU,Capa iPhone 15 À Prova d'Água,À Prova d'Água,Preto,1,57.9,57.9,26.35,31.55,54.5,0.0,0.0,0.0,0.0,0,0,Orgânico,Pix,,Concluída,4,122,SP,São Bernardo do Campo
MLB2026-000272,2026-03-03,CAP-IP15-AGU,Capa iPhone 15 À Prova d'Água,À Prova d'Água,Preto,1,57.9,57.9,20.57,34.12,58.9,0.0,0.0,0.0,3.21,2856,65,Anúncios,Cartão de crédito,3,Enviada,4,121,SC,Florianópolis
MLB2026-000273,2026-03-04,CAP-IP15-SIL,Capa de Celular iPhone 15 Silicone Fosca,Silicone,Preto,1,24.9,24.9,9.46,1.51,6.1,19.9,13.93,0.0,0.0,0,0,Orgânico,Cartão de crédito,,Concluída,73,85,SP,Guarulhos
MLB2026-000274,2026-03-04,CAP-IP15-CRI,Capa iPhone 15 Acrílico Cristal Transparente,Cristal,Transparente,1,29.9,29.9,14.68,2.92,9.8,12.9,9.03,0.0,3.27,1394,8,Anúncios,Pix,,Concluída,99,30,SP,São Bernardo do Campo
MLB2026-000275,2026-03-04,CAP-IP11-SIL,Capinha iPhone 11 Silicone Antichoque,Silicone,Preto,1,15.9,15.9,7.09,8.81,55.4,0.0,0.0,0.0,0.0,0,0,Orgânico,Cartão de crédito,,Concluída,20,58,SP,São Bernardo do Campo
MLB2026-000276,2026-03-04,CAP-GS25-COU,Capa Galaxy S25 Ultra Couro Premium,Couro,Marrom,2,69.9,139.8,50.68,85.93,61.5,0.0,0.0,0.0,3.19,2521,75,Anúncios,Cartão de crédito,,Concluída,40,171,RS,Pelotas
MLB2026-000277,2026-03-04,CAP-GS24-SIL,Capa Galaxy S24 Silicone com Anel,Silicone,Azul,2,29.9,59.8,29.88,29.92,50.0,0.0,0.0,0.0,0.0,0,0,Orgânico,Pix,,Concluída,26,160,RJ,Niterói
MLB2026-000278,2026-03-04,CAP-R12-SIL,Capa realme 12 Silicone Fosca,Silicone,Branco,1,20.9,20.9,8.75,9.32,44.6,0.0,0.0,0.0,2.83,2237,15,Anúncios,Pix,,Concluída,66,201,CE,Juazeiro do Norte
MLB2026-000279,2026-03-04,CAP-R11-PLU,Capa realme 11 Pelúcia Fofinha,Pelúcia,Rosa,1,34.9,34.9,15.49,19.41,55.6,0.0,0.0,0.0,0.0,0,0,Orgânico,Cartão de crédito,12,Pendente,12,99,MG,Uberlândia
MLB2026-000280,2026-03-04,CAP-IP15-PLU,Capa iPhone 15 Pelúcia Colorida,Pelúcia,Rosa,1,39.9,39.9,16.05,6.67,16.7,19.9,13.93,0.0,3.25,3258,47,Anúncios,Cartão de crédito,,Concluída,11,150,BA,Feira de Santana
MLB2026-000281,2026-03-04,CAP-GA55-SUP,Capa Galaxy A55 com Suporte e Anel,Com Suporte,Preto,1,35.9,35.9,17.61,18.29,50.9,0.0,0.0,0.0,0.0,0,0,Orgânico,Cartão de crédito,,Concluída,23,80,BA,Feira de Santana
MLB2026-000282,2026-03-04,CAP-GA55-SUP,Capa Galaxy A55 com Suporte e Anel,Com Suporte,Preto,1,35.9,35.9,17.46,4.51,12.6,19.9,13.93,0.0,0.0,0,0,Orgânico,Pix,,Enviada,23,79,MG,Uberlândia
MLB2026-000283,2026-03-04,CAP-GS25-SIL,Capa Galaxy S25 Ultra Silicone MagSafe,MagSafe,Preto,1,54.9,54.9,27.3,27.6,50.3,0.0,0.0,0.0,0.0,0,0,Orgânico,Pix,,Concluída,26,28,CE,Sobral
MLB2026-000284,2026-03-04,CAP-IP12-PLU,Capinha iPhone 12 Pelúcia,Pelúcia,Amarelo,1,33.9,33.9,16.47,5.29,15.6,12.9,9.03,0.0,3.11,3185,31,Anúncios,Pix,,Concluída,6,237,SP,Guarulhos
MLB2026-000285,2026-03-04,CAP-R12-CRI,Capa realme 12 Cristal Transparente,Cristal,Transparente,1,24.9,24.9,11.96,-0.53,-2.1,12.9,9.03,0.0,4.44,1184,11,Anúncios,Pix,,Concluída,33,9,SP,Guarulhos
MLB2026-000286,2026-03-04,CAP-R12-CRI,Capa realme 12 Cristal Transparente,Cristal,Transparente,1,24.9,24.9,9.53,1.44,5.8,19.9,13.93,0.0,0.0,0,0,Orgânico,Pix,,Enviada,33,8,SP,Guarulhos
MLB2026-000287,2026-03-04,CAP-IP16-PLU,Capa iPhone 16 Pelúcia Colorida,Pelúcia,Verde,1,41.9,41.9,20.21,21.69,51.8,0.0,0.0,0.0,0.0,0,0,Orgânico,Pix,,Concluída,18,76,SP,São Bernardo do Campo
MLB2026-000288,2026-03-04,CAP-RN14-PLU,Capa Redmi Note 14 Pelúcia,Pelúcia,Rosa,1,32.9,32.9,16.41,15.52,47.2,0.0,0.0,0.0,0.97,3236,20,Anúncios,Cartão de crédito,6,Concluída,16,38,PR,Curitiba
MLB2026-000289,2026-03-04,CAP-IP13-MAG,Capa iPhone 13 Silicone MagSafe,MagSafe,Branco,2,44.9,89.8,44.6,45.2,50.3,0.0,0.0,0.0,0.0,0,0,Orgânico,Cartão de débito,,Concluída,60,35,RJ,Campos dos Goytacazes
MLB2026-000290,2026-03-04,CAP-IP13-MAG,Capa iPhone 13 Silicone MagSafe,MagSafe,Branco,1,44.9,44.9,18.18,25.89,57.7,0.0,0.0,0.0,0.83,1707,50,Anúncios,Cartão de crédito,12,Concluída,60,34,SC,Chapecó
MLB2026-000291,2026-03-04,CAP-IP13-MAG,Capa iPhone 13 Silicone MagSafe,MagSafe,Branco,1,44.9,44.9,16.52,26.7,59.5,0.0,0.0,0.0,1.68,545,10,Anúncios,Cartão de crédito,,Concluída,60,33,BA,Feira de Santana
MLB2026-000292,2026-03-04,CAP-IP15-AGU,Capa iPhone 15 À Prova d'Água,À Prova d'Água,Preto,1,57.9,57.9,26.94,30.96,53.5,0.0,0.0,0.0,0.0,0,0,Orgânico,Cartão de débito,,Concluída,5,120,PE,Recife
MLB2026-000293,2026-03-05,CAP-IP15-SIL,Capa de Celular iPhone 15 Silicone Fosca,Silicone,Preto,1,24.9,24.9,11.36,4.51,18.1,12.9,9.03,0.0,0.0,0,0,Orgânico,Cartão de crédito,,Concluída,56,84,RJ,Rio de Janeiro
MLB2026-000294,2026-03-05,CAP-IP16-MAG,Capa iPhone 16 Silicone com MagSafe,MagSafe,Azul,1,49.9,49.9,23.28,26.62,53.3,0.0,0.0,0.0,0.0,0,0,Orgânico,Pix,,Enviada,68,164,RS,Pelotas
MLB2026-000295,2026-03-05,CAP-IP12-TPU,Capa iPhone 12 TPU Transparente,TPU,Transparente,1,16.9,16.9,7.66,-3.25,-19.2,12.9,9.03,0.0,3.46,3035,54,Anúncios,Pix,,Concluída,64,62,BA,Vitória da Conquista
MLB2026-000296,2026-03-05,CAP-GA55-SIL,Capa Galaxy A55 Silicone Fosca,Silicone,Verde,1,22.9,22.9,10.14,12.76,55.7,0.0,0.0,0.0,0.0,0,0,Orgânico,Pix,,Enviada,126,152,SP,Campinas
MLB2026-000297,2026-03-05,CAP-GA55-SIL,Capa Galaxy A55 Silicone Fosca,Silicone,Verde,1,22.9,22.9,11.4,2.47,10.8,12.9,9.03,0.0,0.0,0,0,Orgânico,Pix,,Enviada,126,151,PE,Olinda
MLB2026-000298,2026-03-05,CAP-GA56-MAG,Capa Galaxy A56 com MagSafe,MagSafe,Roxo,1,47.9,47.9,22.96,20.67,43.2,0.0,0.0,0.0,4.27,875,23,Anúncios,Pix,,Enviada,15,86,MG,Contagem
MLB2026-000299,2026-03-05,CAP-R12-SIL,Capa realme 12 Silicone Fosca,Silicone,Branco,1,20.9,20.9,9.18,11.72,56.1,0.0,0.0,0.0,0.0,0,0,Orgânico,Pix,,Concluída,42,200,DF,Ceilândia
MLB2026-000300,2026-03-05,CAP-R12-SIL,Capa realme 12 Silicone Fosca,Silicone,Branco,1,20.9,20.9,9.19,11.71,56.0,0.0,0.0,0.0,0.0,0,0,Orgânico,Pix,,Concluída,42,199,MA,São Luís
MLB2026-000301,2026-03-05,CAP-R12-SIL,Capa realme 12 Silicone Fosca,Silicone,Branco,1,20.9,20.9,8.44,12.46,59.6,0.0,0.0,0.0,0.0,0,0,Orgânico,Boleto,,Concluída,42,198,BA,Feira de Santana
MLB2026-000302,2026-03-05,CAP-R11-PLU,Capa realme 11 Pelúcia Fofinha,Pelúcia,Rosa,1,34.9,34.9,16.52,9.35,26.8,12.9,9.03,0.0,0.0,0,0,Orgânico,Boleto,,Concluída,13,98,MG,Contagem
MLB2026-000303,2026-03-05,CAP-R11-PLU,Capa realme 11 Pelúcia Fofinha,Pelúcia,Rosa,1,34.9,34.9,13.91,7.06,20.2,19.9,13.93,0.0,0.0,0,0,Orgânico,Pix,,Concluída,13,97,GO,Anápolis
MLB2026-000304,2026-03-05,CAP-MG85-SIL,Capa Moto G85 Silicone Azul,Silicone,Azul,2,19.9,39.8,17.2,20.86,52.4,0.0,0.0,0.0,1.74,1490,7,Anúncios,Cartão de crédito,,Concluída,13,204,PR,Curitiba
MLB2026-000305,2026-03-05,CAP-ME50-COU,Capa Moto Edge 50 Couro Sintético,Couro,Marrom,2,59.9,119.8,54.46,65.34,54.5,0.0,0.0,0.0,0.0,0,0,Orgânico,Pix,,Concluída,20,67,SP,São Paulo
MLB2026-000306,2026-03-05,CAP-GS25-SIL,Capa Galaxy S25 Ultra Silicone MagSafe,MagSafe,Preto,1,54.9,54.9,21.96,29.88,54.4,0.0,0.0,0.0,3.06,1109,27,Anúncios,Pix,,Concluída,13,27,SC,Joinville
MLB2026-000307,2026-03-05,CAP-GS25-SIL,Capa Galaxy S25 Ultra Silicone MagSafe,MagSafe,Preto,1,54.9,54.9,26.22,25.26,46.0,0.0,0.0,3.42,0.0,0,0,Orgânico,Pix,,Concluída,13,26,SP,São Paulo
MLB2026-000308,2026-03-05,CAP-GS25-SIL,Capa Galaxy S25 Ultra Silicone MagSafe,MagSafe,Preto,1,54.9,54.9,21.71,33.19,60.5,0.0,0.0,0.0,0.0,0,0,Orgânico,Pix,,Concluída,13,25,PR,Londrina
MLB2026-000309,2026-03-05,CAP-GA56-CRI,Capa Galaxy A56 Cristal Espelhada,Cristal,Prata,1,34.9,34.9,13.28,4.08,11.7,19.9,13.93,0.0,3.61,3193,47,Anúncios,Pix,,Concluída,13,125,MG,Belo Horizonte
MLB2026-000310,2026-03-05,CAP-GA56-CRI,Capa Galaxy A56 Cristal Espelhada,Cristal,Prata,1,34.9,34.9,13.57,21.33,61.1,0.0,0.0,0.0,0.0,0,0,Orgânico,Pix,,Concluída,13,124,PE,Olinda
MLB2026-000311,2026-03-05,CAP-IP13-MAG,Capa iPhone 13 Silicone MagSafe,MagSafe,Branco,1,44.9,44.9,17.37,27.53,61.3,0.0,0.0,0.0,0.0,0,0,Orgânico,Pix,,Concluída,40,32,GO,Aparecida de Goiânia
MLB2026-000312,2026-03-05,CAP-MG85-TPU,Capa Moto G85 TPU Cinza,TPU,Cinza,1,16.9,16.9,7.05,9.85,58.3,0.0,0.0,0.0,0.0,0,0,Orgânico,Pix,,Concluída,32,47,MG,Belo Horizonte
MLB2026-000313,2026-03-05,CAP-IP15-AGU,Capa iPhone 15 À Prova d'Água,À Prova d'Água,Preto,1,57.9,57.9,28.56,29.34,50.7,0.0,0.0,0.0,0.0,0,0,Orgânico,Cartão de crédito,3,Concluída,11,119,SP,São Bernardo do Campo
MLB2026-000314,2026-03-05,CAP-R13C-SIL,Capa Redmi 13C Silicone Azul,Silicone,Azul,1,17.9,17.9,8.8,-6.25,-34.9,19.9,13.93,0.0,1.42,1660,11,Anúncios,Cartão de crédito,3,Concluída,38,62,SP,São Bernardo do Campo
MLB2026-000315,2026-03-05,CAP-R13C-SIL,Capa Redmi 13C Silicone Azul,Silicone,Azul,1,17.9,17.9,6.87,-1.23,-6.9,12.9,9.03,0.17,3.06,2416,70,Anúncios,Boleto,,Concluída,38,61,SP,Guarulhos
MLB2026-000316,2026-03-06,CAP-IP15-SIL,Capa de Celular iPhone 15 Silicone Fosca,Silicone,Preto,1,24.9,24.9,11.9,3.97,15.9,12.9,9.03,0.0,0.0,0,0,Orgânico,Pix,,Pendente,109,83,ES,Serra
MLB2026-000317,2026-03-06,CAP-IP15-SIL,Capa de Celular iPhone 15 Silicone Fosca,Silicone,Preto,2,24.9,49.8,18.42,28.47,57.2,0.0,0.0,0.0,2.91,2955,45,Anúncios,Cartão de débito,,Concluída,109,81,RS,Caxias do Sul
MLB2026-000318,2026-03-06,CAP-IP16-MAG,Capa iPhone 16 Silicone com MagSafe,MagSafe,Azul,1,49.9,49.9,19.93,29.97,60.1,0.0,0.0,0.0,0.0,0,0,Orgânico,Cartão de crédito,12,Concluída,32,163,ES,Serra
MLB2026-000319,2026-03-06,CAP-IP14-COU,Capa iPhone 14 Couro Sintético Premium,Couro,Marrom,1,44.9,44.9,16.56,28.34,63.1,0.0,0.0,0.0,0.0,0,0,Orgânico,Cartão de débito,,Enviada,20,121,RS,Caxias do Sul
MLB2026-000320,2026-03-06,CAP-IP13-SIL,Capa iPhone 13 Silicone Colorida,Silicone,Rosa,1,21.9,21.9,8.05,13.85,63.2,0.0,0.0,0.0,0.0,0,0,Orgânico,Cartão de crédito,9,Concluída,37,241,SP,Guarulhos
MLB2026-000321,2026-03-06,CAP-IP13-SIL,Capa iPhone 13 Silicone Colorida,Silicone,Rosa,1,21.9,21.9,10.34,11.56,52.8,0.0,0.0,0.0,0.0,0,0,Orgânico,Cartão de crédito,3,Concluída,37,240,SC,Florianópolis
MLB2026-000322,2026-03-06,CAP-IP11-SIL,Capinha iPhone 11 Silicone Antichoque,Silicone,Preto,1,15.9,15.9,7.92,-2.56,-16.1,12.9,9.03,0.0,1.51,3409,96,Anúncios,Pix,,Concluída,38,57,RJ,Campos dos Goytacazes
MLB2026-000323,2026-03-06,CAP-GA55-SIL,Capa Galaxy A55 Silicone Fosca,Silicone,Verde,1,22.9,22.9,9.85,1.56,6.8,12.9,9.03,0.0,2.46,1186,26,Anúncios,Cartão de crédito,,Concluída,61,150,BA,Vitória da Conquista
MLB2026-000324,2026-03-06,CAP-GA55-SIL,Capa Galaxy A55 Silicone Fosca,Silicone,Verde,2,22.9,45.8,18.16,27.64,60.3,0.0,0.0,0.0,0.0,0,0,Orgânico,Pix,,Concluída,61,148,MG,Uberlândia
MLB2026-000325,2026-03-06,CAP-GA55-CRI,Capa Galaxy A55 Cristal Ultra Fino,Cristal,Transparente,1,26.9,26.9,12.81,0.16,0.6,19.9,13.93,0.0,0.0,0,0,Orgânico,Cartão de crédito,9,Concluída,142,132,SP,São Paulo
MLB2026-000326,2026-03-06,CAP-GS24-SIL,Capa Galaxy S24 Silicone com Anel,Silicone,Azul,1,29.9,29.9,12.17,16.29,54.5,0.0,0.0,0.0,1.44,403,5,Anúncios,Cartão de crédito,,Concluída,56,159,AM,Manaus
MLB2026-000327,2026-03-06,CAP-RN13-TPU,Capa Redmi Note 13 TPU Cristal,TPU,Transparente,1,14.9,14.9,6.98,-6.01,-40.3,19.9,13.93,0.0,0.0,0,0,Orgânico,Pix,,Concluída,67,219,SP,Osasco
MLB2026-000328,2026-03-06,CAP-RN13-SUP,Capa Redmi Note 13 com Suporte,Com Suporte,Preto,3,32.9,98.7,37.2,45.24,45.8,19.9,13.93,0.0,2.33,3308,76,Anúncios,Cartão de débito,,Concluída,11,187,SP,São Paulo
MLB2026-000329,2026-03-06,CAP-R12-SIL,Capa realme 12 Silicone Fosca,Silicone,Branco,1,20.9,20.9,9.13,-3.93,-18.8,19.9,13.93,0.0,1.77,1475,42,Anúncios,Cartão de crédito,,Concluída,10,197,MG,Juiz de Fora
MLB2026-000330,2026-03-06,CAP-R11-PLU,Capa realme 11 Pelúcia Fofinha,Pelúcia,Rosa,2,34.9,69.8,33.18,36.62,52.5,0.0,0.0,0.0,0.0,0,0,Orgânico,Pix,,Concluída,23,95,RS,Canoas
MLB2026-000331,2026-03-06,CAP-MG85-SIL,Capa Moto G85 Silicone Azul,Silicone,Azul,1,19.9,19.9,7.25,-1.28,-6.4,19.9,13.93,0.0,0.0,0,0,Orgânico,Pix,,Concluída,8,203,MA,São Luís
MLB2026-000332,2026-03-06,CAP-IP16-CRI,Capa iPhone 16 Cristal Espelhada,Cristal,Prata,1,37.9,37.9,15.85,13.02,34.4,12.9,9.03,0.0,0.0,0,0,Orgânico,Pix,,Concluída,9,167,SC,Florianópolis
MLB2026-000333,2026-03-06,CAP-GA56-CRI,Capa Galaxy A56 Cristal Espelhada,Cristal,Prata,1,34.9,34.9,15.11,18.19,52.1,0.0,0.0,0.0,1.6,3186,31,Anúncios,Cartão de débito,,Concluída,40,123,GO,Anápolis
MLB2026-000334,2026-03-06,CAP-GA54-SIL,Capa Galaxy A54 Silicone Vermelho,Silicone,Vermelho,1,18.9,18.9,8.75,5.76,30.5,0.0,0.0,4.39,0.0,0,0,Orgânico,Cartão de débito,,Concluída,40,198,SP,São Paulo
MLB2026-000335,2026-03-07,CAP-IP15-SIL,Capa de Celular iPhone 15 Silicone Fosca,Silicone,Preto,2,24.9,49.8,19.46,30.34,60.9,0.0,0.0,0.0,0.0,0,0,Orgânico,Cartão de crédito,6,Concluída,88,79,SP,Campinas
MLB2026-000336,2026-03-07,CAP-IP16-MAG,Capa iPhone 16 Silicone com MagSafe,MagSafe,Azul,2,49.9,99.8,40.96,58.84,59.0,0.0,0.0,0.0,0.0,0,0,Orgânico,Pix,,Concluída,39,161,BA,Salvador
MLB2026-000337,2026-03-07,CAP-IP13-SIL,Capa iPhone 13 Silicone Colorida,Silicone,Rosa,1,21.9,21.9,8.91,10.69,48.8,0.0,0.0,0.0,2.3,2842,53,Anúncios,Cartão de crédito,,Concluída,33,239,RJ,Campos dos Goytacazes
MLB2026-000338,2026-03-07,CAP-IP11-SIL,Capinha iPhone 11 Silicone Antichoque,Silicone,Preto,1,15.9,15.9,6.04,0.24,1.5,12.9,9.03,0.59,0.0,0,0,Orgânico,Pix,,Concluída,50,56,SP,Guarulhos
MLB2026-000339,2026-03-07,CAP-IP11-SIL,Capinha iPhone 11 Silicone Antichoque,Silicone,Preto,1,15.9,15.9,7.01,-0.14,-0.9,12.9,9.03,0.0,0.0,0,0,Orgânico,Pix,,Concluída,50,55,SP,São Paulo
MLB2026-000340,2026-03-07,CAP-GA55-SIL,Capa Galaxy A55 Silicone Fosca,Silicone,Verde,1,22.9,22.9,11.39,-2.42,-10.6,19.9,13.93,0.0,0.0,0,0,Orgânico,Cartão de crédito,12,Concluída,37,147,BA,Feira de Santana
MLB2026-000341,2026-03-07,CAP-GS24-SIL,Capa Galaxy S24 Silicone com Anel,Silicone,Azul,2,29.9,59.8,26.82,18.95,31.7,19.9,13.93,0.1,0.0,0,0,Orgânico,Pix,,Concluída,57,157,SP,São Bernardo do Campo
MLB2026-000342,2026-03-07,CAP-GS24-SIL,Capa Galaxy S24 Silicone com Anel,Silicone,Azul,1,29.9,29.9,14.91,11.66,39.0,0.0,0.0,0.0,3.33,737,5,Anúncios,Boleto,,Concluída,57,156,MG,Belo Horizonte
MLB2026-000343,2026-03-07,CAP-GS24-SIL,Capa Galaxy S24 Silicone com Anel,Silicone,Azul,1,29.9,29.9,11.52,4.45,14.9,19.9,13.93,0.0,0.0,0,0,Orgânico,Cartão de crédito,9,Cancelada,57,155,SP,São Paulo
MLB2026-000344,2026-03-07,CAP-R11-PLU,Capa realme 11 Pelúcia Fofinha,Pelúcia,Rosa,1,34.9,34.9,17.34,8.72,25.0,0.0,0.0,5.0,3.84,1022,27,Anúncios,Pix,,Concluída,3,94,MG,Belo Horizonte
MLB2026-000345,2026-03-07,CAP-R11-PLU,Capa realme 11 Pelúcia Fofinha,Pelúcia,Rosa,2,34.9,69.8,31.04,25.96,37.2,12.9,9.03,0.0,3.77,1405,16,Anúncios,Cartão de crédito,3,Concluída,3,92,ES,Serra
MLB2026-000346,2026-03-07,CAP-GA55-SUP,Capa Galaxy A55 com Suporte e Anel,Com Suporte,Preto,1,35.9,35.9,12.67,9.3,25.9,19.9,13.93,0.0,0.0,0,0,Orgânico,Pix,,Pendente,6,78,SP,Campinas
MLB2026-000347,2026-03-07,CAP-RN14-PLU,Capa Redmi Note 14 Pelúcia,Pelúcia,Rosa,1,32.9,32.9,16.22,9.36,28.4,0.0,0.0,4.43,2.89,2421,50,Anúncios,Pix,,Concluída,9,37,MA,São Luís
MLB2026-000348,2026-03-07,CAP-IP13-MAG,Capa iPhone 13 Silicone MagSafe,MagSafe,Branco,1,44.9,44.9,21.52,19.09,42.5,0.0,0.0,0.0,4.29,3455,45,Anúncios,Boleto,,Concluída,10,31,SP,São Paulo
MLB2026-000349,2026-03-07,CAP-MG85-TPU,Capa Moto G85 TPU Cinza,TPU,Cinza,1,16.9,16.9,8.14,-5.17,-30.6,19.9,13.93,0.0,0.0,0,0,Orgânico,Pix,,Concluída,27,46,RJ,Campos dos Goytacazes
MLB2026-000350,2026-03-07,CAP-R13C-SIL,Capa Redmi 13C Silicone Azul,Silicone,Azul,2,17.9,35.8,13.44,8.43,23.5,19.9,13.93,0.0,0.0,0,0,Orgânico,Boleto,,Enviada,58,59,SC,Chapecó
MLB2026-000351,2026-03-08,CAP-IP15-CRI,Capa iPhone 15 Acrílico Cristal Transparente,Cristal,Transparente,2,29.9,59.8,26.62,19.25,32.2,19.9,13.93,0.0,0.0,0,0,Orgânico,Boleto,,Cancelada,47,28,BA,Vitória da Conquista
MLB2026-000352,2026-03-08,CAP-IP13-SIL,Capa iPhone 13 Silicone Colorida,Silicone,Rosa,1,21.9,21.9,8.46,-0.49,-2.2,19.9,13.93,0.0,0.0,0,0,Orgânico,Cartão de débito,,Concluída,49,238,MG,Belo Horizonte
MLB2026-000353,2026-03-08,CAP-IP13-SIL,Capa iPhone 13 Silicone Colorida,Silicone,Rosa,1,21.9,21.9,8.76,4.11,18.8,12.9,9.03,0.0,0.0,0,0,Orgânico,Pix,,Concluída,49,237,PE,Olinda
MLB2026-000354,2026-03-08,CAP-IP11-SIL,Capinha iPhone 11 Silicone Antichoque,Silicone,Preto,1,15.9,15.9,7.29,5.25,33.0,0.0,0.0,0.0,3.36,2543,29,Anúncios,Cartão de crédito,12,Concluída,40,54,BA,Feira de Santana
MLB2026-000355,2026-03-08,CAP-IP11-SIL,Capinha iPhone 11 Silicone Antichoque,Silicone,Preto,1,15.9,15.9,6.66,9.24,58.1,0.0,0.0,0.0,0.0,0,0,Orgânico,Cartão de crédito,3,Concluída,40,53,MG,Belo Horizonte
MLB2026-000356,2026-03-08,CAP-GA55-SIL,Capa Galaxy A55 Silicone Fosca,Silicone,Verde,1,22.9,22.9,10.73,-1.76,-7.7,19.9,13.93,0.0,0.0,0,0,Orgânico,Cartão de débito,,Concluída,42,146,SC,Chapecó
MLB2026-000357,2026-03-08,CAP-GA55-SIL,Capa Galaxy A55 Silicone Fosca,Silicone,Verde,1,22.9,22.9,8.54,11.05,48.3,0.0,0.0,0.0,3.31,2535,69,Anúncios,Pix,,Devolvida,42,145,SP,São Paulo
MLB2026-000358,2026-03-08,CAP-GA55-CRI,Capa Galaxy A55 Cristal Ultra Fino,Cristal,Transparente,1,26.9,26.9,12.29,-1.64,-6.1,19.9,13.93,2.32,0.0,0,0,Orgânico,Pix,,Concluída,45,131,MG,Uberlândia
MLB2026-000359,2026-03-08,CAP-GA54-TPU,Capa Galaxy A54 TPU Antirrisco,TPU,Cinza,1,15.9,15.9,7.91,-5.94,-37.4,19.9,13.93,0.0,0.0,0,0,Orgânico,Cartão de crédito,3,Enviada,15,178,RS,Pelotas
MLB2026-000360,2026-03-08,CAP-GA54-TPU,Capa Galaxy A54 TPU Antirrisco,TPU,Cinza,1,15.9,15.9,5.92,-2.02,-12.7,12.9,9.03,2.97,0.0,0,0,Orgânico,Pix,,Concluída,15,177,PE,Petrolina
MLB2026-000361,2026-03-08,CAP-GS25-COU,Capa Galaxy S25 Ultra Couro Premium,Couro,Marrom,1,69.9,69.9,25.71,44.19,63.2,0.0,0.0,0.0,0.0,0,0,Orgânico,Cartão de crédito,,Enviada,16,170,SC,Chapecó
MLB2026-000362,2026-03-08,CAP-GS24-SIL,Capa Galaxy S24 Silicone com Anel,Silicone,Azul,1,29.9,29.9,14.03,-0.31,-1.0,19.9,13.93,0.0,2.25,1864,25,Anúncios,Pix,,Concluída,69,154,AM,Parintins
MLB2026-000363,2026-03-08,CAP-RN14-SIL,Capa Redmi Note 14 Silicone,Silicone,Preto,1,18.9,18.9,8.74,10.16,53.8,0.0,0.0,0.0,0.0,0,0,Orgânico,Pix,,Concluída,14,127,SP,Campinas
MLB2026-000364,2026-03-08,CAP-RN14-SIL,Capa Redmi Note 14 Silicone,Silicone,Preto,1,18.9,18.9,8.8,1.07,5.7,12.9,9.03,0.0,0.0,0,0,Orgânico,Pix,,Concluída,14,126,PR,Curitiba
MLB2026-000365,2026-03-08,CAP-R12-SIL,Capa realme 12 Silicone Fosca,Silicone,Branco,1,20.9,20.9,9.02,11.88,56.8,0.0,0.0,0.0,0.0,0,0,Orgânico,Cartão de crédito,12,Concluída,101,196,RS,Porto Alegre
MLB2026-000366,2026-03-08,CAP-R11-PLU,Capa realme 11 Pelúcia Fofinha,Pelúcia,Rosa,1,34.9,34.9,16.46,18.44,52.8,0.0,0.0,0.0,0.0,0,0,Orgânico,Pix,,Concluída,25,91,DF,Brasília
MLB2026-000367,2026-03-08,CAP-R11-PLU,Capa realme 11 Pelúcia Fofinha,Pelúcia,Rosa,1,34.9,34.9,16.24,6.01,17.2,12.9,9.03,0.0,3.62,2918,13,Anúncios,Cartão de crédito,,Concluída,25,90,CE,Sobral
MLB2026-000368,2026-03-08,CAP-MG85-SIL,Capa Moto G85 Silicone Azul,Silicone,Azul,3,19.9,59.7,21.3,38.4,64.3,0.0,0.0,0.0,0.0,0,0,Orgânico,Pix,,Concluída,8,200,SP,Campinas
MLB2026-000369,2026-03-08,CAP-IP16-CRI,Capa iPhone 16 Cristal Espelhada,Cristal,Prata,1,37.9,37.9,15.28,22.62,59.7,0.0,0.0,0.0,0.0,0,0,Orgânico,Cartão de crédito,,Concluída,60,166,MA,Imperatriz
MLB2026-000370,2026-03-08,CAP-GA56-CRI,Capa Galaxy A56 Cristal Espelhada,Cristal,Prata,1,34.9,34.9,12.3,8.67,24.8,19.9,13.93,0.0,0.0,0,0,Orgânico,Cartão de crédito,,Concluída,7,122,PR,Londrina
MLB2026-000371,2026-03-08,CAP-RN14-PLU,Capa Redmi Note 14 Pelúcia,Pelúcia,Rosa,1,32.9,32.9,11.97,7.0,21.3,19.9,13.93,0.0,0.0,0,0,Orgânico,Pix,,Enviada,21,36,CE,Fortaleza
MLB2026-000372,2026-03-08,CAP-GA54-SIL,Capa Galaxy A54 Silicone Vermelho,Silicone,Vermelho,1,18.9,18.9,6.64,12.26,64.9,0.0,0.0,0.0,0.0,0,0,Orgânico,Cartão de crédito,,Concluída,29,197,ES,Vila Velha
MLB2026-000373,2026-03-08,CAP-R13C-SIL,Capa Redmi 13C Silicone Azul,Silicone,Azul,1,17.9,17.9,8.6,0.27,1.5,12.9,9.03,0.0,0.0,0,0,Orgânico,Boleto,,Devolvida,46,58,CE,Sobral
MLB2026-000374,2026-03-09,CAP-IP16-MAG,Capa iPhone 16 Silicone com MagSafe,MagSafe,Azul,1,49.9,49.9,19.86,30.04,60.2,0.0,0.0,0.0,0.0,0,0,Orgânico,Pix,,Enviada,45,160,SP,São Paulo
MLB2026-000375,2026-03-09,CAP-IP13-SIL,Capa iPhone 13 Silicone Colorida,Silicone,Rosa,1,21.9,21.9,9.0,3.87,17.7,12.9,9.03,0.0,0.0,0,0,Orgânico,Pix,,Concluída,61,236,SP,São Paulo
MLB2026-000376,2026-03-09,CAP-IP13-SIL,Capa iPhone 13 Silicone Colorida,Silicone,Rosa,3,21.9,65.7,23.73,32.94,50.1,12.9,9.03,0.0,0.0,0,0,Orgânico,Pix,,Concluída,61,233,PR,Maringá
MLB2026-000377,2026-03-09,CAP-IP12-TPU,Capa iPhone 12 TPU Transparente,TPU,Transparente,1,16.9,16.9,8.04,-5.07,-30.0,19.9,13.93,0.0,0.0,0,0,Orgânico,Pix,,Concluída,100,61,SC,Joinville
MLB2026-000378,2026-03-09,CAP-GA55-CRI,Capa Galaxy A55 Cristal Ultra Fino,Cristal,Transparente,1,26.9,26.9,9.88,15.54,57.8,0.0,0.0,1.48,0.0,0,0,Orgânico,Boleto,,Concluída,57,130,CE,Fortaleza
MLB2026-000379,2026-03-09,CAP-GA55-CRI,Capa Galaxy A55 Cristal Ultra Fino,Cristal,Transparente,2,26.9,53.8,22.82,20.65,38.4,12.9,9.03,0.0,1.3,3237,48,Anúncios,Cartão de crédito,3,Concluída,57,128,CE,Fortaleza
MLB2026-000380,2026-03-09,CAP-RN13-TPU,Capa Redmi Note 13 TPU Cristal,TPU,Transparente,1,14.9,14.9,6.9,3.75,25.2,0.0,0.0,0.0,4.25,2001,34,Anúncios,Pix,,Concluída,46,218,BA,Vitória da Conquista
MLB2026-000381,2026-03-09,CAP-R12-SIL,Capa realme 12 Silicone Fosca,Silicone,Branco,1,20.9,20.9,9.93,7.55,36.1,0.0,0.0,0.0,3.42,2735,28,Anúncios,Pix,,Concluída,62,195,SP,Guarulhos
MLB2026-000382,2026-03-09,CAP-R12-SIL,Capa realme 12 Silicone Fosca,Silicone,Branco,1,20.9,20.9,7.71,13.19,63.1,0.0,0.0,0.0,0.0,0,0,Orgânico,Pix,,Concluída,62,194,SC,Blumenau
MLB2026-000383,2026-03-09,CAP-MG84-TPU,Capa Moto G84 TPU Transparente,TPU,Transparente,1,15.9,15.9,7.17,8.73,54.9,0.0,0.0,0.0,0.0,0,0,Orgânico,Pix,,Devolvida,29,164,ES,Vila Velha
MLB2026-000384,2026-03-09,CAP-MG84-TPU,Capa Moto G84 TPU Transparente,TPU,Transparente,1,15.9,15.9,6.79,-1.47,-9.2,12.9,9.03,0.0,1.55,931,20,Anúncios,Cartão de crédito,6,Concluída,29,163,SP,Campinas
MLB2026-000385,2026-03-09,CAP-MG85-SIL,Capa Moto G85 Silicone Azul,Silicone,Azul,1,19.9,19.9,9.84,1.03,5.2,12.9,9.03,0.0,0.0,0,0,Orgânico,Pix,,Concluída,48,199,RJ,Duque de Caxias
MLB2026-000386,2026-03-09,CAP-GS25-SIL,Capa Galaxy S25 Ultra Silicone MagSafe,MagSafe,Preto,1,54.9,54.9,25.74,24.67,44.9,0.0,0.0,0.0,4.49,2445,48,Anúncios,Cartão de crédito,,Concluída,31,24,SP,São Bernardo do Campo
MLB2026-000387,2026-03-09,CAP-GS25-SIL,Capa Galaxy S25 Ultra Silicone MagSafe,MagSafe,Preto,1,54.9,54.9,21.66,33.24,60.5,0.0,0.0,0.0,0.0,0,0,Orgânico,Cartão de crédito,12,Cancelada,31,23,PE,Olinda
MLB2026-000388,2026-03-09,CAP-IP12-PLU,Capinha iPhone 12 Pelúcia,Pelúcia,Amarelo,1,33.9,33.9,14.85,19.05,56.2,0.0,0.0,0.0,0.0,0,0,Orgânico,Cartão de crédito,,Concluída,16,236,MG,Juiz de Fora
MLB2026-000389,2026-03-09,CAP-MG84-SUP,Capa Moto G84 com Suporte,Com Suporte,Preto,1,29.9,29.9,11.84,18.06,60.4,0.0,0.0,0.0,0.0,0,0,Orgânico,Cartão de crédito,,Concluída,3,186,PR,Maringá
MLB2026-000390,2026-03-09,CAP-MG84-SUP,Capa Moto G84 com Suporte,Com Suporte,Preto,1,29.9,29.9,13.26,2.71,9.1,19.9,13.93,0.0,0.0,0,0,Orgânico,Pix,,Enviada,3,185,PR,Londrina
MLB2026-000391,2026-03-09,CAP-GA56-CRI,Capa Galaxy A56 Cristal Espelhada,Cristal,Prata,1,34.9,34.9,16.91,4.06,11.6,19.9,13.93,0.0,0.0,0,0,Orgânico,Pix,,Concluída,28,121,PR,Maringá
MLB2026-000392,2026-03-09,CAP-GS24-COU,Capa Galaxy S24 Couro Premium,Couro,Preto,1,64.9,64.9,28.18,36.72,56.6,0.0,0.0,0.0,0.0,0,0,Orgânico,Pix,,Concluída,5,187,SP,São Bernardo do Campo
MLB2026-000393,2026-03-09,CAP-IP13-MAG,Capa iPhone 13 Silicone MagSafe,MagSafe,Branco,1,44.9,44.9,18.16,26.74,59.6,0.0,0.0,0.0,0.0,0,0,Orgânico,Pix,,Concluída,18,30,PR,Londrina
MLB2026-000394,2026-03-09,CAP-GA54-SIL,Capa Galaxy A54 Silicone Vermelho,Silicone,Vermelho,1,18.9,18.9,8.14,1.73,9.2,12.9,9.03,0.0,0.0,0,0,Orgânico,Pix,,Enviada,29,196,AM,Manaus
MLB2026-000395,2026-03-09,CAP-R13C-SIL,Capa Redmi 13C Silicone Azul,Silicone,Azul,1,17.9,17.9,8.09,9.81,54.8,0.0,0.0,0.0,0.0,0,0,Orgânico,Pix,,Concluída,31,57,SP,Osasco
MLB2026-000396,2026-03-09,CAP-R13C-SIL,Capa Redmi 13C Silicone Azul,Silicone,Azul,1,17.9,17.9,8.52,5.08,28.4,0.0,0.0,0.0,4.3,3182,33,Anúncios,Boleto,,Concluída,31,56,RJ,Rio de Janeiro
MLB2026-000397,2026-03-10,CAP-IP15-SIL,Capa de Celular iPhone 15 Silicone Fosca,Silicone,Preto,1,24.9,24.9,11.53,-4.43,-17.8,19.9,13.93,1.79,2.08,1099,10,Anúncios,Cartão de crédito,,Concluída,81,78,MG,Belo Horizonte
MLB2026-000398,2026-03-10,CAP-IP15-SIL,Capa de Celular iPhone 15 Silicone Fosca,Silicone,Preto,1,24.9,24.9,10.62,-0.89,-3.6,19.9,13.93,0.0,1.24,2390,57,Anúncios,Pix,,Concluída,81,77,SP,São Paulo
MLB2026-000399,2026-03-10,CAP-IP15-CRI,Capa iPhone 15 Acrílico Cristal Transparente,Cristal,Transparente,1,29.9,29.9,11.45,1.14,3.8,19.9,13.93,0.0,3.38,2528,20,Anúncios,Pix,,Concluída,111,27,DF,Taguatinga
MLB2026-000400,2026-03-10,CAP-IP15-CRI,Capa iPhone 15 Acrílico Cristal Transparente,Cristal,Transparente,1,29.9,29.9,12.03,8.3,27.8,12.9,9.03,0.54,0.0,0,0,Orgânico,Pix,,Concluída,111,26,CE,Fortaleza
MLB2026-000401,2026-03-10,CAP-IP16-MAG,Capa iPhone 16 Silicone com MagSafe,MagSafe,Azul,1,49.9,49.9,22.69,27.21,54.5,0.0,0.0,0.0,0.0,0,0,Orgânico,Cartão de crédito,,Cancelada,192,159,SP,Campinas
MLB2026-000402,2026-03-10,CAP-IP14-COU,Capa iPhone 14 Couro Sintético Premium,Couro,Marrom,2,44.9,89.8,38.6,50.23,55.9,0.0,0.0,0.0,0.97,343,3,Anúncios,Cartão de crédito,3,Concluída,47,119,SP,Guarulhos
MLB2026-000403,2026-03-10,CAP-IP13-SIL,Capa iPhone 13 Silicone Colorida,Silicone,Rosa,1,21.9,21.9,9.66,-1.24,-5.7,12.9,9.03,4.45,0.0,0,0,Orgânico,Pix,,Concluída,46,232,CE,Juazeiro do Norte
MLB2026-000404,2026-03-10,CAP-GA54-TPU,Capa Galaxy A54 TPU Antirrisco,TPU,Cinza,1,15.9,15.9,6.03,9.87,62.1,0.0,0.0,0.0,0.0,0,0,Orgânico,Pix,,Concluída,16,176,SP,Campinas
MLB2026-000405,2026-03-10,CAP-GA54-TPU,Capa Galaxy A54 TPU Antirrisco,TPU,Cinza,1,15.9,15.9,6.9,-4.93,-31.0,19.9,13.93,0.0,0.0,0,0,Orgânico,Cartão de débito,,Concluída,16,175,GO,Goiânia
MLB2026-000406,2026-03-10,CAP-GA54-TPU,Capa Galaxy A54 TPU Antirrisco,TPU,Cinza,2,15.9,31.8,12.92,4.95,15.6,19.9,13.93,0.0,0.0,0,0,Orgânico,Cartão de débito,,Concluída,16,173,MG,Contagem
MLB2026-000407,2026-03-10,CAP-GA56-MAG,Capa Galaxy A56 com MagSafe,MagSafe,Roxo,3,47.9,143.7,69.63,74.07,51.5,0.0,0.0,0.0,0.0,0,0,Orgânico,Cartão de crédito,,Concluída,21,83,SP,São Paulo
MLB2026-000408,2026-03-10,CAP-GS25-COU,Capa Galaxy S25 Ultra Couro Premium,Couro,Marrom,1,69.9,69.9,30.47,39.43,56.4,0.0,0.0,0.0,0.0,0,0,Orgânico,Pix,,Concluída,15,169,SP,Osasco
MLB2026-000409,2026-03-10,CAP-GS23-TPU,Capa Galaxy S23 TPU Camuflada,TPU,Camuflado,1,19.9,19.9,8.41,-2.44,-12.3,19.9,13.93,0.0,0.0,0,0,Orgânico,Pix,,Cancelada,8,203,DF,Ceilândia
MLB2026-000410,2026-03-10,CAP-RN14-SIL,Capa Redmi Note 14 Silicone,Silicone,Preto,1,18.9,18.9,7.66,11.24,59.5,0.0,0.0,0.0,0.0,0,0,Orgânico,Cartão de débito,,Concluída,15,125,SP,Osasco
MLB2026-000411,2026-03-10,CAP-RN13-TPU,Capa Redmi Note 13 TPU Cristal,TPU,Transparente,1,14.9,14.9,7.16,7.43,49.9,0.0,0.0,0.31,0.0,0,0,Orgânico,Pix,,Concluída,14,217,RJ,Rio de Janeiro
MLB2026-000412,2026-03-10,CAP-R12-SIL,Capa realme 12 Silicone Fosca,Silicone,Branco,1,20.9,20.9,8.22,-5.2,-24.9,19.9,13.93,0.0,3.95,945,12,Anúncios,Pix,,Concluída,82,193,CE,Juazeiro do Norte
MLB2026-000413,2026-03-10,CAP-R12-SIL,Capa realme 12 Silicone Fosca,Silicone,Branco,1,20.9,20.9,8.01,11.16,53.4,0.0,0.0,0.0,1.73,2101,39,Anúncios,Pix,,Concluída,82,192,PR,Cascavel
MLB2026-000414,2026-03-10,CAP-R12-SIL,Capa realme 12 Silicone Fosca,Silicone,Branco,1,20.9,20.9,8.35,7.44,35.6,0.0,0.0,2.88,2.23,3312,77,Anúncios,Cartão de crédito,,Concluída,82,191,PA,Belém
MLB2026-000415,2026-03-10,CAP-MG84-TPU,Capa Moto G84 TPU Transparente,TPU,Transparente,1,15.9,15.9,6.1,7.18,45.2,0.0,0.0,0.0,2.62,1923,56,Anúncios,Cartão de crédito,,Concluída,69,162,SP,Campinas
MLB2026-000416,2026-03-10,CAP-ME50-COU,Capa Moto Edge 50 Couro Sintético,Couro,Marrom,1,59.9,59.9,23.5,34.17,57.0,0.0,0.0,2.23,0.0,0,0,Orgânico,Boleto,,Concluída,35,66,GO,Aparecida de Goiânia
MLB2026-000417,2026-03-10,CAP-IP15-PLU,Capa iPhone 15 Pelúcia Colorida,Pelúcia,Rosa,2,39.9,79.8,31.52,48.28,60.5,0.0,0.0,0.0,0.0,0,0,Orgânico,Pix,,Concluída,8,148,SP,São Bernardo do Campo
MLB2026-000418,2026-03-10,CAP-GS25-SIL,Capa Galaxy S25 Ultra Silicone MagSafe,MagSafe,Preto,1,54.9,54.9,21.79,32.01,58.3,0.0,0.0,0.0,1.1,310,7,Anúncios,Pix,,Concluída,24,22,MA,Imperatriz
MLB2026-000419,2026-03-10,CAP-R12-CRI,Capa realme 12 Cristal Transparente,Cristal,Transparente,1,24.9,24.9,11.95,12.95,52.0,0.0,0.0,0.0,0.0,0,0,Orgânico,Cartão de crédito,,Concluída,34,7,PR,Curitiba
MLB2026-000420,2026-03-10,CAP-R12-CRI,Capa realme 12 Cristal Transparente,Cristal,Transparente,1,24.9,24.9,10.18,5.69,22.9,12.9,9.03,0.0,0.0,0,0,Orgânico,Cartão de crédito,9,Concluída,34,6,BA,Vitória da Conquista
MLB2026-000421,2026-03-10,CAP-MG84-SUP,Capa Moto G84 com Suporte,Com Suporte,Preto,1,29.9,29.9,12.64,3.33,11.1,19.9,13.93,0.0,0.0,0,0,Orgânico,Pix,,Cancelada,6,184,MG,Belo Horizonte
MLB2026-000422,2026-03-10,CAP-IP15-AGU,Capa iPhone 15 À Prova d'Água,À Prova d'Água,Preto,1,57.9,57.9,21.41,36.49,63.0,0.0,0.0,0.0,0.0,0,0,Orgânico,Pix,,Concluída,6,118,MG,Contagem
MLB2026-000423,2026-03-10,CAP-R13C-SIL,Capa Redmi 13C Silicone Azul,Silicone,Azul,1,17.9,17.9,8.9,-0.03,-0.2,12.9,9.03,0.0,0.0,0,0,Orgânico,Pix,,Concluída,12,55,SP,São Paulo
MLB2026-000424,2026-03-11,CAP-IP15-SIL,Capa de Celular iPhone 15 Silicone Fosca,Silicone,Preto,2,24.9,49.8,23.92,25.88,52.0,0.0,0.0,0.0,0.0,0,0,Orgânico,Pix,,Cancelada,24,75,RJ,Campos dos Goytacazes
MLB2026-000425,2026-03-11,CAP-IP15-SIL,Capa de Celular iPhone 15 Silicone Fosca,Silicone,Preto,1,24.9,24.9,11.51,2.36,9.5,12.9,9.03,2.0,0.0,0,0,Orgânico,Pix,,Concluída,24,74,SC,Joinville
MLB2026-000426,2026-03-11,CAP-IP15-CRI,Capa iPhone 15 Acrílico Cristal Transparente,Cristal,Transparente,1,29.9,29.9,11.55,4.42,14.8,19.9,13.93,0.0,0.0,0,0,Orgânico,Cartão de crédito,,Concluída,67,25,SP,São Bernardo do Campo
MLB2026-000427,2026-03-11,CAP-IP13-SIL,Capa iPhone 13 Silicone Colorida,Silicone,Rosa,2,21.9,43.8,15.5,14.79,33.8,12.9,9.03,0.0,4.48,931,17,Anúncios,Pix,,Concluída,21,230,PE,Recife
MLB2026-000428,2026-03-11,CAP-IP11-SIL,Capinha iPhone 11 Silicone Antichoque,Silicone,Preto,2,15.9,31.8,15.2,7.57,23.8,12.9,9.03,0.0,0.0,0,0,Orgânico,Cartão de crédito,12,Concluída,57,51,SP,Guarulhos
MLB2026-000429,2026-03-11,CAP-GA55-CRI,Capa Galaxy A55 Cristal Ultra Fino,Cristal,Transparente,1,26.9,26.9,11.06,12.23,45.5,0.0,0.0,0.0,3.61,3313,69,Anúncios,Cartão de débito,,Cancelada,17,127,CE,Juazeiro do Norte
MLB2026-000430,2026-03-11,CAP-GA56-MAG,Capa Galaxy A56 com MagSafe,MagSafe,Roxo,1,47.9,47.9,20.17,23.36,48.8,0.0,0.0,0.0,4.37,2427,69,Anúncios,Cartão de débito,,Concluída,41,82,MA,Imperatriz
MLB2026-000431,2026-03-11,CAP-GS24-SIL,Capa Galaxy S24 Silicone com Anel,Silicone,Azul,1,29.9,29.9,11.48,4.49,15.0,19.9,13.93,0.0,0.0,0,0,Orgânico,Pix,,Cancelada,91,153,SP,Campinas
MLB2026-000432,2026-03-11,CAP-GS24-SIL,Capa Galaxy S24 Silicone com Anel,Silicone,Azul,1,29.9,29.9,11.36,-2.9,-9.7,19.9,13.93,3.56,3.95,1463,12,Anúncios,Pix,,Concluída,91,152,CE,Fortaleza
MLB2026-000433,2026-03-11,CAP-RN13-TPU,Capa Redmi Note 13 TPU Cristal,TPU,Transparente,1,14.9,14.9,5.59,0.28,1.9,12.9,9.03,0.0,0.0,0,0,Orgânico,Cartão de crédito,9,Concluída,25,216,RJ,Niterói
MLB2026-000434,2026-03-11,CAP-RN13-TPU,Capa Redmi Note 13 TPU Cristal,TPU,Transparente,1,14.9,14.9,5.97,8.93,59.9,0.0,0.0,0.0,0.0,0,0,Orgânico,Pix,,Concluída,25,215,SP,Osasco
MLB2026-000435,2026-03-11,CAP-RN13-SUP,Capa Redmi Note 13 com Suporte,Com Suporte,Preto,1,32.9,32.9,13.16,10.71,32.6,12.9,9.03,0.0,0.0,0,0,Orgânico,Pix,,Concluída,33,186,ES,Serra
MLB2026-000436,2026-03-11,CAP-R12-SIL,Capa realme 12 Silicone Fosca,Silicone,Branco,1,20.9,20.9,7.45,-0.48,-2.3,19.9,13.93,0.0,0.0,0,0,Orgânico,Pix,,Concluída,82,190,GO,Goiânia
MLB2026-000437,2026-03-11,CAP-GA55-SUP,Capa Galaxy A55 com Suporte e Anel,Com Suporte,Preto,1,35.9,35.9,16.18,19.72,54.9,0.0,0.0,0.0,0.0,0,0,Orgânico,Boleto,,Concluída,8,77,ES,Vitória
MLB2026-000438,2026-03-11,CAP-GA55-SUP,Capa Galaxy A55 com Suporte e Anel,Com Suporte,Preto,1,35.9,35.9,17.69,-0.33,-0.9,19.9,13.93,4.61,0.0,0,0,Orgânico,Cartão de crédito,,Concluída,8,76,MA,São Luís
MLB2026-000439,2026-03-11,CAP-R12-CRI,Capa realme 12 Cristal Transparente,Cristal,Transparente,1,24.9,24.9,9.98,5.89,23.7,12.9,9.03,0.0,0.0,0,0,Orgânico,Boleto,,Concluída,26,5,SP,Guarulhos
MLB2026-000440,2026-03-11,CAP-R12-CRI,Capa realme 12 Cristal Transparente,Cristal,Transparente,1,24.9,24.9,9.77,-2.05,-8.2,19.9,13.93,0.0,3.25,3432,19,Anúncios,Cartão de crédito,3,Concluída,26,4,BA,Feira de Santana
MLB2026-000441,2026-03-11,CAP-R12-CRI,Capa realme 12 Cristal Transparente,Cristal,Transparente,1,24.9,24.9,9.81,15.09,60.6,0.0,0.0,0.0,0.0,0,0,Orgânico,Cartão de crédito,,Concluída,26,3,SP,Guarulhos
MLB2026-000442,2026-03-11,CAP-GA56-CRI,Capa Galaxy A56 Cristal Espelhada,Cristal,Prata,1,34.9,34.9,13.52,12.35,35.4,12.9,9.03,0.0,0.0,0,0,Orgânico,Pix,,Cancelada,16,120,AM,Parintins
MLB2026-000443,2026-03-11,CAP-RN14-PLU,Capa Redmi Note 14 Pelúcia,Pelúcia,Rosa,1,32.9,32.9,11.96,11.91,36.2,12.9,9.03,0.0,0.0,0,0,Orgânico,Pix,,Cancelada,5,35,RJ,Rio de Janeiro
MLB2026-000444,2026-03-11,CAP-GS24-COU,Capa Galaxy S24 Couro Premium,Couro,Preto,1,64.9,64.9,25.01,39.89,61.5,0.0,0.0,0.0,0.0,0,0,Orgânico,Boleto,,Pendente,4,186,SP,Campinas
MLB2026-000445,2026-03-12,CAP-IP15-SIL,Capa de Celular iPhone 15 Silicone Fosca,Silicone,Preto,1,24.9,24.9,9.45,1.52,6.1,19.9,13.93,0.0,0.0,0,0,Orgânico,Cartão de débito,,Concluída,56,73,PR,Maringá
MLB2026-000446,2026-03-12,CAP-IP15-SIL,Capa de Celular iPhone 15 Silicone Fosca,Silicone,Preto,1,24.9,24.9,12.27,-1.3,-5.2,19.9,13.93,0.0,0.0,0,0,Orgânico,Boleto,,Concluída,56,72,SP,São Paulo
MLB2026-000447,2026-03-12,CAP-IP15-CRI,Capa iPhone 15 Acrílico Cristal Transparente,Cristal,Transparente,1,29.9,29.9,11.0,15.34,51.3,0.0,0.0,3.56,0.0,0,0,Orgânico,Pix,,Concluída,37,24,SP,São Paulo
MLB2026-000448,2026-03-12,CAP-IP16-MAG,Capa iPhone 16 Silicone com MagSafe,MagSafe,Azul,1,49.9,49.9,18.75,31.15,62.4,0.0,0.0,0.0,0.0,0,0,Orgânico,Boleto,,Cancelada,23,158,SP,Campinas
MLB2026-000449,2026-03-12,CAP-IP11-SIL,Capinha iPhone 11 Silicone Antichoque,Silicone,Preto,1,15.9,15.9,7.4,-0.53,-3.3,12.9,9.03,0.0,0.0,0,0,Orgânico,Cartão de crédito,9,Concluída,42,50,PE,Caruaru
MLB2026-000450,2026-03-12,CAP-IP11-SIL,Capinha iPhone 11 Silicone Antichoque,Silicone,Preto,1,15.9,15.9,5.98,-2.98,-18.7,12.9,9.03,0.0,3.87,609,11,Anúncios,Cartão de crédito,9,Pendente,42,49,RS,Caxias do Sul
MLB2026-000451,2026-03-12,CAP-IP11-SIL,Capinha iPhone 11 Silicone Antichoque,Silicone,Preto,1,15.9,15.9,6.43,0.44,2.8,12.9,9.03,0.0,0.0,0,0,Orgânico,Pix,,Concluída,42,48,MG,Belo Horizonte
MLB2026-000452,2026-03-12,CAP-GA54-TPU,Capa Galaxy A54 TPU Antirrisco,TPU,Cinza,1,15.9,15.9,6.67,0.2,1.3,12.9,9.03,0.0,0.0,0,0,Orgânico,Cartão de crédito,,Concluída,135,172,SP,São Paulo
MLB2026-000453,2026-03-12,CAP-R12-SIL,Capa realme 12 Silicone Fosca,Silicone,Branco,1,20.9,20.9,7.66,3.41,16.3,12.9,9.03,0.0,0.8,2816,43,Anúncios,Pix,,Concluída,51,189,ES,Vila Velha
MLB2026-000454,2026-03-12,CAP-R12-SIL,Capa realme 12 Silicone Fosca,Silicone,Branco,1,20.9,20.9,8.61,-0.36,-1.7,12.9,9.03,3.62,0.0,0,0,Orgânico,Cartão de débito,,Concluída,51,188,SC,Florianópolis
MLB2026-000455,2026-03-12,CAP-IP15-PLU,Capa iPhone 15 Pelúcia Colorida,Pelúcia,Rosa,1,39.9,39.9,18.04,7.93,19.9,19.9,13.93,0.0,0.0,0,0,Orgânico,Pix,,Concluída,19,147,SP,Campinas
MLB2026-000456,2026-03-12,CAP-IP15-PLU,Capa iPhone 15 Pelúcia Colorida,Pelúcia,Rosa,1,39.9,39.9,19.3,3.63,9.1,19.9,13.93,0.0,3.04,2411,16,Anúncios,Pix,,Pendente,19,146,RJ,Campos dos Goytacazes
MLB2026-000457,2026-03-12,CAP-IP16-CRI,Capa iPhone 16 Cristal Espelhada,Cristal,Prata,1,37.9,37.9,16.72,12.15,32.1,12.9,9.03,0.0,0.0,0,0,Orgânico,Boleto,,Concluída,13,165,SP,São Paulo
MLB2026-000458,2026-03-12,CAP-IP16-CRI,Capa iPhone 16 Cristal Espelhada,Cristal,Prata,1,37.9,37.9,14.59,6.3,16.6,19.9,13.93,0.0,3.08,1391,11,Anúncios,Cartão de crédito,9,Concluída,13,164,PE,Olinda
MLB2026-000459,2026-03-12,CAP-IP16-PLU,Capa iPhone 16 Pelúcia Colorida,Pelúcia,Verde,1,41.9,41.9,20.2,3.33,7.9,19.9,13.93,4.44,0.0,0,0,Orgânico,Boleto,,Concluída,32,75,PR,Maringá
MLB2026-000460,2026-03-12,CAP-IP13-MAG,Capa iPhone 13 Silicone MagSafe,MagSafe,Branco,1,44.9,44.9,18.27,24.91,55.5,0.0,0.0,0.0,1.72,2636,59,Anúncios,Pix,,Concluída,16,29,RS,Canoas
MLB2026-000461,2026-03-12,CAP-MG85-TPU,Capa Moto G85 TPU Cinza,TPU,Cinza,1,16.9,16.9,8.34,8.56,50.7,0.0,0.0,0.0,0.0,0,0,Orgânico,Cartão de crédito,12,Concluída,23,45,BA,Feira de Santana
MLB2026-000462,2026-03-12,CAP-MG85-TPU,Capa Moto G85 TPU Cinza,TPU,Cinza,2,16.9,33.8,13.82,4.39,13.0,19.9,13.93,1.66,0.0,0,0,Orgânico,Cartão de crédito,,Concluída,23,43,RJ,Niterói
MLB2026-000463,2026-03-12,CAP-IP15-AGU,Capa iPhone 15 À Prova d'Água,À Prova d'Água,Preto,1,57.9,57.9,23.35,34.55,59.7,0.0,0.0,0.0,0.0,0,0,Orgânico,Pix,,Concluída,10,117,RJ,Rio de Janeiro
MLB2026-000464,2026-03-12,CAP-R13C-SIL,Capa Redmi 13C Silicone Azul,Silicone,Azul,3,17.9,53.7,19.74,17.77,33.1,19.9,13.93,0.0,2.26,1489,41,Anúncios,Cartão de crédito,,Concluída,19,52,DF,Ceilândia
MLB2026-000465,2026-03-13,CAP-IP15-SIL,Capa de Celular iPhone 15 Silicone Fosca,Silicone,Preto,1,24.9,24.9,10.82,14.08,56.5,0.0,0.0,0.0,0.0,0,0,Orgânico,Pix,,Concluída,55,71,SP,Campinas
MLB2026-000466,2026-03-13,CAP-IP15-SIL,Capa de Celular iPhone 15 Silicone Fosca,Silicone,Preto,1,24.9,24.9,9.96,1.01,4.1,19.9,13.93,0.0,0.0,0,0,Orgânico,Pix,,Concluída,55,70,CE,Juazeiro do Norte
MLB2026-000467,2026-03-13,CAP-IP15-CRI,Capa iPhone 15 Acrílico Cristal Transparente,Cristal,Transparente,1,29.9,29.9,13.13,7.74,25.9,12.9,9.03,0.0,0.0,0,0,Orgânico,Cartão de crédito,,Concluída,80,23,BA,Vitória da Conquista
MLB2026-000468,2026-03-13,CAP-IP16-MAG,Capa iPhone 16 Silicone com MagSafe,MagSafe,Azul,1,49.9,49.9,21.62,28.28,56.7,0.0,0.0,0.0,0.0,0,0,Orgânico,Pix,,Enviada,10,157,DF,Ceilândia
MLB2026-000469,2026-03-13,CAP-IP11-SIL,Capinha iPhone 11 Silicone Antichoque,Silicone,Preto,1,15.9,15.9,7.6,8.3,52.2,0.0,0.0,0.0,0.0,0,0,Orgânico,Pix,,Concluída,29,47,SP,Osasco
MLB2026-000470,2026-03-13,CAP-GA55-SIL,Capa Galaxy A55 Silicone Fosca,Silicone,Verde,1,22.9,22.9,11.33,-2.26,-9.9,12.9,9.03,4.8,0.0,0,0,Orgânico,Boleto,,Concluída,93,144,BA,Salvador
MLB2026-000471,2026-03-13,CAP-GA55-SIL,Capa Galaxy A55 Silicone Fosca,Silicone,Verde,1,22.9,22.9,11.27,-2.3,-10.0,19.9,13.93,0.0,0.0,0,0,Orgânico,Pix,,Concluída,93,143,GO,Goiânia
MLB2026-000472,2026-03-13,CAP-GA55-CRI,Capa Galaxy A55 Cristal Ultra Fino,Cristal,Transparente,1,26.9,26.9,10.43,2.54,9.4,19.9,13.93,0.0,0.0,0,0,Orgânico,Pix,,Concluída,40,126,BA,Feira de Santana
MLB2026-000473,2026-03-13,CAP-GA54-TPU,Capa Galaxy A54 TPU Antirrisco,TPU,Cinza,1,15.9,15.9,6.7,-4.73,-29.7,19.9,13.93,0.0,0.0,0,0,Orgânico,Pix,,Concluída,36,171,MG,Uberlândia
MLB2026-000474,2026-03-13,CAP-GS25-COU,Capa Galaxy S25 Ultra Couro Premium,Couro,Marrom,1,69.9,69.9,33.98,33.29,47.6,0.0,0.0,0.0,2.63,3401,86,Anúncios,Cartão de crédito,3,Concluída,31,168,ES,Serra
MLB2026-000475,2026-03-13,CAP-GS25-COU,Capa Galaxy S25 Ultra Couro Premium,Couro,Marrom,1,69.9,69.9,28.13,41.77,59.8,0.0,0.0,0.0,0.0,0,0,Orgânico,Cartão de crédito,12,Concluída,31,167,RJ,Campos dos Goytacazes
MLB2026-000476,2026-03-13,CAP-GS23-TPU,Capa Galaxy S23 TPU Camuflada,TPU,Camuflado,1,19.9,19.9,9.29,1.58,7.9,12.9,9.03,0.0,0.0,0,0,Orgânico,Pix,,Concluída,82,202,SP,Campinas
MLB2026-000477,2026-03-13,CAP-RN14-SIL,Capa Redmi Note 14 Silicone,Silicone,Preto,1,18.9,18.9,8.5,10.4,55.0,0.0,0.0,0.0,0.0,0,0,Orgânico,Cartão de crédito,3,Concluída,31,124,MG,Juiz de Fora
MLB2026-000478,2026-03-13,CAP-RN14-SIL,Capa Redmi Note 14 Silicone,Silicone,Preto,1,18.9,18.9,8.94,0.93,4.9,12.9,9.03,0.0,0.0,0,0,Orgânico,Boleto,,Concluída,31,123,RJ,Duque de Caxias
MLB2026-000479,2026-03-13,CAP-MG84-TPU,Capa Moto G84 TPU Transparente,TPU,Transparente,1,15.9,15.9,7.65,-5.03,-31.6,12.9,9.03,0.0,4.25,635,11,Anúncios,Boleto,,Concluída,13,161,RJ,Niterói
MLB2026-000480,2026-03-13,CAP-IP16-PLU,Capa iPhone 16 Pelúcia Colorida,Pelúcia,Verde,1,41.9,41.9,15.8,17.07,40.7,12.9,9.03,0.0,0.0,0,0,Orgânico,Boleto,,Concluída,15,74,RS,Pelotas
MLB2026-000481,2026-03-13,CAP-IP13-MAG,Capa iPhone 13 Silicone MagSafe,MagSafe,Branco,1,44.9,44.9,17.24,27.66,61.6,0.0,0.0,0.0,0.0,0,0,Orgânico,Cartão de crédito,9,Concluída,50,28,CE,Juazeiro do Norte
MLB2026-000482,2026-03-13,CAP-IP13-MAG,Capa iPhone 13 Silicone MagSafe,MagSafe,Branco,3,44.9,134.7,66.3,68.4,50.8,0.0,0.0,0.0,0.0,0,0,Orgânico,Boleto,,Concluída,50,25,SP,São Bernardo do Campo
MLB2026-000483,2026-03-13,CAP-IP15-AGU,Capa iPhone 15 À Prova d'Água,À Prova d'Água,Preto,1,57.9,57.9,25.22,32.68,56.4,0.0,0.0,0.0,0.0,0,0,Orgânico,Pix,,Concluída,12,116,SC,Joinville
MLB2026-000484,2026-03-14,CAP-IP15-SIL,Capa de Celular iPhone 15 Silicone Fosca,Silicone,Preto,1,24.9,24.9,9.32,-1.81,-7.3,19.9,13.93,0.0,3.46,772,4,Anúncios,Boleto,,Cancelada,112,69,PR,Londrina
MLB2026-000485,2026-03-14,CAP-IP15-CRI,Capa iPhone 15 Acrílico Cristal Transparente,Cristal,Transparente,1,29.9,29.9,11.31,1.57,5.3,19.9,13.93,0.0,3.09,3135,81,Anúncios,Boleto,,Concluída,27,22,SC,Blumenau
MLB2026-000486,2026-03-14,CAP-IP16-MAG,Capa iPhone 16 Silicone com MagSafe,MagSafe,Azul,2,49.9,99.8,40.48,59.32,59.4,0.0,0.0,0.0,0.0,0,0,Orgânico,Cartão de crédito,,Concluída,33,155,SP,São Paulo
MLB2026-000487,2026-03-14,CAP-IP14-COU,Capa iPhone 14 Couro Sintético Premium,Couro,Marrom,1,44.9,44.9,19.55,25.35,56.5,0.0,0.0,0.0,0.0,0,0,Orgânico,Cartão de crédito,,Concluída,48,118,MG,Contagem
MLB2026-000488,2026-03-14,CAP-IP14-COU,Capa iPhone 14 Couro Sintético Premium,Couro,Marrom,1,44.9,44.9,19.72,25.18,56.1,0.0,0.0,0.0,0.0,0,0,Orgânico,Cartão de crédito,3,Concluída,48,117,GO,Aparecida de Goiânia
MLB2026-000489,2026-03-14,CAP-IP13-SIL,Capa iPhone 13 Silicone Colorida,Silicone,Rosa,1,21.9,21.9,9.15,11.15,50.9,0.0,0.0,0.0,1.6,1680,18,Anúncios,Cartão de crédito,,Concluída,32,229,RS,Canoas
MLB2026-000490,2026-03-14,CAP-IP13-SIL,Capa iPhone 13 Silicone Colorida,Silicone,Rosa,1,21.9,21.9,8.77,4.1,18.7,12.9,9.03,0.0,0.0,0,0,Orgânico,Pix,,Concluída,32,228,GO,Goiânia
MLB2026-000491,2026-03-14,CAP-IP12-TPU,Capa iPhone 12 TPU Transparente,TPU,Transparente,1,16.9,16.9,6.39,-2.8,-16.6,12.9,9.03,0.0,4.28,2460,57,Anúncios,Pix,,Concluída,51,60,DF,Ceilândia
MLB2026-000492,2026-03-14,CAP-IP11-SIL,Capinha iPhone 11 Silicone Antichoque,Silicone,Preto,1,15.9,15.9,5.96,-2.93,-18.4,12.9,9.03,0.0,3.84,1523,42,Anúncios,Boleto,,Concluída,20,46,CE,Sobral
MLB2026-000493,2026-03-14,CAP-GA54-TPU,Capa Galaxy A54 TPU Antirrisco,TPU,Cinza,1,15.9,15.9,7.57,-0.7,-4.4,12.9,9.03,0.0,0.0,0,0,Orgânico,Pix,,Concluída,38,170,RJ,Niterói
MLB2026-000494,2026-03-14,CAP-GA54-TPU,Capa Galaxy A54 TPU Antirrisco,TPU,Cinza,1,15.9,15.9,6.7,0.17,1.1,12.9,9.03,0.0,0.0,0,0,Orgânico,Cartão de crédito,3,Concluída,38,169,GO,Anápolis
MLB2026-000495,2026-03-14,CAP-GS25-COU,Capa Galaxy S25 Ultra Couro Premium,Couro,Marrom,1,69.9,69.9,30.94,38.96,55.7,0.0,0.0,0.0,0.0,0,0,Orgânico,Pix,,Concluída,8,166,SP,Campinas
MLB2026-000496,2026-03-14,CAP-GS24-SIL,Capa Galaxy S24 Silicone com Anel,Silicone,Azul,2,29.9,59.8,21.68,21.24,35.5,19.9,13.93,0.0,2.95,2535,10,Anúncios,Cartão de crédito,12,Concluída,33,150,PA,Ananindeua
MLB2026-000497,2026-03-14,CAP-GS24-SIL,Capa Galaxy S24 Silicone com Anel,Silicone,Azul,1,29.9,29.9,10.95,9.92,33.2,12.9,9.03,0.0,0.0,0,0,Orgânico,Pix,,Concluída,33,149,SP,São Bernardo do Campo
MLB2026-000498,2026-03-14,CAP-RN13-TPU,Capa Redmi Note 13 TPU Cristal,TPU,Transparente,1,14.9,14.9,6.47,-5.5,-36.9,19.9,13.93,0.0,0.0,0,0,Orgânico,Pix,,Concluída,30,214,PA,Ananindeua
MLB2026-000499,2026-03-14,CAP-RN13-SUP,Capa Redmi Note 13 com Suporte,Com Suporte,Preto,1,32.9,32.9,13.26,2.35,7.1,19.9,13.93,0.0,3.36,2737,26,Anúncios,Pix,,Enviada,29,185,BA,Vitória da Conquista
MLB2026-000500,2026-03-14,CAP-RN14-AGU,Capa Redmi Note 14 À Prova d'Água,À Prova d'Água,Azul,1,54.9,54.9,23.53,31.37,57.1,0.0,0.0,0.0,0.0,0,0,Orgânico,Cartão de crédito,9,Devolvida,2,69,MG,Belo Horizonte
MLB2026-000501,2026-03-14,CAP-RN14-AGU,Capa Redmi Note 14 À Prova d'Água,À Prova d'Água,Azul,1,54.9,54.9,25.6,27.65,50.4,0.0,0.0,0.0,1.65,3415,99,Anúncios,Boleto,,Enviada,2,68,MA,Imperatriz
MLB2026-000502,2026-03-14,CAP-MG84-SUP,Capa Moto G84 com Suporte,Com Suporte,Preto,1,29.9,29.9,11.73,4.24,14.2,19.9,13.93,0.0,0.0,0,0,Orgânico,Boleto,,Concluída,6,183,RJ,Niterói
MLB2026-000503,2026-03-14,CAP-MG84-SUP,Capa Moto G84 com Suporte,Com Suporte,Preto,1,29.9,29.9,13.29,16.34,54.6,0.0,0.0,0.27,0.0,0,0,Orgânico,Pix,,Concluída,6,182,RS,Caxias do Sul
MLB2026-000504,2026-03-14,CAP-IP13-MAG,Capa iPhone 13 Silicone MagSafe,MagSafe,Branco,1,44.9,44.9,16.18,27.02,60.2,0.0,0.0,1.7,0.0,0,0,Orgânico,Pix,,Concluída,12,24,AM,Parintins
MLB2026-000505,2026-03-14,CAP-MG85-TPU,Capa Moto G85 TPU Cinza,TPU,Cinza,1,16.9,16.9,7.02,-4.05,-24.0,19.9,13.93,0.0,0.0,0,0,Orgânico,Boleto,,Devolvida,6,42,MG,Juiz de Fora
MLB2026-000506,2026-03-14,CAP-IP15-AGU,Capa iPhone 15 À Prova d'Água,À Prova d'Água,Preto,1,57.9,57.9,22.58,32.3,55.8,0.0,0.0,3.02,0.0,0,0,Orgânico,Cartão de crédito,9,Concluída,18,115,PR,Londrina
MLB2026-000507,2026-03-14,CAP-IP15-AGU,Capa iPhone 15 À Prova d'Água,À Prova d'Água,Preto,1,57.9,57.9,24.67,33.23,57.4,0.0,0.0,0.0,0.0,0,0,Orgânico,Boleto,,Concluída,18,114,SC,Chapecó
MLB2026-000508,2026-03-14,CAP-IP15-AGU,Capa iPhone 15 À Prova d'Água,À Prova d'Água,Preto,1,57.9,57.9,26.98,30.92,53.4,0.0,0.0,0.0,0.0,0,0,Orgânico,Pix,,Concluída,18,113,PR,Londrina
MLB2026-000509,2026-03-14,CAP-R13C-SIL,Capa Redmi 13C Silicone Azul,Silicone,Azul,1,17.9,17.9,8.58,0.29,1.6,12.9,9.03,0.0,0.0,0,0,Orgânico,Cartão de crédito,,Enviada,42,51,PE,Caruaru
MLB2026-000510,2026-03-15,CAP-IP15-SIL,Capa de Celular iPhone 15 Silicone Fosca,Silicone,Preto,1,24.9,24.9,10.15,10.4,41.8,0.0,0.0,0.0,4.35,1117,6,Anúncios,Pix,,Enviada,72,68,RS,Canoas
MLB2026-000511,2026-03-15,CAP-IP15-SIL,Capa de Celular iPhone 15 Silicone Fosca,Silicone,Preto,1,24.9,24.9,10.32,14.58,58.6,0.0,0.0,0.0,0.0,0,0,Orgânico,Pix,,Concluída,72,67,RJ,Rio de Janeiro
MLB2026-000512,2026-03-15,CAP-IP15-CRI,Capa iPhone 15 Acrílico Cristal Transparente,Cristal,Transparente,1,29.9,29.9,10.82,15.62,52.2,0.0,0.0,3.46,0.0,0,0,Orgânico,Pix,,Concluída,21,21,SC,Florianópolis
MLB2026-000513,2026-03-15,CAP-IP16-MAG,Capa iPhone 16 Silicone com MagSafe,MagSafe,Azul,1,49.9,49.9,24.62,25.28,50.7,0.0,0.0,0.0,0.0,0,0,Orgânico,Pix,,Concluída,47,154,MG,Uberlândia
MLB2026-000514,2026-03-15,CAP-IP13-SIL,Capa iPhone 13 Silicone Colorida,Silicone,Rosa,2,21.9,43.8,21.62,4.91,11.2,19.9,13.93,0.0,3.34,2532,29,Anúncios,Pix,,Enviada,40,226,SC,Florianópolis
MLB2026-000515,2026-03-15,CAP-IP13-SIL,Capa iPhone 13 Silicone Colorida,Silicone,Rosa,1,21.9,21.9,10.61,-2.64,-12.1,19.9,13.93,0.0,0.0,0,0,Orgânico,Pix,,Concluída,40,225,PR,Londrina
MLB2026-000516,2026-03-15,CAP-GA55-SIL,Capa Galaxy A55 Silicone Fosca,Silicone,Verde,2,22.9,45.8,18.54,26.76,58.4,0.0,0.0,0.5,0.0,0,0,Orgânico,Boleto,,Concluída,58,141,BA,Vitória da Conquista
MLB2026-000517,2026-03-15,CAP-GA55-CRI,Capa Galaxy A55 Cristal Ultra Fino,Cristal,Transparente,1,26.9,26.9,10.78,2.19,8.1,19.9,13.93,0.0,0.0,0,0,Orgânico,Pix,,Cancelada,44,125,SP,Campinas
MLB2026-000518,2026-03-15,CAP-GS25-COU,Capa Galaxy S25 Ultra Couro Premium,Couro,Marrom,1,69.9,69.9,26.45,43.45,62.2,0.0,0.0,0.0,0.0,0,0,Orgânico,Boleto,,Concluída,8,165,PE,Caruaru
MLB2026-000519,2026-03-15,CAP-GS25-COU,Capa Galaxy S25 Ultra Couro Premium,Couro,Marrom,1,69.9,69.9,29.66,38.5,55.1,0.0,0.0,0.0,1.74,628,5,Anúncios,Pix,,Concluída,8,164,SP,Campinas
MLB2026-000520,2026-03-15,CAP-GS24-SIL,Capa Galaxy S24 Silicone com Anel,Silicone,Azul,1,29.9,29.9,10.62,10.25,34.3,12.9,9.03,0.0,0.0,0,0,Orgânico,Pix,,Concluída,27,148,AM,Manaus
MLB2026-000521,2026-03-15,CAP-R12-SIL,Capa realme 12 Silicone Fosca,Silicone,Branco,1,20.9,20.9,9.63,11.27,53.9,0.0,0.0,0.0,0.0,0,0,Orgânico,Cartão de crédito,9,Concluída,68,187,MA,Imperatriz
MLB2026-000522,2026-03-15,CAP-R12-SIL,Capa realme 12 Silicone Fosca,Silicone,Branco,1,20.9,20.9,9.91,-1.92,-9.2,12.9,9.03,0.0,3.88,537,8,Anúncios,Pix,,Concluída,68,186,ES,Serra
MLB2026-000523,2026-03-15,CAP-R12-SIL,Capa realme 12 Silicone Fosca,Silicone,Branco,1,20.9,20.9,9.37,2.5,12.0,12.9,9.03,0.0,0.0,0,0,Orgânico,Pix,,Concluída,68,185,PR,Curitiba
MLB2026-000524,2026-03-15,CAP-MG84-TPU,Capa Moto G84 TPU Transparente,TPU,Transparente,1,15.9,15.9,6.94,-1.62,-10.2,12.9,9.03,0.0,1.55,544,3,Anúncios,Pix,,Concluída,29,160,SP,São Bernardo do Campo
MLB2026-000525,2026-03-15,CAP-GA55-SUP,Capa Galaxy A55 com Suporte e Anel,Com Suporte,Preto,1,35.9,35.9,16.75,18.16,50.6,0.0,0.0,0.0,0.99,2650,42,Anúncios,Pix,,Concluída,9,75,SP,São Bernardo do Campo
MLB2026-000526,2026-03-15,CAP-GA55-SUP,Capa Galaxy A55 com Suporte e Anel,Com Suporte,Preto,1,35.9,35.9,15.17,5.49,15.3,19.9,13.93,1.31,0.0,0,0,Orgânico,Cartão de crédito,6,Concluída,9,74,SP,Osasco
MLB2026-000527,2026-03-15,CAP-IP16-CRI,Capa iPhone 16 Cristal Espelhada,Cristal,Prata,1,37.9,37.9,16.54,5.75,15.2,19.9,13.93,1.68,0.0,0,0,Orgânico,Cartão de crédito,9,Enviada,47,163,SP,Guarulhos
MLB2026-000528,2026-03-15,CAP-GA56-CRI,Capa Galaxy A56 Cristal Espelhada,Cristal,Prata,1,34.9,34.9,17.13,1.51,4.3,19.9,13.93,0.0,2.33,554,6,Anúncios,Pix,,Concluída,25,119,SP,São Bernardo do Campo
MLB2026-000529,2026-03-15,CAP-IP13-MAG,Capa iPhone 13 Silicone MagSafe,MagSafe,Branco,1,44.9,44.9,15.76,29.14,64.9,0.0,0.0,0.0,0.0,0,0,Orgânico,Cartão de crédito,6,Enviada,25,23,PR,Maringá
MLB2026-000530,2026-03-15,CAP-IP13-MAG,Capa iPhone 13 Silicone MagSafe,MagSafe,Branco,1,44.9,44.9,17.44,27.46,61.2,0.0,0.0,0.0,0.0,0,0,Orgânico,Cartão de crédito,,Concluída,25,22,RJ,Niterói
MLB2026-000531,2026-03-16,CAP-IP15-SIL,Capa de Celular iPhone 15 Silicone Fosca,Silicone,Preto,1,24.9,24.9,9.54,15.36,61.7,0.0,0.0,0.0,0.0,0,0,Orgânico,Pix,,Concluída,17,66,CE,Juazeiro do Norte
MLB2026-000532,2026-03-16,CAP-IP15-SIL,Capa de Celular iPhone 15 Silicone Fosca,Silicone,Preto,1,24.9,24.9,11.59,-4.61,-18.5,19.9,13.93,0.0,3.99,675,18,Anúncios,Pix,,Concluída,17,65,SP,Guarulhos
MLB2026-000533,2026-03-16,CAP-IP15-SIL,Capa de Celular iPhone 15 Silicone Fosca,Silicone,Preto,1,24.9,24.9,10.67,5.2,20.9,12.9,9.03,0.0,0.0,0,0,Orgânico,Pix,,Concluída,17,64,BA,Feira de Santana
MLB2026-000534,2026-03-16,CAP-IP15-CRI,Capa iPhone 15 Acrílico Cristal Transparente,Cristal,Transparente,1,29.9,29.9,11.54,1.93,6.5,19.9,13.93,0.0,2.5,2587,77,Anúncios,Pix,,Concluída,57,20,DF,Taguatinga
MLB2026-000535,2026-03-16,CAP-IP16-MAG,Capa iPhone 16 Silicone com MagSafe,MagSafe,Azul,1,49.9,49.9,24.09,25.81,51.7,0.0,0.0,0.0,0.0,0,0,Orgânico,Pix,,Concluída,56,153,SC,Joinville
MLB2026-000536,2026-03-16,CAP-IP13-SIL,Capa iPhone 13 Silicone Colorida,Silicone,Rosa,1,21.9,21.9,10.02,11.88,54.2,0.0,0.0,0.0,0.0,0,0,Orgânico,Pix,,Concluída,13,224,RJ,Rio de Janeiro
MLB2026-000537,2026-03-16,CAP-GA55-SIL,Capa Galaxy A55 Silicone Fosca,Silicone,Verde,1,22.9,22.9,8.13,5.74,25.1,12.9,9.03,0.0,0.0,0,0,Orgânico,Pix,,Concluída,12,140,SP,Guarulhos
MLB2026-000538,2026-03-16,CAP-GA55-SIL,Capa Galaxy A55 Silicone Fosca,Silicone,Verde,1,22.9,22.9,8.25,-1.46,-6.4,19.9,13.93,0.0,2.18,2160,22,Anúncios,Boleto,,Concluída,12,139,SP,Guarulhos
MLB2026-000539,2026-03-16,CAP-GA55-CRI,Capa Galaxy A55 Cristal Ultra Fino,Cristal,Transparente,1,26.9,26.9,9.86,3.11,11.6,19.9,13.93,0.0,0.0,0,0,Orgânico,Pix,,Concluída,35,124,DF,Ceilândia
MLB2026-000540,2026-03-16,CAP-RN13-TPU,Capa Redmi Note 13 TPU Cristal,TPU,Transparente,1,14.9,14.9,5.31,4.13,27.7,0.0,0.0,4.46,1.0,3266,31,Anúncios,Pix,,Concluída,60,213,RJ,Campos dos Goytacazes
MLB2026-000541,2026-03-16,CAP-R12-SIL,Capa realme 12 Silicone Fosca,Silicone,Branco,1,20.9,20.9,8.07,3.8,18.2,12.9,9.03,0.0,0.0,0,0,Orgânico,Pix,,Concluída,7,184,GO,Aparecida de Goiânia
MLB2026-000542,2026-03-16,CAP-R11-PLU,Capa realme 11 Pelúcia Fofinha,Pelúcia,Rosa,1,34.9,34.9,14.7,20.2,57.9,0.0,0.0,0.0,0.0,0,0,Orgânico,Cartão de crédito,,Concluída,22,89,SP,Campinas
MLB2026-000543,2026-03-16,CAP-R11-PLU,Capa realme 11 Pelúcia Fofinha,Pelúcia,Rosa,1,34.9,34.9,15.56,5.41,15.5,19.9,13.93,0.0,0.0,0,0,Orgânico,Cartão de débito,,Cancelada,22,88,SP,Osasco
MLB2026-000544,2026-03-16,CAP-MG84-TPU,Capa Moto G84 TPU Transparente,TPU,Transparente,1,15.9,15.9,7.65,8.25,51.9,0.0,0.0,0.0,0.0,0,0,Orgânico,Cartão de crédito,3,Concluída,23,159,RJ,Niterói
MLB2026-000545,2026-03-16,CAP-IP15-PLU,Capa iPhone 15 Pelúcia Colorida,Pelúcia,Rosa,1,39.9,39.9,15.35,15.52,38.9,12.9,9.03,0.0,0.0,0,0,Orgânico,Pix,,Concluída,21,145,PR,Londrina
MLB2026-000546,2026-03-16,CAP-IP15-PLU,Capa iPhone 15 Pelúcia Colorida,Pelúcia,Rosa,1,39.9,39.9,16.85,21.07,52.8,0.0,0.0,1.98,0.0,0,0,Orgânico,Cartão de crédito,3,Concluída,21,144,MG,Juiz de Fora
MLB2026-000547,2026-03-16,CAP-IP15-PLU,Capa iPhone 15 Pelúcia Colorida,Pelúcia,Rosa,1,39.9,39.9,14.41,11.56,29.0,19.9,13.93,0.0,0.0,0,0,Orgânico,Cartão de crédito,,Concluída,21,143,GO,Aparecida de Goiânia
MLB2026-000548,2026-03-16,CAP-IP16-PLU,Capa iPhone 16 Pelúcia Colorida,Pelúcia,Verde,3,41.9,125.7,45.93,78.99,62.8,0.0,0.0,0.78,0.0,0,0,Orgânico,Pix,,Concluída,8,71,ES,Vila Velha
MLB2026-000549,2026-03-16,CAP-IP16-PLU,Capa iPhone 16 Pelúcia Colorida,Pelúcia,Verde,1,41.9,41.9,15.84,12.13,28.9,19.9,13.93,0.0,0.0,0,0,Orgânico,Cartão de crédito,,Concluída,8,70,PE,Caruaru
MLB2026-000550,2026-03-16,CAP-GA56-CRI,Capa Galaxy A56 Cristal Espelhada,Cristal,Prata,1,34.9,34.9,14.07,7.27,20.8,12.9,9.03,4.53,0.0,0,0,Orgânico,Boleto,,Concluída,21,118,DF,Brasília
MLB2026-000551,2026-03-16,CAP-GS24-COU,Capa Galaxy S24 Couro Premium,Couro,Preto,1,64.9,64.9,29.47,35.43,54.6,0.0,0.0,0.0,0.0,0,0,Orgânico,Cartão de débito,,Concluída,6,185,RS,Canoas
MLB2026-000552,2026-03-16,CAP-IP13-MAG,Capa iPhone 13 Silicone MagSafe,MagSafe,Branco,1,44.9,44.9,17.99,26.91,59.9,0.0,0.0,0.0,0.0,0,0,Orgânico,Boleto,,Concluída,36,21,SP,Guarulhos
MLB2026-000553,2026-03-16,CAP-IP13-MAG,Capa iPhone 13 Silicone MagSafe,MagSafe,Branco,1,44.9,44.9,18.76,26.14,58.2,0.0,0.0,0.0,0.0,0,0,Orgânico,Pix,,Cancelada,36,20,MG,Uberlândia
MLB2026-000554,2026-03-16,CAP-MG85-TPU,Capa Moto G85 TPU Cinza,TPU,Cinza,1,16.9,16.9,8.43,7.0,41.4,0.0,0.0,0.0,1.47,328,9,Anúncios,Pix,,Concluída,28,41,SP,Campinas
MLB2026-000555,2026-03-16,CAP-IP15-AGU,Capa iPhone 15 À Prova d'Água,À Prova d'Água,Preto,1,57.9,57.9,27.11,28.81,49.8,0.0,0.0,0.0,1.98,2127,33,Anúncios,Boleto,,Concluída,9,112,RJ,Rio de Janeiro
MLB2026-000556,2026-03-16,CAP-R13C-SIL,Capa Redmi 13C Silicone Azul,Silicone,Azul,1,17.9,17.9,7.21,-1.47,-8.2,12.9,9.03,0.0,3.13,953,24,Anúncios,Pix,,Pendente,31,50,ES,Vitória
MLB2026-000557,2026-03-17,CAP-IP15-SIL,Capa de Celular iPhone 15 Silicone Fosca,Silicone,Preto,1,24.9,24.9,8.99,15.91,63.9,0.0,0.0,0.0,0.0,0,0,Orgânico,Cartão de crédito,,Concluída,68,63,MG,Contagem
MLB2026-000558,2026-03-17,CAP-GA55-CRI,Capa Galaxy A55 Cristal Ultra Fino,Cristal,Transparente,3,26.9,80.7,31.68,36.17,44.8,12.9,9.03,0.0,3.82,2165,34,Anúncios,Boleto,,Concluída,29,121,SP,Campinas
MLB2026-000559,2026-03-17,CAP-GA55-CRI,Capa Galaxy A55 Cristal Ultra Fino,Cristal,Transparente,1,26.9,26.9,11.52,-1.86,-6.9,19.9,13.93,3.31,0.0,0,0,Orgânico,Pix,,Concluída,29,120,DF,Brasília
MLB2026-000560,2026-03-17,CAP-GA54-TPU,Capa Galaxy A54 TPU Antirrisco,TPU,Cinza,1,15.9,15.9,7.93,-5.96,-37.5,19.9,13.93,0.0,0.0,0,0,Orgânico,Pix,,Concluída,56,168,SP,Guarulhos
MLB2026-000561,2026-03-17,CAP-GA56-MAG,Capa Galaxy A56 com MagSafe,MagSafe,Roxo,1,47.9,47.9,22.93,24.97,52.1,0.0,0.0,0.0,0.0,0,0,Orgânico,Pix,,Concluída,10,81,SC,Florianópolis
MLB2026-000562,2026-03-17,CAP-RN14-SIL,Capa Redmi Note 14 Silicone,Silicone,Preto,1,18.9,18.9,7.89,-1.64,-8.7,12.9,9.03,3.62,0.0,0,0,Orgânico,Pix,,Concluída,94,122,SP,São Paulo
MLB2026-000563,2026-03-17,CAP-RN14-SIL,Capa Redmi Note 14 Silicone,Silicone,Preto,1,18.9,18.9,7.99,1.88,9.9,12.9,9.03,0.0,0.0,0,0,Orgânico,Pix,,Cancelada,94,121,SP,Campinas
MLB2026-000564,2026-03-17,CAP-RN14-SIL,Capa Redmi Note 14 Silicone,Silicone,Preto,1,18.9,18.9,6.95,-5.39,-28.5,19.9,13.93,0.0,3.41,2440,63,Anúncios,Boleto,,Concluída,94,120,SP,Guarulhos
MLB2026-000565,2026-03-17,CAP-R12-SIL,Capa realme 12 Silicone Fosca,Silicone,Branco,1,20.9,20.9,7.52,4.35,20.8,12.9,9.03,0.0,0.0,0,0,Orgânico,Pix,,Concluída,63,183,PR,Maringá
MLB2026-000566,2026-03-17,CAP-R11-PLU,Capa realme 11 Pelúcia Fofinha,Pelúcia,Rosa,2,34.9,69.8,34.14,18.91,27.1,19.9,13.93,2.82,0.0,0,0,Orgânico,Cartão de crédito,,Concluída,21,86,PA,Ananindeua
MLB2026-000567,2026-03-17,CAP-MG85-SIL,Capa Moto G85 Silicone Azul,Silicone,Azul,1,19.9,19.9,9.47,-3.5,-17.6,19.9,13.93,0.0,0.0,0,0,Orgânico,Pix,,Cancelada,11,198,MG,Belo Horizonte
MLB2026-000568,2026-03-17,CAP-IP16-CRI,Capa iPhone 16 Cristal Espelhada,Cristal,Prata,1,37.9,37.9,17.5,5.32,14.0,12.9,9.03,4.44,1.61,491,11,Anúncios,Cartão de crédito,,Concluída,5,162,SP,Campinas
MLB2026-000569,2026-03-17,CAP-IP12-PLU,Capinha iPhone 12 Pelúcia,Pelúcia,Amarelo,1,33.9,33.9,14.97,15.07,44.5,0.0,0.0,3.86,0.0,0,0,Orgânico,Pix,,Cancelada,4,235,PR,Maringá
MLB2026-000570,2026-03-17,CAP-IP16-PLU,Capa iPhone 16 Pelúcia Colorida,Pelúcia,Verde,2,41.9,83.8,37.86,45.94,54.8,0.0,0.0,0.0,0.0,0,0,Orgânico,Cartão de débito,,Enviada,18,68,SP,Campinas
MLB2026-000571,2026-03-17,CAP-GA56-CRI,Capa Galaxy A56 Cristal Espelhada,Cristal,Prata,1,34.9,34.9,17.28,13.31,38.1,0.0,0.0,0.0,4.31,1483,13,Anúncios,Pix,,Concluída,3,117,PR,Londrina
MLB2026-000572,2026-03-17,CAP-MG85-TPU,Capa Moto G85 TPU Cinza,TPU,Cinza,1,16.9,16.9,7.16,0.71,4.2,12.9,9.03,0.0,0.0,0,0,Orgânico,Pix,,Concluída,11,40,SP,São Bernardo do Campo
MLB2026-000573,2026-03-17,CAP-IP15-AGU,Capa iPhone 15 À Prova d'Água,À Prova d'Água,Preto,1,57.9,57.9,27.66,27.64,47.7,0.0,0.0,2.6,0.0,0,0,Orgânico,Cartão de crédito,3,Concluída,22,111,SP,Guarulhos
MLB2026-000574,2026-03-18,CAP-IP15-SIL,Capa de Celular iPhone 15 Silicone Fosca,Silicone,Preto,1,24.9,24.9,10.21,-0.95,-3.8,19.9,13.93,0.0,1.71,2770,38,Anúncios,Pix,,Concluída,32,62,SP,Osasco
MLB2026-000575,2026-03-18,CAP-IP12-TPU,Capa iPhone 12 TPU Transparente,TPU,Transparente,1,16.9,16.9,6.36,7.77,46.0,0.0,0.0,0.0,2.77,2754,71,Anúncios,Pix,,Concluída,33,59,RJ,Niterói
MLB2026-000576,2026-03-18,CAP-GA55-SIL,Capa Galaxy A55 Silicone Fosca,Silicone,Verde,1,22.9,22.9,9.66,0.11,0.5,12.9,9.03,0.0,4.1,3398,99,Anúncios,Cartão de crédito,6,Concluída,58,138,PR,Maringá
MLB2026-000577,2026-03-18,CAP-RN13-SUP,Capa Redmi Note 13 com Suporte,Com Suporte,Preto,2,32.9,65.8,25.9,39.9,60.6,0.0,0.0,0.0,0.0,0,0,Orgânico,Cartão de crédito,,Concluída,5,183,SP,São Bernardo do Campo
MLB2026-000578,2026-03-18,CAP-ME50-COU,Capa Moto Edge 50 Couro Sintético,Couro,Marrom,1,59.9,59.9,23.27,36.63,61.2,0.0,0.0,0.0,0.0,0,0,Orgânico,Pix,,Concluída,25,65,PR,Londrina
MLB2026-000579,2026-03-18,CAP-ME50-COU,Capa Moto Edge 50 Couro Sintético,Couro,Marrom,1,59.9,59.9,22.63,33.72,56.3,0.0,0.0,0.0,3.55,449,5,Anúncios,Cartão de crédito,3,Concluída,25,64,MG,Juiz de Fora
MLB2026-000580,2026-03-18,CAP-IP16-CRI,Capa iPhone 16 Cristal Espelhada,Cristal,Prata,1,37.9,37.9,15.12,8.85,23.4,19.9,13.93,0.0,0.0,0,0,Orgânico,Pix,,Enviada,24,161,MG,Uberlândia
MLB2026-000581,2026-03-18,CAP-GS25-SIL,Capa Galaxy S25 Ultra Silicone MagSafe,MagSafe,Preto,1,54.9,54.9,21.35,28.84,52.5,0.0,0.0,3.52,1.19,1087,15,Anúncios,Boleto,,Concluída,36,21,SP,Osasco
MLB2026-000582,2026-03-18,CAP-GS25-SIL,Capa Galaxy S25 Ultra Silicone MagSafe,MagSafe,Preto,1,54.9,54.9,21.66,33.24,60.5,0.0,0.0,0.0,0.0,0,0,Orgânico,Pix,,Concluída,36,20,PE,Petrolina
MLB2026-000583,2026-03-18,CAP-GS25-SIL,Capa Galaxy S25 Ultra Silicone MagSafe,MagSafe,Preto,1,54.9,54.9,23.9,28.43,51.8,0.0,0.0,0.0,2.57,365,3,Anúncios,Boleto,,Concluída,36,19,RS,Porto Alegre
MLB2026-000584,2026-03-18,CAP-GS24-COU,Capa Galaxy S24 Couro Premium,Couro,Preto,1,64.9,64.9,23.81,41.09,63.3,0.0,0.0,0.0,0.0,0,0,Orgânico,Boleto,,Concluída,3,184,GO,Aparecida de Goiânia
MLB2026-000585,2026-03-18,CAP-R12-SUP,Capa realme 12 com Suporte,Com Suporte,Cinza,1,33.9,33.9,12.4,21.5,63.4,0.0,0.0,0.0,0.0,0,0,Orgânico,Pix,,Concluída,10,216,SP,Guarulhos
MLB2026-000586,2026-03-18,CAP-R12-SUP,Capa realme 12 com Suporte,Com Suporte,Cinza,1,33.9,33.9,12.44,12.43,36.7,12.9,9.03,0.0,0.0,0,0,Orgânico,Cartão de crédito,,Concluída,10,215,SP,São Bernardo do Campo
MLB2026-000587,2026-03-18,CAP-R13C-SIL,Capa Redmi 13C Silicone Azul,Silicone,Azul,1,17.9,17.9,7.23,10.67,59.6,0.0,0.0,0.0,0.0,0,0,Orgânico,Cartão de crédito,,Concluída,5,49,GO,Anápolis
MLB2026-000588,2026-03-19,CAP-IP16-MAG,Capa iPhone 16 Silicone com MagSafe,MagSafe,Azul,1,49.9,49.9,18.1,31.8,63.7,0.0,0.0,0.0,0.0,0,0,Orgânico,Boleto,,Concluída,41,152,GO,Anápolis
MLB2026-000589,2026-03-19,CAP-IP12-TPU,Capa iPhone 12 TPU Transparente,TPU,Transparente,1,16.9,16.9,6.48,-6.95,-41.1,19.9,13.93,0.0,3.44,2463,41,Anúncios,Pix,,Devolvida,52,58,RS,Porto Alegre
MLB2026-000590,2026-03-19,CAP-GA56-MAG,Capa Galaxy A56 com MagSafe,MagSafe,Roxo,1,47.9,47.9,20.51,27.39,57.2,0.0,0.0,0.0,0.0,0,0,Orgânico,Pix,,Concluída,10,80,SP,Guarulhos
MLB2026-000591,2026-03-19,CAP-GS24-SIL,Capa Galaxy S24 Silicone com Anel,Silicone,Azul,1,29.9,29.9,10.7,13.02,43.5,0.0,0.0,3.68,2.5,2578,44,Anúncios,Cartão de crédito,,Concluída,21,147,DF,Ceilândia
MLB2026-000592,2026-03-19,CAP-R12-SIL,Capa realme 12 Silicone Fosca,Silicone,Branco,1,20.9,20.9,9.9,9.32,44.6,0.0,0.0,0.0,1.68,2783,73,Anúncios,Cartão de crédito,9,Concluída,26,182,SP,Osasco
MLB2026-000593,2026-03-19,CAP-R12-SIL,Capa realme 12 Silicone Fosca,Silicone,Branco,1,20.9,20.9,10.17,-1.24,-5.9,12.9,9.03,0.0,2.94,1275,15,Anúncios,Pix,,Concluída,26,181,SP,São Bernardo do Campo
MLB2026-000594,2026-03-19,CAP-ME50-COU,Capa Moto Edge 50 Couro Sintético,Couro,Marrom,1,59.9,59.9,21.18,37.2,62.1,0.0,0.0,0.0,1.52,777,12,Anúncios,Pix,,Concluída,5,63,SP,Guarulhos
MLB2026-000595,2026-03-19,CAP-GS24-COU,Capa Galaxy S24 Couro Premium,Couro,Preto,1,64.9,64.9,23.17,36.36,56.0,0.0,0.0,4.5,0.87,1503,21,Anúncios,Boleto,,Cancelada,22,183,SP,Osasco
MLB2026-000596,2026-03-20,CAP-IP15-CRI,Capa iPhone 15 Acrílico Cristal Transparente,Cristal,Transparente,1,29.9,29.9,11.74,18.16,60.7,0.0,0.0,0.0,0.0,0,0,Orgânico,Pix,,Concluída,93,19,SP,Campinas
MLB2026-000597,2026-03-20,CAP-IP15-CRI,Capa iPhone 15 Acrílico Cristal Transparente,Cristal,Transparente,1,29.9,29.9,11.12,9.75,32.6,12.9,9.03,0.0,0.0,0,0,Orgânico,Pix,,Cancelada,93,18,MG,Contagem
MLB2026-000598,2026-03-20,CAP-IP16-MAG,Capa iPhone 16 Silicone com MagSafe,MagSafe,Azul,1,49.9,49.9,21.37,28.53,57.2,0.0,0.0,0.0,0.0,0,0,Orgânico,Pix,,Concluída,23,151,RJ,Rio de Janeiro
MLB2026-000599,2026-03-20,CAP-IP14-COU,Capa iPhone 14 Couro Sintético Premium,Couro,Marrom,2,44.9,89.8,33.88,52.33,58.3,0.0,0.0,3.59,0.0,0,0,Orgânico,Cartão de crédito,,Pendente,34,115,PR,Londrina
MLB2026-000600,2026-03-20,CAP-IP14-COU,Capa iPhone 14 Couro Sintético Premium,Couro,Marrom,1,44.9,44.9,20.82,22.81,50.8,0.0,0.0,0.0,1.27,2001,14,Anúncios,Pix,,Concluída,34,114,SP,São Bernardo do Campo
MLB2026-000601,2026-03-20,CAP-GA54-TPU,Capa Galaxy A54 TPU Antirrisco,TPU,Cinza,1,15.9,15.9,7.43,-8.95,-56.3,19.9,13.93,0.0,3.49,2009,21,Anúncios,Cartão de crédito,3,Cancelada,68,167,PE,Recife
MLB2026-000602,2026-03-20,CAP-GA54-TPU,Capa Galaxy A54 TPU Antirrisco,TPU,Cinza,1,15.9,15.9,7.81,4.33,27.2,0.0,0.0,0.0,3.76,2424,22,Anúncios,Cartão de crédito,12,Concluída,68,166,DF,Brasília
MLB2026-000603,2026-03-20,CAP-GS25-COU,Capa Galaxy S25 Ultra Couro Premium,Couro,Marrom,1,69.9,69.9,27.43,42.47,60.8,0.0,0.0,0.0,0.0,0,0,Orgânico,Boleto,,Concluída,14,163,GO,Anápolis
MLB2026-000604,2026-03-20,CAP-MG84-TPU,Capa Moto G84 TPU Transparente,TPU,Transparente,1,15.9,15.9,6.2,0.67,4.2,12.9,9.03,0.0,0.0,0,0,Orgânico,Cartão de crédito,12,Concluída,8,158,RJ,Rio de Janeiro
MLB2026-000605,2026-03-20,CAP-RN14-AGU,Capa Redmi Note 14 À Prova d'Água,À Prova d'Água,Azul,1,54.9,54.9,26.43,28.47,51.9,0.0,0.0,0.0,0.0,0,0,Orgânico,Pix,,Enviada,10,67,RJ,Campos dos Goytacazes
MLB2026-000606,2026-03-20,CAP-GS25-SIL,Capa Galaxy S25 Ultra Silicone MagSafe,MagSafe,Preto,2,54.9,109.8,49.84,59.96,54.6,0.0,0.0,0.0,0.0,0,0,Orgânico,Pix,,Concluída,12,17,SP,São Paulo
MLB2026-000607,2026-03-20,CAP-IP12-PLU,Capinha iPhone 12 Pelúcia,Pelúcia,Amarelo,1,33.9,33.9,13.58,9.88,29.1,12.9,9.03,0.0,1.41,656,12,Anúncios,Pix,,Cancelada,16,234,BA,Feira de Santana
MLB2026-000608,2026-03-20,CAP-IP12-PLU,Capinha iPhone 12 Pelúcia,Pelúcia,Amarelo,1,33.9,33.9,12.24,12.63,37.3,12.9,9.03,0.0,0.0,0,0,Orgânico,Pix,,Concluída,16,233,MG,Contagem
MLB2026-000609,2026-03-20,CAP-GA54-SIL,Capa Galaxy A54 Silicone Vermelho,Silicone,Vermelho,1,18.9,18.9,8.47,10.43,55.2,0.0,0.0,0.0,0.0,0,0,Orgânico,Pix,,Cancelada,19,195,MG,Uberlândia
MLB2026-000610,2026-03-21,CAP-IP15-SIL,Capa de Celular iPhone 15 Silicone Fosca,Silicone,Preto,1,24.9,24.9,10.05,1.72,6.9,12.9,9.03,0.0,4.1,2876,82,Anúncios,Pix,,Concluída,124,61,MA,Imperatriz
MLB2026-000611,2026-03-21,CAP-IP15-SIL,Capa de Celular iPhone 15 Silicone Fosca,Silicone,Preto,1,24.9,24.9,11.27,-0.3,-1.2,19.9,13.93,0.0,0.0,0,0,Orgânico,Cartão de crédito,3,Pendente,124,60,PA,Ananindeua
MLB2026-000612,2026-03-21,CAP-IP15-SIL,Capa de Celular iPhone 15 Silicone Fosca,Silicone,Preto,1,24.9,24.9,9.86,15.04,60.4,0.0,0.0,0.0,0.0,0,0,Orgânico,Pix,,Concluída,124,59,SP,Campinas
MLB2026-000613,2026-03-21,CAP-IP13-SIL,Capa iPhone 13 Silicone Colorida,Silicone,Rosa,1,21.9,21.9,10.43,2.44,11.1,12.9,9.03,0.0,0.0,0,0,Orgânico,Pix,,Pendente,45,223,SP,Campinas
MLB2026-000614,2026-03-21,CAP-GA55-CRI,Capa Galaxy A55 Cristal Ultra Fino,Cristal,Transparente,1,26.9,26.9,13.07,12.07,44.9,0.0,0.0,0.0,1.76,1000,28,Anúncios,Pix,,Cancelada,128,119,RJ,Campos dos Goytacazes
MLB2026-000615,2026-03-21,CAP-RN14-SIL,Capa Redmi Note 14 Silicone,Silicone,Preto,1,18.9,18.9,8.28,7.27,38.5,0.0,0.0,1.15,2.2,302,3,Anúncios,Pix,,Concluída,40,119,MG,Juiz de Fora
MLB2026-000616,2026-03-21,CAP-R11-PLU,Capa realme 11 Pelúcia Fofinha,Pelúcia,Rosa,1,34.9,34.9,15.02,19.88,57.0,0.0,0.0,0.0,0.0,0,0,Orgânico,Boleto,,Cancelada,26,85,RJ,Niterói
MLB2026-000617,2026-03-21,CAP-R11-PLU,Capa realme 11 Pelúcia Fofinha,Pelúcia,Rosa,1,34.9,34.9,13.46,4.07,11.7,19.9,13.93,0.0,3.44,2350,38,Anúncios,Pix,,Concluída,26,84,SP,Osasco
MLB2026-000618,2026-03-21,CAP-IP12-PLU,Capinha iPhone 12 Pelúcia,Pelúcia,Amarelo,1,33.9,33.9,12.81,12.06,35.6,12.9,9.03,0.0,0.0,0,0,Orgânico,Cartão de crédito,9,Concluída,4,232,CE,Fortaleza
MLB2026-000619,2026-03-21,CAP-GA56-CRI,Capa Galaxy A56 Cristal Espelhada,Cristal,Prata,1,34.9,34.9,13.84,21.06,60.3,0.0,0.0,0.0,0.0,0,0,Orgânico,Cartão de débito,,Concluída,19,116,SP,São Paulo
MLB2026-000620,2026-03-21,CAP-MG85-TPU,Capa Moto G85 TPU Cinza,TPU,Cinza,1,16.9,16.9,7.09,9.81,58.0,0.0,0.0,0.0,0.0,0,0,Orgânico,Cartão de crédito,,Concluída,47,39,BA,Feira de Santana
MLB2026-000621,2026-03-21,CAP-GA54-SIL,Capa Galaxy A54 Silicone Vermelho,Silicone,Vermelho,1,18.9,18.9,8.82,-5.27,-27.9,19.9,13.93,0.0,1.42,564,15,Anúncios,Cartão de crédito,,Concluída,26,194,RJ,Duque de Caxias
MLB2026-000622,2026-03-22,CAP-IP14-COU,Capa iPhone 14 Couro Sintético Premium,Couro,Marrom,1,44.9,44.9,15.75,25.05,55.8,0.0,0.0,4.1,0.0,0,0,Orgânico,Pix,,Concluída,60,113,SC,Blumenau
MLB2026-000623,2026-03-22,CAP-IP13-SIL,Capa iPhone 13 Silicone Colorida,Silicone,Rosa,1,21.9,21.9,9.34,-1.37,-6.3,19.9,13.93,0.0,0.0,0,0,Orgânico,Pix,,Concluída,65,222,SP,São Bernardo do Campo
MLB2026-000624,2026-03-22,CAP-IP12-TPU,Capa iPhone 12 TPU Transparente,TPU,Transparente,1,16.9,16.9,7.87,-0.0,-0.0,12.9,9.03,0.0,0.0,0,0,Orgânico,Pix,,Cancelada,25,57,AM,Parintins
MLB2026-000625,2026-03-22,CAP-IP12-TPU,Capa iPhone 12 TPU Transparente,TPU,Transparente,1,16.9,16.9,5.97,-2.12,-12.5,12.9,9.03,0.0,4.02,2222,65,Anúncios,Pix,,Concluída,25,56,DF,Taguatinga
MLB2026-000626,2026-03-22,CAP-IP11-SIL,Capinha iPhone 11 Silicone Antichoque,Silicone,Preto,1,15.9,15.9,7.01,-0.14,-0.9,12.9,9.03,0.0,0.0,0,0,Orgânico,Pix,,Concluída,211,45,RJ,Duque de Caxias
MLB2026-000627,2026-03-22,CAP-IP11-SIL,Capinha iPhone 11 Silicone Antichoque,Silicone,Preto,1,15.9,15.9,7.58,-0.71,-4.5,12.9,9.03,0.0,0.0,0,0,Orgânico,Pix,,Cancelada,211,44,SP,Guarulhos
MLB2026-000628,2026-03-22,CAP-GA55-SIL,Capa Galaxy A55 Silicone Fosca,Silicone,Verde,1,22.9,22.9,8.84,10.13,44.2,0.0,0.0,0.78,3.15,2646,61,Anúncios,Cartão de crédito,3,Concluída,19,137,SP,São Paulo
MLB2026-000629,2026-03-22,CAP-GA55-SIL,Capa Galaxy A55 Silicone Fosca,Silicone,Verde,1,22.9,22.9,10.79,3.08,13.4,12.9,9.03,0.0,0.0,0,0,Orgânico,Cartão de crédito,9,Concluída,19,136,RJ,Rio de Janeiro
MLB2026-000630,2026-03-22,CAP-GA55-SIL,Capa Galaxy A55 Silicone Fosca,Silicone,Verde,1,22.9,22.9,8.13,10.3,45.0,0.0,0.0,0.0,4.47,1670,40,Anúncios,Cartão de crédito,,Concluída,19,135,SP,Campinas
MLB2026-000631,2026-03-22,CAP-GA55-CRI,Capa Galaxy A55 Cristal Ultra Fino,Cristal,Transparente,3,26.9,80.7,30.12,50.58,62.7,0.0,0.0,0.0,0.0,0,0,Orgânico,Pix,,Concluída,21,116,ES,Vitória
MLB2026-000632,2026-03-22,CAP-GA55-CRI,Capa Galaxy A55 Cristal Ultra Fino,Cristal,Transparente,1,26.9,26.9,11.71,1.26,4.7,19.9,13.93,0.0,0.0,0,0,Orgânico,Cartão de débito,,Concluída,21,115,MG,Contagem
MLB2026-000633,2026-03-22,CAP-GA54-TPU,Capa Galaxy A54 TPU Antirrisco,TPU,Cinza,1,15.9,15.9,6.3,0.57,3.6,12.9,9.03,0.0,0.0,0,0,Orgânico,Pix,,Concluída,24,165,DF,Ceilândia
MLB2026-000634,2026-03-22,CAP-GS24-SIL,Capa Galaxy S24 Silicone com Anel,Silicone,Azul,1,29.9,29.9,12.89,17.01,56.9,0.0,0.0,0.0,0.0,0,0,Orgânico,Cartão de débito,,Concluída,54,146,SP,Guarulhos
MLB2026-000635,2026-03-22,CAP-GS23-TPU,Capa Galaxy S23 TPU Camuflada,TPU,Camuflado,3,19.9,59.7,24.66,30.74,51.5,0.0,0.0,0.0,4.3,2802,24,Anúncios,Cartão de crédito,,Concluída,10,199,SP,São Bernardo do Campo
MLB2026-000636,2026-03-22,CAP-GS23-TPU,Capa Galaxy S23 TPU Camuflada,TPU,Camuflado,1,19.9,19.9,7.28,-1.31,-6.6,19.9,13.93,0.0,0.0,0,0,Orgânico,Cartão de crédito,9,Concluída,10,198,SP,Guarulhos
MLB2026-000637,2026-03-22,CAP-RN14-AGU,Capa Redmi Note 14 À Prova d'Água,À Prova d'Água,Azul,1,54.9,54.9,25.9,24.58,44.8,0.0,0.0,0.0,4.42,1174,25,Anúncios,Cartão de crédito,9,Enviada,13,66,MG,Contagem
MLB2026-000638,2026-03-22,CAP-R12-CRI,Capa realme 12 Cristal Transparente,Cristal,Transparente,1,24.9,24.9,12.04,3.83,15.4,12.9,9.03,0.0,0.0,0,0,Orgânico,Pix,,Concluída,23,2,PE,Petrolina
MLB2026-000639,2026-03-22,CAP-R12-CRI,Capa realme 12 Cristal Transparente,Cristal,Transparente,1,24.9,24.9,11.7,-0.73,-2.9,19.9,13.93,0.0,0.0,0,0,Orgânico,Pix,,Concluída,23,1,MG,Belo Horizonte
MLB2026-000640,2026-03-22,CAP-R12-SUP,Capa realme 12 com Suporte,Com Suporte,Cinza,1,33.9,33.9,14.9,9.97,29.4,12.9,9.03,0.0,0.0,0,0,Orgânico,Pix,,Concluída,4,214,SP,São Bernardo do Campo
MLB2026-000641,2026-03-22,CAP-R12-SUP,Capa realme 12 com Suporte,Com Suporte,Cinza,1,33.9,33.9,14.13,3.85,11.4,19.9,13.93,0.0,1.99,1236,28,Anúncios,Cartão de débito,,Concluída,4,213,CE,Fortaleza
MLB2026-000642,2026-03-22,CAP-R12-SUP,Capa realme 12 com Suporte,Com Suporte,Cinza,1,33.9,33.9,15.46,2.12,6.3,19.9,13.93,0.0,2.39,2398,48,Anúncios,Pix,,Concluída,4,212,SP,São Paulo
MLB2026-000643,2026-03-22,CAP-MG85-TPU,Capa Moto G85 TPU Cinza,TPU,Cinza,1,16.9,16.9,7.36,8.08,47.8,0.0,0.0,0.0,1.46,341,2,Anúncios,Cartão de crédito,,Concluída,30,38,PE,Petrolina
MLB2026-000644,2026-03-22,CAP-IP15-AGU,Capa iPhone 15 À Prova d'Água,À Prova d'Água,Preto,1,57.9,57.9,26.85,31.05,53.6,0.0,0.0,0.0,0.0,0,0,Orgânico,Pix,,Concluída,4,110,RS,Porto Alegre
MLB2026-000645,2026-03-22,CAP-R13C-SIL,Capa Redmi 13C Silicone Azul,Silicone,Azul,1,17.9,17.9,8.36,0.51,2.8,12.9,9.03,0.0,0.0,0,0,Orgânico,Cartão de crédito,6,Concluída,31,48,SC,Chapecó
MLB2026-000646,2026-03-22,CAP-R13C-SIL,Capa Redmi 13C Silicone Azul,Silicone,Azul,1,17.9,17.9,8.36,-4.39,-24.5,19.9,13.93,0.0,0.0,0,0,Orgânico,Cartão de crédito,6,Concluída,31,47,RS,Canoas
MLB2026-000647,2026-03-22,CAP-R13C-SIL,Capa Redmi 13C Silicone Azul,Silicone,Azul,1,17.9,17.9,6.37,-3.33,-18.6,19.9,13.93,0.0,0.93,2631,55,Anúncios,Cartão de crédito,6,Concluída,31,46,SP,Campinas
MLB2026-000648,2026-03-23,CAP-IP15-SIL,Capa de Celular iPhone 15 Silicone Fosca,Silicone,Preto,1,24.9,24.9,12.13,-0.42,-1.7,12.9,9.03,0.0,4.16,3462,28,Anúncios,Cartão de crédito,12,Pendente,48,58,SP,Osasco
MLB2026-000649,2026-03-23,CAP-IP15-SIL,Capa de Celular iPhone 15 Silicone Fosca,Silicone,Preto,1,24.9,24.9,10.17,4.15,16.7,12.9,9.03,0.0,1.55,1414,14,Anúncios,Cartão de crédito,3,Concluída,48,57,RJ,Campos dos Goytacazes
MLB2026-000650,2026-03-23,CAP-IP14-COU,Capa iPhone 14 Couro Sintético Premium,Couro,Marrom,1,44.9,44.9,18.95,25.95,57.8,0.0,0.0,0.0,0.0,0,0,Orgânico,Boleto,,Concluída,63,112,PR,Curitiba
MLB2026-000651,2026-03-23,CAP-IP12-TPU,Capa iPhone 12 TPU Transparente,TPU,Transparente,2,16.9,33.8,12.68,12.09,35.8,12.9,9.03,0.0,0.0,0,0,Orgânico,Pix,,Cancelada,37,54,SP,Osasco
MLB2026-000652,2026-03-23,CAP-IP11-SIL,Capinha iPhone 11 Silicone Antichoque,Silicone,Preto,1,15.9,15.9,7.35,-5.38,-33.8,19.9,13.93,0.0,0.0,0,0,Orgânico,Pix,,Pendente,14,43,BA,Feira de Santana
MLB2026-000653,2026-03-23,CAP-GA55-CRI,Capa Galaxy A55 Cristal Ultra Fino,Cristal,Transparente,1,26.9,26.9,9.98,14.41,53.6,0.0,0.0,0.0,2.51,504,12,Anúncios,Boleto,,Concluída,8,114,SP,Campinas
MLB2026-000654,2026-03-23,CAP-GS24-SIL,Capa Galaxy S24 Silicone com Anel,Silicone,Azul,1,29.9,29.9,10.63,16.88,56.5,0.0,0.0,0.0,2.39,507,4,Anúncios,Pix,,Concluída,109,145,SP,Osasco
MLB2026-000655,2026-03-23,CAP-RN14-SIL,Capa Redmi Note 14 Silicone,Silicone,Preto,2,18.9,37.8,15.14,13.09,34.6,12.9,9.03,0.54,0.0,0,0,Orgânico,Pix,,Concluída,9,117,SC,Blumenau
MLB2026-000656,2026-03-23,CAP-RN13-TPU,Capa Redmi Note 13 TPU Cristal,TPU,Transparente,1,14.9,14.9,5.37,-4.4,-29.5,19.9,13.93,0.0,0.0,0,0,Orgânico,Cartão de crédito,,Concluída,23,212,ES,Serra
MLB2026-000657,2026-03-23,CAP-RN13-SUP,Capa Redmi Note 13 com Suporte,Com Suporte,Preto,1,32.9,32.9,13.4,6.95,21.1,12.9,9.03,0.0,3.52,2247,27,Anúncios,Boleto,,Concluída,20,182,PR,Cascavel
MLB2026-000658,2026-03-23,CAP-R12-SIL,Capa realme 12 Silicone Fosca,Silicone,Branco,1,20.9,20.9,8.21,9.64,46.1,0.0,0.0,3.05,0.0,0,0,Orgânico,Pix,,Concluída,34,180,RJ,Duque de Caxias
MLB2026-000659,2026-03-23,CAP-GA55-SUP,Capa Galaxy A55 com Suporte e Anel,Com Suporte,Preto,1,35.9,35.9,16.68,19.22,53.5,0.0,0.0,0.0,0.0,0,0,Orgânico,Pix,,Concluída,25,73,SP,São Bernardo do Campo
MLB2026-000660,2026-03-23,CAP-RN14-AGU,Capa Redmi Note 14 À Prova d'Água,À Prova d'Água,Azul,1,54.9,54.9,25.89,29.01,52.8,0.0,0.0,0.0,0.0,0,0,Orgânico,Cartão de crédito,6,Concluída,20,65,SP,Campinas
MLB2026-000661,2026-03-23,CAP-GS25-SIL,Capa Galaxy S25 Ultra Silicone MagSafe,MagSafe,Preto,1,54.9,54.9,24.45,28.0,51.0,0.0,0.0,0.0,2.45,1584,17,Anúncios,Cartão de débito,,Concluída,6,16,ES,Serra
MLB2026-000662,2026-03-23,CAP-RN14-PLU,Capa Redmi Note 14 Pelúcia,Pelúcia,Rosa,1,32.9,32.9,13.87,6.47,19.7,12.9,9.03,0.0,3.53,2260,57,Anúncios,Pix,,Enviada,9,34,RS,Pelotas
MLB2026-000663,2026-03-23,CAP-GS24-COU,Capa Galaxy S24 Couro Premium,Couro,Preto,1,64.9,64.9,29.96,34.94,53.8,0.0,0.0,0.0,0.0,0,0,Orgânico,Pix,,Concluída,22,182,SP,São Bernardo do Campo
MLB2026-000664,2026-03-23,CAP-IP13-MAG,Capa iPhone 13 Silicone MagSafe,MagSafe,Branco,1,44.9,44.9,20.92,23.98,53.4,0.0,0.0,0.0,0.0,0,0,Orgânico,Cartão de débito,,Devolvida,42,19,RJ,Niterói
MLB2026-000665,2026-03-23,CAP-R12-SUP,Capa realme 12 com Suporte,Com Suporte,Cinza,1,33.9,33.9,12.87,21.03,62.0,0.0,0.0,0.0,0.0,0,0,Orgânico,Pix,,Concluída,7,211,MG,Contagem
MLB2026-000666,2026-03-23,CAP-R12-SUP,Capa realme 12 com Suporte,Com Suporte,Cinza,1,33.9,33.9,16.6,15.66,46.2,0.0,0.0,0.0,1.64,1334,39,Anúncios,Pix,,Devolvida,7,210,SP,Guarulhos
MLB2026-000667,2026-03-23,CAP-GA54-SIL,Capa Galaxy A54 Silicone Vermelho,Silicone,Vermelho,1,18.9,18.9,7.6,-1.99,-10.5,12.9,9.03,0.0,4.26,316,8,Anúncios,Boleto,,Concluída,18,193,SP,Campinas
MLB2026-000668,2026-03-23,CAP-GA54-SIL,Capa Galaxy A54 Silicone Vermelho,Silicone,Vermelho,1,18.9,18.9,7.7,2.17,11.5,12.9,9.03,0.0,0.0,0,0,Orgânico,Pix,,Concluída,18,192,SC,Chapecó
MLB2026-000669,2026-03-23,CAP-R13C-SIL,Capa Redmi 13C Silicone Azul,Silicone,Azul,1,17.9,17.9,7.13,-3.16,-17.7,19.9,13.93,0.0,0.0,0,0,Orgânico,Cartão de crédito,9,Concluída,25,45,GO,Anápolis
MLB2026-000670,2026-03-24,CAP-IP16-MAG,Capa iPhone 16 Silicone com MagSafe,MagSafe,Azul,1,49.9,49.9,21.05,28.85,57.8,0.0,0.0,0.0,0.0,0,0,Orgânico,Pix,,Enviada,19,150,MG,Contagem
MLB2026-000671,2026-03-24,CAP-IP13-SIL,Capa iPhone 13 Silicone Colorida,Silicone,Rosa,1,21.9,21.9,10.84,-4.46,-20.4,19.9,13.93,1.59,0.0,0,0,Orgânico,Cartão de débito,,Cancelada,26,221,SC,Florianópolis
MLB2026-000672,2026-03-24,CAP-IP12-TPU,Capa iPhone 12 TPU Transparente,TPU,Transparente,2,16.9,33.8,12.28,7.84,23.2,12.9,9.03,4.65,0.0,0,0,Orgânico,Pix,,Concluída,8,52,RJ,Duque de Caxias
MLB2026-000673,2026-03-24,CAP-IP12-TPU,Capa iPhone 12 TPU Transparente,TPU,Transparente,1,16.9,16.9,6.37,-3.4,-20.1,19.9,13.93,0.0,0.0,0,0,Orgânico,Boleto,,Concluída,8,51,SC,Florianópolis
MLB2026-000674,2026-03-24,CAP-IP11-SIL,Capinha iPhone 11 Silicone Antichoque,Silicone,Preto,1,15.9,15.9,6.57,-4.6,-28.9,19.9,13.93,0.0,0.0,0,0,Orgânico,Cartão de débito,,Concluída,12,42,PA,Ananindeua
MLB2026-000675,2026-03-24,CAP-IP11-SIL,Capinha iPhone 11 Silicone Antichoque,Silicone,Preto,1,15.9,15.9,6.61,-4.64,-29.2,19.9,13.93,0.0,0.0,0,0,Orgânico,Pix,,Concluída,12,41,SC,Blumenau
MLB2026-000676,2026-03-24,CAP-GA55-SIL,Capa Galaxy A55 Silicone Fosca,Silicone,Verde,1,22.9,22.9,9.42,-0.6,-2.6,19.9,13.93,0.15,0.0,0,0,Orgânico,Pix,,Concluída,83,134,AM,Parintins
MLB2026-000677,2026-03-24,CAP-GA55-CRI,Capa Galaxy A55 Cristal Ultra Fino,Cristal,Transparente,1,26.9,26.9,9.99,7.88,29.3,12.9,9.03,0.0,0.0,0,0,Orgânico,Pix,,Concluída,54,113,SP,São Paulo
MLB2026-000678,2026-03-24,CAP-GA56-MAG,Capa Galaxy A56 com MagSafe,MagSafe,Roxo,1,47.9,47.9,18.33,27.33,57.1,0.0,0.0,0.0,2.24,2855,20,Anúncios,Cartão de crédito,,Enviada,47,79,PE,Caruaru
MLB2026-000679,2026-03-24,CAP-GS24-SIL,Capa Galaxy S24 Silicone com Anel,Silicone,Azul,1,29.9,29.9,12.02,0.2,0.7,19.9,13.93,0.0,3.75,1942,42,Anúncios,Cartão de crédito,3,Concluída,67,144,PR,Cascavel
MLB2026-000680,2026-03-24,CAP-GS24-SIL,Capa Galaxy S24 Silicone com Anel,Silicone,Azul,2,29.9,59.8,23.98,35.82,59.9,0.0,0.0,0.0,0.0,0,0,Orgânico,Pix,,Concluída,67,142,PR,Cascavel
MLB2026-000681,2026-03-24,CAP-GS24-SIL,Capa Galaxy S24 Silicone com Anel,Silicone,Azul,1,29.9,29.9,11.62,9.25,30.9,12.9,9.03,0.0,0.0,0,0,Orgânico,Boleto,,Concluída,67,141,SP,Campinas
MLB2026-000682,2026-03-24,CAP-RN14-SIL,Capa Redmi Note 14 Silicone,Silicone,Preto,1,18.9,18.9,7.21,2.66,14.1,12.9,9.03,0.0,0.0,0,0,Orgânico,Cartão de crédito,6,Concluída,68,116,RJ,Niterói
MLB2026-000683,2026-03-24,CAP-RN13-SUP,Capa Redmi Note 13 com Suporte,Com Suporte,Preto,1,32.9,32.9,12.86,11.01,33.5,12.9,9.03,0.0,0.0,0,0,Orgânico,Pix,,Concluída,16,181,MG,Uberlândia
MLB2026-000684,2026-03-24,CAP-MG85-SIL,Capa Moto G85 Silicone Azul,Silicone,Azul,1,19.9,19.9,8.44,-6.88,-34.6,19.9,13.93,0.0,4.41,3488,17,Anúncios,Cartão de crédito,12,Concluída,19,197,CE,Fortaleza
MLB2026-000685,2026-03-24,CAP-IP15-PLU,Capa iPhone 15 Pelúcia Colorida,Pelúcia,Rosa,1,39.9,39.9,18.01,7.96,19.9,19.9,13.93,0.0,0.0,0,0,Orgânico,Cartão de crédito,9,Concluída,26,142,ES,Vitória
MLB2026-000686,2026-03-24,CAP-GA55-SUP,Capa Galaxy A55 com Suporte e Anel,Com Suporte,Preto,2,35.9,71.8,34.7,37.1,51.7,0.0,0.0,0.0,0.0,0,0,Orgânico,Cartão de crédito,6,Concluída,9,71,AM,Parintins
MLB2026-000687,2026-03-24,CAP-IP16-CRI,Capa iPhone 16 Cristal Espelhada,Cristal,Prata,2,37.9,75.8,33.3,41.08,54.2,0.0,0.0,0.0,1.42,2778,34,Anúncios,Boleto,,Concluída,7,159,PR,Curitiba
MLB2026-000688,2026-03-24,CAP-IP16-CRI,Capa iPhone 16 Cristal Espelhada,Cristal,Prata,1,37.9,37.9,15.8,8.17,21.6,19.9,13.93,0.0,0.0,0,0,Orgânico,Pix,,Concluída,7,158,PR,Maringá
MLB2026-000689,2026-03-24,CAP-IP16-PLU,Capa iPhone 16 Pelúcia Colorida,Pelúcia,Verde,1,41.9,41.9,17.31,22.5,53.7,0.0,0.0,2.09,0.0,0,0,Orgânico,Pix,,Devolvida,11,67,RJ,Rio de Janeiro
MLB2026-000690,2026-03-25,CAP-IP15-SIL,Capa de Celular iPhone 15 Silicone Fosca,Silicone,Preto,1,24.9,24.9,11.24,-0.27,-1.1,19.9,13.93,0.0,0.0,0,0,Orgânico,Pix,,Devolvida,58,56,SP,Campinas
MLB2026-000691,2026-03-25,CAP-IP16-MAG,Capa iPhone 16 Silicone com MagSafe,MagSafe,Azul,1,49.9,49.9,19.35,30.55,61.2,0.0,0.0,0.0,0.0,0,0,Orgânico,Pix,,Concluída,76,149,RJ,Rio de Janeiro
MLB2026-000692,2026-03-25,CAP-IP14-COU,Capa iPhone 14 Couro Sintético Premium,Couro,Marrom,1,44.9,44.9,20.47,23.52,52.4,0.0,0.0,0.0,0.91,660,4,Anúncios,Cartão de crédito,6,Concluída,47,111,ES,Vila Velha
MLB2026-000693,2026-03-25,CAP-IP14-COU,Capa iPhone 14 Couro Sintético Premium,Couro,Marrom,1,44.9,44.9,20.05,24.85,55.3,0.0,0.0,0.0,0.0,0,0,Orgânico,Pix,,Concluída,47,110,BA,Salvador
MLB2026-000694,2026-03-25,CAP-IP14-COU,Capa iPhone 14 Couro Sintético Premium,Couro,Marrom,1,44.9,44.9,16.71,28.19,62.8,0.0,0.0,0.0,0.0,0,0,Orgânico,Pix,,Concluída,47,109,SP,Guarulhos
MLB2026-000695,2026-03-25,CAP-IP13-SIL,Capa iPhone 13 Silicone Colorida,Silicone,Rosa,1,21.9,21.9,9.75,3.12,14.2,12.9,9.03,0.0,0.0,0,0,Orgânico,Pix,,Concluída,86,220,SC,Florianópolis
MLB2026-000696,2026-03-25,CAP-R11-PLU,Capa realme 11 Pelúcia Fofinha,Pelúcia,Rosa,1,34.9,34.9,12.54,22.36,64.1,0.0,0.0,0.0,0.0,0,0,Orgânico,Cartão de crédito,9,Concluída,16,83,SP,Guarulhos
MLB2026-000697,2026-03-25,CAP-MG84-TPU,Capa Moto G84 TPU Transparente,TPU,Transparente,1,15.9,15.9,7.24,-0.37,-2.3,12.9,9.03,0.0,0.0,0,0,Orgânico,Boleto,,Concluída,19,157,SP,São Paulo
MLB2026-000698,2026-03-25,CAP-MG84-TPU,Capa Moto G84 TPU Transparente,TPU,Transparente,1,15.9,15.9,7.3,7.47,47.0,0.0,0.0,0.0,1.13,2224,27,Anúncios,Cartão de crédito,,Enviada,19,156,PR,Londrina
MLB2026-000699,2026-03-25,CAP-GA55-SUP,Capa Galaxy A55 com Suporte e Anel,Com Suporte,Preto,2,35.9,71.8,33.0,29.77,41.5,12.9,9.03,0.0,0.0,0,0,Orgânico,Cartão de crédito,,Concluída,20,69,SP,Guarulhos
MLB2026-000700,2026-03-25,CAP-IP16-CRI,Capa iPhone 16 Cristal Espelhada,Cristal,Prata,1,37.9,37.9,13.85,24.05,63.5,0.0,0.0,0.0,0.0,0,0,Orgânico,Cartão de crédito,,Concluída,40,157,SP,São Paulo
MLB2026-000701,2026-03-25,CAP-MG84-SUP,Capa Moto G84 com Suporte,Com Suporte,Preto,1,29.9,29.9,10.62,19.28,64.5,0.0,0.0,0.0,0.0,0,0,Orgânico,Pix,,Concluída,7,181,MA,Imperatriz
MLB2026-000702,2026-03-25,CAP-IP16-PLU,Capa iPhone 16 Pelúcia Colorida,Pelúcia,Verde,3,41.9,125.7,50.13,66.54,52.9,12.9,9.03,0.0,0.0,0,0,Orgânico,Pix,,Concluída,16,64,BA,Vitória da Conquista
MLB2026-000703,2026-03-25,CAP-IP16-PLU,Capa iPhone 16 Pelúcia Colorida,Pelúcia,Verde,1,41.9,41.9,16.78,25.12,60.0,0.0,0.0,0.0,0.0,0,0,Orgânico,Pix,,Devolvida,16,63,MG,Contagem
MLB2026-000704,2026-03-25,CAP-GA56-CRI,Capa Galaxy A56 Cristal Espelhada,Cristal,Prata,1,34.9,34.9,14.34,6.63,19.0,19.9,13.93,0.0,0.0,0,0,Orgânico,Cartão de crédito,12,Concluída,6,115,PR,Curitiba
MLB2026-000705,2026-03-25,CAP-R12-SUP,Capa realme 12 com Suporte,Com Suporte,Cinza,1,33.9,33.9,15.83,6.88,20.3,12.9,9.03,0.0,2.16,3461,52,Anúncios,Pix,,Concluída,9,209,SP,Osasco
MLB2026-000706,2026-03-26,CAP-IP15-CRI,Capa iPhone 15 Acrílico Cristal Transparente,Cristal,Transparente,1,29.9,29.9,14.35,-0.08,-0.3,19.9,13.93,1.7,0.0,0,0,Orgânico,Boleto,,Concluída,79,17,RJ,Duque de Caxias
MLB2026-000707,2026-03-26,CAP-IP13-SIL,Capa iPhone 13 Silicone Colorida,Silicone,Rosa,1,21.9,21.9,10.69,-2.17,-9.9,12.9,9.03,4.35,0.0,0,0,Orgânico,Pix,,Concluída,77,219,SP,Campinas
MLB2026-000708,2026-03-26,CAP-IP11-SIL,Capinha iPhone 11 Silicone Antichoque,Silicone,Preto,1,15.9,15.9,7.36,-3.51,-22.1,12.9,9.03,0.0,3.02,471,6,Anúncios,Pix,,Concluída,27,40,CE,Fortaleza
MLB2026-000709,2026-03-26,CAP-GS25-COU,Capa Galaxy S25 Ultra Couro Premium,Couro,Marrom,1,69.9,69.9,27.86,38.13,54.5,0.0,0.0,3.91,0.0,0,0,Orgânico,Pix,,Concluída,24,162,RJ,Campos dos Goytacazes
MLB2026-000710,2026-03-26,CAP-GS25-COU,Capa Galaxy S25 Ultra Couro Premium,Couro,Marrom,1,69.9,69.9,31.71,38.19,54.6,0.0,0.0,0.0,0.0,0,0,Orgânico,Boleto,,Concluída,24,161,SP,São Paulo
MLB2026-000711,2026-03-26,CAP-GS23-TPU,Capa Galaxy S23 TPU Camuflada,TPU,Camuflado,1,19.9,19.9,9.67,-1.23,-6.2,12.9,9.03,0.0,2.43,2342,51,Anúncios,Boleto,,Concluída,29,197,MG,Belo Horizonte
MLB2026-000712,2026-03-26,CAP-RN14-SIL,Capa Redmi Note 14 Silicone,Silicone,Preto,2,18.9,37.8,16.56,4.02,10.6,19.9,13.93,0.0,3.29,3221,32,Anúncios,Pix,,Concluída,15,114,GO,Anápolis
MLB2026-000713,2026-03-26,CAP-RN13-TPU,Capa Redmi Note 13 TPU Cristal,TPU,Transparente,1,14.9,14.9,6.07,8.83,59.3,0.0,0.0,0.0,0.0,0,0,Orgânico,Pix,,Concluída,42,211,SP,Campinas
MLB2026-000714,2026-03-26,CAP-RN13-TPU,Capa Redmi Note 13 TPU Cristal,TPU,Transparente,1,14.9,14.9,5.49,-8.74,-58.7,19.9,13.93,0.0,4.22,2647,16,Anúncios,Pix,,Concluída,42,210,SP,Guarulhos
MLB2026-000715,2026-03-26,CAP-R12-SIL,Capa realme 12 Silicone Fosca,Silicone,Branco,1,20.9,20.9,9.87,-1.72,-8.2,12.9,9.03,0.0,3.72,3134,14,Anúncios,Pix,,Concluída,41,179,SP,Guarulhos
MLB2026-000716,2026-03-26,CAP-MG84-TPU,Capa Moto G84 TPU Transparente,TPU,Transparente,1,15.9,15.9,5.65,-2.48,-15.6,12.9,9.03,0.0,3.7,2078,23,Anúncios,Cartão de crédito,,Concluída,13,155,SP,Guarulhos
MLB2026-000717,2026-03-26,CAP-MG84-TPU,Capa Moto G84 TPU Transparente,TPU,Transparente,2,15.9,31.8,12.88,9.89,31.1,12.9,9.03,0.0,0.0,0,0,Orgânico,Cartão de crédito,12,Concluída,13,153,RJ,Campos dos Goytacazes
MLB2026-000718,2026-03-26,CAP-IP16-CRI,Capa iPhone 16 Cristal Espelhada,Cristal,Prata,1,37.9,37.9,17.52,4.58,12.1,19.9,13.93,0.0,1.87,3373,87,Anúncios,Cartão de crédito,6,Cancelada,34,156,PE,Recife
MLB2026-000719,2026-03-26,CAP-GS25-SIL,Capa Galaxy S25 Ultra Silicone MagSafe,MagSafe,Preto,1,54.9,54.9,20.99,30.45,55.5,0.0,0.0,0.0,3.46,2083,51,Anúncios,Pix,,Concluída,43,15,SP,Campinas
MLB2026-000720,2026-03-26,CAP-GA56-CRI,Capa Galaxy A56 Cristal Espelhada,Cristal,Prata,1,34.9,34.9,16.62,15.95,45.7,0.0,0.0,0.0,2.33,399,5,Anúncios,Pix,,Concluída,5,114,PR,Curitiba
MLB2026-000721,2026-03-26,CAP-GS24-COU,Capa Galaxy S24 Couro Premium,Couro,Preto,1,64.9,64.9,29.93,34.97,53.9,0.0,0.0,0.0,0.0,0,0,Orgânico,Pix,,Concluída,10,181,PE,Petrolina
MLB2026-000722,2026-03-26,CAP-GS24-COU,Capa Galaxy S24 Couro Premium,Couro,Preto,1,64.9,64.9,30.19,33.16,51.1,0.0,0.0,0.0,1.55,2124,34,Anúncios,Cartão de crédito,9,Concluída,10,180,MG,Juiz de Fora
MLB2026-000723,2026-03-26,CAP-IP13-MAG,Capa iPhone 13 Silicone MagSafe,MagSafe,Branco,1,44.9,44.9,16.06,26.18,58.3,0.0,0.0,0.0,2.66,624,18,Anúncios,Boleto,,Concluída,12,18,SP,São Bernardo do Campo
MLB2026-000724,2026-03-26,CAP-R12-SUP,Capa realme 12 com Suporte,Com Suporte,Cinza,1,33.9,33.9,14.18,5.79,17.1,19.9,13.93,0.0,0.0,0,0,Orgânico,Cartão de crédito,,Concluída,9,208,MG,Uberlândia
MLB2026-000725,2026-03-26,CAP-MG85-TPU,Capa Moto G85 TPU Cinza,TPU,Cinza,1,16.9,16.9,6.71,-5.44,-32.2,19.9,13.93,0.0,1.7,2171,17,Anúncios,Pix,,Concluída,44,37,RJ,Rio de Janeiro
MLB2026-000726,2026-03-27,CAP-IP15-SIL,Capa de Celular iPhone 15 Silicone Fosca,Silicone,Preto,1,24.9,24.9,10.71,5.16,20.7,12.9,9.03,0.0,0.0,0,0,Orgânico,Pix,,Concluída,72,55,MG,Juiz de Fora
MLB2026-000727,2026-03-27,CAP-IP15-CRI,Capa iPhone 15 Acrílico Cristal Transparente,Cristal,Transparente,1,29.9,29.9,13.69,4.28,14.3,12.9,9.03,0.0,2.9,2739,24,Anúncios,Pix,,Concluída,80,16,BA,Feira de Santana
MLB2026-000728,2026-03-27,CAP-IP13-SIL,Capa iPhone 13 Silicone Colorida,Silicone,Rosa,1,21.9,21.9,9.79,1.05,4.8,12.9,9.03,0.0,2.03,1752,26,Anúncios,Pix,,Concluída,24,218,BA,Feira de Santana
MLB2026-000729,2026-03-27,CAP-IP13-SIL,Capa iPhone 13 Silicone Colorida,Silicone,Rosa,1,21.9,21.9,8.61,-0.64,-2.9,19.9,13.93,0.0,0.0,0,0,Orgânico,Cartão de débito,,Concluída,24,217,RJ,Niterói
MLB2026-000730,2026-03-27,CAP-IP11-SIL,Capinha iPhone 11 Silicone Antichoque,Silicone,Preto,2,15.9,31.8,12.18,10.59,33.3,12.9,9.03,0.0,0.0,0,0,Orgânico,Pix,,Cancelada,16,38,MG,Juiz de Fora
MLB2026-000731,2026-03-27,CAP-GA55-SIL,Capa Galaxy A55 Silicone Fosca,Silicone,Verde,1,22.9,22.9,8.2,14.7,64.2,0.0,0.0,0.0,0.0,0,0,Orgânico,Pix,,Concluída,111,133,SP,São Paulo
MLB2026-000732,2026-03-27,CAP-GS25-COU,Capa Galaxy S25 Ultra Couro Premium,Couro,Marrom,1,69.9,69.9,32.12,37.78,54.0,0.0,0.0,0.0,0.0,0,0,Orgânico,Cartão de débito,,Concluída,11,160,SP,São Bernardo do Campo
MLB2026-000733,2026-03-27,CAP-GS24-SIL,Capa Galaxy S24 Silicone com Anel,Silicone,Azul,1,29.9,29.9,13.82,13.44,44.9,0.0,0.0,0.0,2.64,501,3,Anúncios,Pix,,Concluída,46,140,BA,Vitória da Conquista
MLB2026-000734,2026-03-27,CAP-RN13-TPU,Capa Redmi Note 13 TPU Cristal,TPU,Transparente,1,14.9,14.9,7.24,-6.27,-42.1,19.9,13.93,0.0,0.0,0,0,Orgânico,Pix,,Concluída,26,209,GO,Goiânia
MLB2026-000735,2026-03-27,CAP-RN13-TPU,Capa Redmi Note 13 TPU Cristal,TPU,Transparente,1,14.9,14.9,6.56,-5.59,-37.5,19.9,13.93,0.0,0.0,0,0,Orgânico,Cartão de débito,,Concluída,26,208,SP,Campinas
MLB2026-000736,2026-03-27,CAP-GA55-SUP,Capa Galaxy A55 com Suporte e Anel,Com Suporte,Preto,1,35.9,35.9,14.86,10.66,29.7,12.9,9.03,0.0,1.35,668,9,Anúncios,Pix,,Concluída,10,68,DF,Ceilândia
MLB2026-000737,2026-03-27,CAP-IP16-CRI,Capa iPhone 16 Cristal Espelhada,Cristal,Prata,1,37.9,37.9,17.65,6.32,16.7,19.9,13.93,0.0,0.0,0,0,Orgânico,Pix,,Concluída,26,155,SP,Guarulhos
MLB2026-000738,2026-03-27,CAP-GS25-SIL,Capa Galaxy S25 Ultra Silicone MagSafe,MagSafe,Preto,1,54.9,54.9,21.61,30.87,56.2,0.0,0.0,0.0,2.42,1575,23,Anúncios,Pix,,Concluída,26,14,SP,Guarulhos
MLB2026-000739,2026-03-27,CAP-GS25-SIL,Capa Galaxy S25 Ultra Silicone MagSafe,MagSafe,Preto,1,54.9,54.9,25.23,29.67,54.0,0.0,0.0,0.0,0.0,0,0,Orgânico,Pix,,Enviada,26,13,BA,Salvador
MLB2026-000740,2026-03-27,CAP-RN14-PLU,Capa Redmi Note 14 Pelúcia,Pelúcia,Rosa,1,32.9,32.9,13.61,15.33,46.6,0.0,0.0,0.0,3.96,524,2,Anúncios,Pix,,Concluída,10,33,PA,Ananindeua
MLB2026-000741,2026-03-27,CAP-RN14-PLU,Capa Redmi Note 14 Pelúcia,Pelúcia,Rosa,1,32.9,32.9,14.74,9.13,27.8,12.9,9.03,0.0,0.0,0,0,Orgânico,Pix,,Concluída,10,32,CE,Juazeiro do Norte
MLB2026-000742,2026-03-27,CAP-RN14-PLU,Capa Redmi Note 14 Pelúcia,Pelúcia,Rosa,1,32.9,32.9,13.07,1.82,5.5,19.9,13.93,0.0,4.08,2528,58,Anúncios,Pix,,Concluída,10,31,SP,São Bernardo do Campo
MLB2026-000743,2026-03-27,CAP-IP15-AGU,Capa iPhone 15 À Prova d'Água,À Prova d'Água,Preto,3,57.9,173.7,81.78,91.92,52.9,0.0,0.0,0.0,0.0,0,0,Orgânico,Boleto,,Concluída,13,107,AM,Manaus
MLB2026-000744,2026-03-27,CAP-GA54-SIL,Capa Galaxy A54 Silicone Vermelho,Silicone,Vermelho,1,18.9,18.9,7.72,-2.75,-14.6,19.9,13.93,0.0,0.0,0,0,Orgânico,Cartão de crédito,,Concluída,21,191,SP,São Bernardo do Campo
MLB2026-000745,2026-03-28,CAP-IP15-CRI,Capa iPhone 15 Acrílico Cristal Transparente,Cristal,Transparente,1,29.9,29.9,10.88,19.02,63.6,0.0,0.0,0.0,0.0,0,0,Orgânico,Cartão de crédito,3,Devolvida,94,15,SP,São Paulo
MLB2026-000746,2026-03-28,CAP-IP16-MAG,Capa iPhone 16 Silicone com MagSafe,MagSafe,Azul,1,49.9,49.9,19.49,26.2,52.5,0.0,0.0,0.0,4.21,1751,36,Anúncios,Cartão de crédito,,Concluída,72,148,GO,Aparecida de Goiânia
MLB2026-000747,2026-03-28,CAP-IP13-SIL,Capa iPhone 13 Silicone Colorida,Silicone,Rosa,1,21.9,21.9,8.2,-0.23,-1.1,19.9,13.93,0.0,0.0,0,0,Orgânico,Cartão de crédito,,Concluída,21,216,RJ,Rio de Janeiro
MLB2026-000748,2026-03-28,CAP-IP13-SIL,Capa iPhone 13 Silicone Colorida,Silicone,Rosa,1,21.9,21.9,8.43,11.44,52.2,0.0,0.0,0.0,2.03,989,23,Anúncios,Pix,,Concluída,21,215,RJ,Campos dos Goytacazes
MLB2026-000749,2026-03-28,CAP-IP12-TPU,Capa iPhone 12 TPU Transparente,TPU,Transparente,1,16.9,16.9,7.87,-2.77,-16.4,12.9,9.03,0.0,2.77,1810,19,Anúncios,Cartão de crédito,,Cancelada,16,50,RS,Canoas
MLB2026-000750,2026-03-28,CAP-IP12-TPU,Capa iPhone 12 TPU Transparente,TPU,Transparente,1,16.9,16.9,6.23,10.67,63.1,0.0,0.0,0.0,0.0,0,0,Orgânico,Pix,,Concluída,16,49,SP,Guarulhos
MLB2026-000751,2026-03-28,CAP-IP11-SIL,Capinha iPhone 11 Silicone Antichoque,Silicone,Preto,1,15.9,15.9,7.09,-3.7,-23.3,12.9,9.03,3.48,0.0,0,0,Orgânico,Cartão de débito,,Concluída,47,37,DF,Ceilândia
MLB2026-000752,2026-03-28,CAP-GA56-MAG,Capa Galaxy A56 com MagSafe,MagSafe,Roxo,1,47.9,47.9,21.86,26.04,54.4,0.0,0.0,0.0,0.0,0,0,Orgânico,Pix,,Concluída,28,78,SP,São Paulo
MLB2026-000753,2026-03-28,CAP-GA56-MAG,Capa Galaxy A56 com MagSafe,MagSafe,Roxo,1,47.9,47.9,19.53,28.37,59.2,0.0,0.0,0.0,0.0,0,0,Orgânico,Pix,,Enviada,28,77,CE,Fortaleza
MLB2026-000754,2026-03-28,CAP-GS24-SIL,Capa Galaxy S24 Silicone com Anel,Silicone,Azul,1,29.9,29.9,13.28,7.59,25.4,12.9,9.03,0.0,0.0,0,0,Orgânico,Pix,,Concluída,17,139,SP,São Paulo
MLB2026-000755,2026-03-28,CAP-RN13-SUP,Capa Redmi Note 13 com Suporte,Com Suporte,Preto,1,32.9,32.9,15.54,-1.2,-3.6,19.9,13.93,1.22,3.41,1682,19,Anúncios,Pix,,Cancelada,4,180,MG,Belo Horizonte
MLB2026-000756,2026-03-28,CAP-RN13-SUP,Capa Redmi Note 13 com Suporte,Com Suporte,Preto,1,32.9,32.9,14.78,3.31,10.1,19.9,13.93,0.0,0.88,2662,60,Anúncios,Cartão de crédito,6,Concluída,4,179,RJ,Campos dos Goytacazes
MLB2026-000757,2026-03-28,CAP-R12-SIL,Capa realme 12 Silicone Fosca,Silicone,Branco,1,20.9,20.9,8.72,-1.75,-8.4,19.9,13.93,0.0,0.0,0,0,Orgânico,Cartão de crédito,,Concluída,79,178,SP,São Paulo
MLB2026-000758,2026-03-28,CAP-R12-SIL,Capa realme 12 Silicone Fosca,Silicone,Branco,3,20.9,62.7,29.16,29.44,47.0,0.0,0.0,0.0,4.1,2234,56,Anúncios,Pix,,Concluída,79,175,MG,Uberlândia
MLB2026-000759,2026-03-28,CAP-R11-PLU,Capa realme 11 Pelúcia Fofinha,Pelúcia,Rosa,1,34.9,34.9,17.32,6.7,19.2,12.9,9.03,1.85,0.0,0,0,Orgânico,Pix,,Enviada,7,82,PE,Recife
MLB2026-000760,2026-03-28,CAP-MG84-TPU,Capa Moto G84 TPU Transparente,TPU,Transparente,1,15.9,15.9,7.82,8.08,50.8,0.0,0.0,0.0,0.0,0,0,Orgânico,Pix,,Concluída,49,152,SP,Osasco
MLB2026-000761,2026-03-28,CAP-ME50-COU,Capa Moto Edge 50 Couro Sintético,Couro,Marrom,1,59.9,59.9,21.46,38.44,64.2,0.0,0.0,0.0,0.0,0,0,Orgânico,Pix,,Concluída,14,62,BA,Salvador
MLB2026-000762,2026-03-28,CAP-GA54-SIL,Capa Galaxy A54 Silicone Vermelho,Silicone,Vermelho,1,18.9,18.9,7.78,-6.09,-32.2,19.9,13.93,0.0,3.28,2154,19,Anúncios,Cartão de crédito,,Concluída,69,190,MA,São Luís
MLB2026-000763,2026-03-29,CAP-IP15-SIL,Capa de Celular iPhone 15 Silicone Fosca,Silicone,Preto,1,24.9,24.9,11.66,-0.69,-2.8,19.9,13.93,0.0,0.0,0,0,Orgânico,Pix,,Concluída,109,54,RS,Canoas
MLB2026-000764,2026-03-29,CAP-IP15-CRI,Capa iPhone 15 Acrílico Cristal Transparente,Cristal,Transparente,2,29.9,59.8,21.46,24.41,40.8,19.9,13.93,0.0,0.0,0,0,Orgânico,Boleto,,Devolvida,140,13,SC,Blumenau
MLB2026-000765,2026-03-29,CAP-IP11-SIL,Capinha iPhone 11 Silicone Antichoque,Silicone,Preto,1,15.9,15.9,7.29,-0.42,-2.6,12.9,9.03,0.0,0.0,0,0,Orgânico,Pix,,Concluída,10,36,RJ,Campos dos Goytacazes
MLB2026-000766,2026-03-29,CAP-IP11-SIL,Capinha iPhone 11 Silicone Antichoque,Silicone,Preto,1,15.9,15.9,7.92,-1.05,-6.6,12.9,9.03,0.0,0.0,0,0,Orgânico,Boleto,,Concluída,10,35,CE,Juazeiro do Norte
MLB2026-000767,2026-03-29,CAP-GA55-CRI,Capa Galaxy A55 Cristal Ultra Fino,Cristal,Transparente,1,26.9,26.9,10.51,2.3,8.6,19.9,13.93,0.16,0.0,0,0,Orgânico,Cartão de crédito,12,Concluída,103,112,SC,Blumenau
MLB2026-000768,2026-03-29,CAP-GA54-TPU,Capa Galaxy A54 TPU Antirrisco,TPU,Cinza,1,15.9,15.9,7.49,-5.52,-34.7,19.9,13.93,0.0,0.0,0,0,Orgânico,Pix,,Concluída,39,164,MG,Uberlândia
MLB2026-000769,2026-03-29,CAP-RN14-SIL,Capa Redmi Note 14 Silicone,Silicone,Preto,1,18.9,18.9,7.77,-2.8,-14.8,19.9,13.93,0.0,0.0,0,0,Orgânico,Cartão de crédito,,Concluída,83,113,PA,Belém
MLB2026-000770,2026-03-29,CAP-RN14-SIL,Capa Redmi Note 14 Silicone,Silicone,Preto,1,18.9,18.9,8.08,8.99,47.6,0.0,0.0,0.0,1.83,2844,48,Anúncios,Cartão de crédito,,Pendente,83,112,DF,Ceilândia
MLB2026-000771,2026-03-29,CAP-RN14-SIL,Capa Redmi Note 14 Silicone,Silicone,Preto,1,18.9,18.9,8.89,-5.36,-28.4,19.9,13.93,0.0,1.44,1390,35,Anúncios,Cartão de crédito,6,Concluída,83,111,MG,Juiz de Fora
MLB2026-000772,2026-03-29,CAP-MG85-SIL,Capa Moto G85 Silicone Azul,Silicone,Azul,1,19.9,19.9,7.81,-1.84,-9.2,19.9,13.93,0.0,0.0,0,0,Orgânico,Cartão de crédito,3,Concluída,48,196,SP,Osasco
MLB2026-000773,2026-03-29,CAP-GA55-SUP,Capa Galaxy A55 com Suporte e Anel,Com Suporte,Preto,2,35.9,71.8,29.28,33.49,46.6,12.9,9.03,0.0,0.0,0,0,Orgânico,Cartão de crédito,,Concluída,24,66,MG,Belo Horizonte
MLB2026-000774,2026-03-29,CAP-IP16-CRI,Capa iPhone 16 Cristal Espelhada,Cristal,Prata,1,37.9,37.9,15.15,13.72,36.2,12.9,9.03,0.0,0.0,0,0,Orgânico,Cartão de crédito,12,Devolvida,15,154,SC,Blumenau
MLB2026-000775,2026-03-29,CAP-IP16-CRI,Capa iPhone 16 Cristal Espelhada,Cristal,Prata,1,37.9,37.9,15.28,11.82,31.2,12.9,9.03,0.0,1.77,1386,31,Anúncios,Pix,,Concluída,15,153,SP,São Bernardo do Campo
MLB2026-000776,2026-03-29,CAP-GS25-SIL,Capa Galaxy S25 Ultra Silicone MagSafe,MagSafe,Preto,1,54.9,54.9,22.53,32.37,59.0,0.0,0.0,0.0,0.0,0,0,Orgânico,Cartão de crédito,6,Concluída,29,12,PE,Olinda
MLB2026-000777,2026-03-29,CAP-GS24-COU,Capa Galaxy S24 Couro Premium,Couro,Preto,2,64.9,129.8,62.18,67.62,52.1,0.0,0.0,0.0,0.0,0,0,Orgânico,Pix,,Concluída,51,178,BA,Feira de Santana
MLB2026-000778,2026-03-29,CAP-IP15-AGU,Capa iPhone 15 À Prova d'Água,À Prova d'Água,Preto,1,57.9,57.9,20.79,32.3,55.8,0.0,0.0,3.74,1.07,2492,52,Anúncios,Cartão de crédito,9,Cancelada,23,106,SP,Guarulhos
MLB2026-000779,2026-03-29,CAP-R13C-SIL,Capa Redmi 13C Silicone Azul,Silicone,Azul,1,17.9,17.9,8.35,3.49,19.5,0.0,0.0,2.88,3.18,2328,40,Anúncios,Pix,,Concluída,31,44,SC,Blumenau
MLB2026-000780,2026-03-30,CAP-IP15-CRI,Capa iPhone 15 Acrílico Cristal Transparente,Cristal,Transparente,1,29.9,29.9,12.65,14.85,49.7,0.0,0.0,0.56,1.84,1278,20,Anúncios,Boleto,,Concluída,64,12,DF,Brasília
MLB2026-000781,2026-03-30,CAP-GA55-CRI,Capa Galaxy A55 Cristal Ultra Fino,Cristal,Transparente,1,26.9,26.9,12.23,0.74,2.8,19.9,13.93,0.0,0.0,0,0,Orgânico,Pix,,Concluída,32,111,SP,São Paulo
MLB2026-000782,2026-03-30,CAP-GA55-CRI,Capa Galaxy A55 Cristal Ultra Fino,Cristal,Transparente,3,26.9,80.7,32.52,35.14,43.5,12.9,9.03,0.0,4.01,2816,56,Anúncios,Pix,,Concluída,32,108,PR,Maringá
MLB2026-000783,2026-03-30,CAP-GS24-SIL,Capa Galaxy S24 Silicone com Anel,Silicone,Azul,1,29.9,29.9,13.19,16.71,55.9,0.0,0.0,0.0,0.0,0,0,Orgânico,Cartão de crédito,9,Concluída,59,138,BA,Feira de Santana
MLB2026-000784,2026-03-30,CAP-GS24-SIL,Capa Galaxy S24 Silicone com Anel,Silicone,Azul,1,29.9,29.9,13.81,13.49,45.1,0.0,0.0,0.0,2.6,1001,21,Anúncios,Boleto,,Concluída,59,137,SP,São Bernardo do Campo
MLB2026-000785,2026-03-30,CAP-GS23-TPU,Capa Galaxy S23 TPU Camuflada,TPU,Camuflado,1,19.9,19.9,9.07,-6.31,-31.7,19.9,13.93,0.0,3.21,743,8,Anúncios,Cartão de crédito,,Concluída,29,196,ES,Vitória
MLB2026-000786,2026-03-30,CAP-RN14-SIL,Capa Redmi Note 14 Silicone,Silicone,Preto,1,18.9,18.9,8.72,-3.75,-19.8,19.9,13.93,0.0,0.0,0,0,Orgânico,Pix,,Concluída,13,110,SP,São Bernardo do Campo
MLB2026-000787,2026-03-30,CAP-RN13-TPU,Capa Redmi Note 13 TPU Cristal,TPU,Transparente,1,14.9,14.9,5.63,-5.61,-37.7,19.9,13.93,0.0,0.95,1711,41,Anúncios,Cartão de crédito,3,Concluída,36,207,SP,Campinas
MLB2026-000788,2026-03-30,CAP-RN13-SUP,Capa Redmi Note 13 com Suporte,Com Suporte,Preto,1,32.9,32.9,12.85,7.17,21.8,12.9,9.03,0.0,3.85,1440,30,Anúncios,Cartão de débito,,Enviada,12,178,CE,Sobral
MLB2026-000789,2026-03-30,CAP-R11-PLU,Capa realme 11 Pelúcia Fofinha,Pelúcia,Rosa,1,34.9,34.9,12.82,13.05,37.4,12.9,9.03,0.0,0.0,0,0,Orgânico,Cartão de crédito,12,Concluída,13,81,SP,São Paulo
MLB2026-000790,2026-03-30,CAP-MG84-TPU,Capa Moto G84 TPU Transparente,TPU,Transparente,1,15.9,15.9,5.87,-3.9,-24.5,19.9,13.93,0.0,0.0,0,0,Orgânico,Pix,,Concluída,31,151,PE,Recife
MLB2026-000791,2026-03-30,CAP-MG84-TPU,Capa Moto G84 TPU Transparente,TPU,Transparente,1,15.9,15.9,7.45,-1.51,-9.5,12.9,9.03,0.0,0.93,2969,18,Anúncios,Pix,,Concluída,31,150,MG,Uberlândia
MLB2026-000792,2026-03-30,CAP-IP16-CRI,Capa iPhone 16 Cristal Espelhada,Cristal,Prata,1,37.9,37.9,14.07,23.83,62.9,0.0,0.0,0.0,0.0,0,0,Orgânico,Boleto,,Concluída,7,152,SP,Guarulhos
MLB2026-000793,2026-03-30,CAP-IP16-CRI,Capa iPhone 16 Cristal Espelhada,Cristal,Prata,1,37.9,37.9,18.26,10.61,28.0,12.9,9.03,0.0,0.0,0,0,Orgânico,Pix,,Concluída,7,151,SP,Campinas
MLB2026-000794,2026-03-30,CAP-MG84-SUP,Capa Moto G84 com Suporte,Com Suporte,Preto,1,29.9,29.9,12.2,8.67,29.0,12.9,9.03,0.0,0.0,0,0,Orgânico,Cartão de crédito,,Concluída,7,180,ES,Serra
MLB2026-000795,2026-03-30,CAP-GA56-CRI,Capa Galaxy A56 Cristal Espelhada,Cristal,Prata,1,34.9,34.9,14.53,3.81,10.9,19.9,13.93,0.0,2.63,2084,52,Anúncios,Pix,,Cancelada,13,113,SC,Joinville
MLB2026-000796,2026-03-30,CAP-GA56-CRI,Capa Galaxy A56 Cristal Espelhada,Cristal,Prata,1,34.9,34.9,15.12,5.85,16.8,19.9,13.93,0.0,0.0,0,0,Orgânico,Cartão de crédito,9,Concluída,13,112,BA,Salvador
MLB2026-000797,2026-03-30,CAP-RN14-PLU,Capa Redmi Note 14 Pelúcia,Pelúcia,Rosa,1,32.9,32.9,15.65,2.16,6.6,19.9,13.93,1.16,0.0,0,0,Orgânico,Pix,,Concluída,15,30,SP,São Bernardo do Campo
MLB2026-000798,2026-03-30,CAP-RN14-PLU,Capa Redmi Note 14 Pelúcia,Pelúcia,Rosa,2,32.9,65.8,23.46,42.34,64.3,0.0,0.0,0.0,0.0,0,0,Orgânico,Pix,,Concluída,15,28,SP,Campinas
MLB2026-000799,2026-03-30,CAP-GA54-SIL,Capa Galaxy A54 Silicone Vermelho,Silicone,Vermelho,3,18.9,56.7,24.75,22.92,40.4,12.9,9.03,0.0,0.0,0,0,Orgânico,Cartão de crédito,9,Concluída,44,187,SP,Campinas
MLB2026-000800,2026-03-30,CAP-GA54-SIL,Capa Galaxy A54 Silicone Vermelho,Silicone,Vermelho,1,18.9,18.9,9.05,-3.26,-17.2,12.9,9.03,0.0,4.08,1233,25,Anúncios,Pix,,Concluída,44,186,BA,Salvador
MLB2026-000801,2026-03-30,CAP-R13C-SIL,Capa Redmi 13C Silicone Azul,Silicone,Azul,1,17.9,17.9,7.68,10.22,57.1,0.0,0.0,0.0,0.0,0,0,Orgânico,Cartão de crédito,,Concluída,16,43,ES,Serra
MLB2026-000802,2026-03-31,CAP-IP16-MAG,Capa iPhone 16 Silicone com MagSafe,MagSafe,Azul,1,49.9,49.9,22.68,27.22,54.5,0.0,0.0,0.0,0.0,0,0,Orgânico,Cartão de crédito,,Cancelada,117,147,PA,Ananindeua
MLB2026-000803,2026-03-31,CAP-IP14-COU,Capa iPhone 14 Couro Sintético Premium,Couro,Marrom,1,44.9,44.9,17.65,27.25,60.7,0.0,0.0,0.0,0.0,0,0,Orgânico,Pix,,Concluída,29,108,SP,Campinas
MLB2026-000804,2026-03-31,CAP-IP14-COU,Capa iPhone 14 Couro Sintético Premium,Couro,Marrom,1,44.9,44.9,19.41,25.49,56.8,0.0,0.0,0.0,0.0,0,0,Orgânico,Cartão de crédito,,Concluída,29,107,GO,Aparecida de Goiânia
MLB2026-000805,2026-03-31,CAP-IP14-COU,Capa iPhone 14 Couro Sintético Premium,Couro,Marrom,1,44.9,44.9,17.27,27.63,61.5,0.0,0.0,0.0,0.0,0,0,Orgânico,Pix,,Concluída,29,106,SP,Campinas
MLB2026-000806,2026-03-31,CAP-IP12-TPU,Capa iPhone 12 TPU Transparente,TPU,Transparente,1,16.9,16.9,8.13,-5.16,-30.5,19.9,13.93,0.0,0.0,0,0,Orgânico,Pix,,Concluída,28,48,SC,Blumenau
MLB2026-000807,2026-03-31,CAP-IP11-SIL,Capinha iPhone 11 Silicone Antichoque,Silicone,Preto,2,15.9,31.8,11.32,4.57,14.4,19.9,13.93,0.0,1.98,2051,58,Anúncios,Pix,,Pendente,42,33,DF,Brasília
MLB2026-000808,2026-03-31,CAP-IP11-SIL,Capinha iPhone 11 Silicone Antichoque,Silicone,Preto,1,15.9,15.9,7.37,-0.5,-3.1,12.9,9.03,0.0,0.0,0,0,Orgânico,Pix,,Concluída,42,32,PR,Curitiba
MLB2026-000809,2026-03-31,CAP-GA56-MAG,Capa Galaxy A56 com MagSafe,MagSafe,Roxo,1,47.9,47.9,21.79,19.6,40.9,0.0,0.0,2.17,4.34,662,5,Anúncios,Cartão de crédito,6,Concluída,29,76,SC,Blumenau
MLB2026-000810,2026-03-31,CAP-GS23-TPU,Capa Galaxy S23 TPU Camuflada,TPU,Camuflado,1,19.9,19.9,9.11,7.71,38.7,0.0,0.0,0.0,3.08,1498,7,Anúncios,Pix,,Concluída,19,195,SP,Osasco
MLB2026-000811,2026-03-31,CAP-RN14-SIL,Capa Redmi Note 14 Silicone,Silicone,Preto,1,18.9,18.9,8.28,-4.75,-25.1,19.9,13.93,0.0,1.44,388,11,Anúncios,Pix,,Concluída,40,109,DF,Ceilândia
MLB2026-000812,2026-03-31,CAP-RN13-TPU,Capa Redmi Note 13 TPU Cristal,TPU,Transparente,1,14.9,14.9,5.77,-4.8,-32.2,19.9,13.93,0.0,0.0,0,0,Orgânico,Pix,,Concluída,43,206,RJ,Campos dos Goytacazes
MLB2026-000813,2026-03-31,CAP-R12-SIL,Capa realme 12 Silicone Fosca,Silicone,Branco,1,20.9,20.9,8.08,-1.11,-5.3,19.9,13.93,0.0,0.0,0,0,Orgânico,Cartão de crédito,9,Concluída,71,174,ES,Vila Velha
MLB2026-000814,2026-03-31,CAP-IP15-PLU,Capa iPhone 15 Pelúcia Colorida,Pelúcia,Rosa,1,39.9,39.9,15.67,10.3,25.8,19.9,13.93,0.0,0.0,0,0,Orgânico,Cartão de crédito,9,Pendente,37,141,RJ,Rio de Janeiro
MLB2026-000815,2026-03-31,CAP-GA55-SUP,Capa Galaxy A55 com Suporte e Anel,Com Suporte,Preto,1,35.9,35.9,17.49,4.48,12.5,19.9,13.93,0.0,0.0,0,0,Orgânico,Pix,,Concluída,30,65,RJ,Duque de Caxias
MLB2026-000816,2026-03-31,CAP-GA55-SUP,Capa Galaxy A55 com Suporte e Anel,Com Suporte,Preto,1,35.9,35.9,16.72,3.1,8.6,19.9,13.93,0.93,1.22,1149,16,Anúncios,Pix,,Concluída,30,64,SP,São Paulo
MLB2026-000817,2026-03-31,CAP-IP16-CRI,Capa iPhone 16 Cristal Espelhada,Cristal,Prata,1,37.9,37.9,15.91,8.06,21.3,19.9,13.93,0.0,0.0,0,0,Orgânico,Pix,,Concluída,77,150,CE,Sobral
MLB2026-000818,2026-03-31,CAP-R12-CRI,Capa realme 12 Cristal Transparente,Cristal,Transparente,1,24.9,24.9,9.87,6.0,24.1,12.9,9.03,0.0,0.0,0,0,Orgânico,Boleto,,Concluída,14,0,SP,Osasco
MLB2026-000819,2026-03-31,CAP-IP13-MAG,Capa iPhone 13 Silicone MagSafe,MagSafe,Branco,1,44.9,44.9,20.58,24.32,54.2,0.0,0.0,0.0,0.0,0,0,Orgânico,Pix,,Concluída,69,17,PE,Olinda
MLB2026-000820,2026-03-31,CAP-MG85-TPU,Capa Moto G85 TPU Cinza,TPU,Cinza,1,16.9,16.9,6.88,10.02,59.3,0.0,0.0,0.0,0.0,0,0,Orgânico,Pix,,Concluída,24,36,GO,Aparecida de Goiânia
MLB2026-000821,2026-03-31,CAP-R13C-SIL,Capa Redmi 13C Silicone Azul,Silicone,Azul,1,17.9,17.9,7.03,-7.23,-40.4,19.9,13.93,0.0,4.17,2111,62,Anúncios,Cartão de crédito,12,Concluída,15,42,DF,Brasília
MLB2026-000822,2026-03-31,CAP-R13C-SIL,Capa Redmi 13C Silicone Azul,Silicone,Azul,1,17.9,17.9,6.94,8.79,49.1,0.0,0.0,0.0,2.17,781,18,Anúncios,Pix,,Concluída,15,41,SP,Osasco
MLB2026-000823,2026-04-01,CAP-IP15-SIL,Capa de Celular iPhone 15 Silicone Fosca,Silicone,Preto,1,24.9,24.9,10.73,12.1,48.6,0.0,0.0,0.0,2.07,758,10,Anúncios,Cartão de crédito,12,Concluída,60,53,MG,Juiz de Fora
MLB2026-000824,2026-04-01,CAP-IP15-SIL,Capa de Celular iPhone 15 Silicone Fosca,Silicone,Preto,2,24.9,49.8,23.72,26.08,52.4,0.0,0.0,0.0,0.0,0,0,Orgânico,Cartão de crédito,12,Devolvida,60,51,CE,Juazeiro do Norte
MLB2026-000825,2026-04-01,CAP-IP16-MAG,Capa iPhone 16 Silicone com MagSafe,MagSafe,Azul,1,49.9,49.9,23.18,22.39,44.9,0.0,0.0,0.0,4.33,2543,51,Anúncios,Pix,,Concluída,35,146,PR,Maringá
MLB2026-000826,2026-04-01,CAP-GA55-SIL,Capa Galaxy A55 Silicone Fosca,Silicone,Verde,1,22.9,22.9,9.76,0.85,3.7,12.9,9.03,0.0,3.26,2309,64,Anúncios,Cartão de crédito,,Enviada,70,132,PR,Maringá
MLB2026-000827,2026-04-01,CAP-RN14-SIL,Capa Redmi Note 14 Silicone,Silicone,Preto,1,18.9,18.9,7.64,-1.59,-8.4,12.9,9.03,3.82,0.0,0,0,Orgânico,Pix,,Concluída,20,108,RS,Pelotas
MLB2026-000828,2026-04-01,CAP-RN14-SIL,Capa Redmi Note 14 Silicone,Silicone,Preto,1,18.9,18.9,7.22,0.71,3.8,12.9,9.03,0.0,1.94,618,8,Anúncios,Pix,,Concluída,20,107,SP,Guarulhos
MLB2026-000829,2026-04-01,CAP-RN14-SIL,Capa Redmi Note 14 Silicone,Silicone,Preto,1,18.9,18.9,7.62,2.25,11.9,12.9,9.03,0.0,0.0,0,0,Orgânico,Pix,,Concluída,20,106,PR,Londrina
MLB2026-000830,2026-04-01,CAP-R11-PLU,Capa realme 11 Pelúcia Fofinha,Pelúcia,Rosa,1,34.9,34.9,13.12,12.75,36.5,12.9,9.03,0.0,0.0,0,0,Orgânico,Pix,,Concluída,31,80,PE,Recife
MLB2026-000831,2026-04-01,CAP-R11-PLU,Capa realme 11 Pelúcia Fofinha,Pelúcia,Rosa,1,34.9,34.9,15.99,18.91,54.2,0.0,0.0,0.0,0.0,0,0,Orgânico,Pix,,Concluída,31,79,CE,Fortaleza
MLB2026-000832,2026-04-01,CAP-MG85-SIL,Capa Moto G85 Silicone Azul,Silicone,Azul,1,19.9,19.9,8.61,-6.22,-31.3,19.9,13.93,0.0,3.58,1718,8,Anúncios,Pix,,Concluída,13,195,SP,Guarulhos
MLB2026-000833,2026-04-01,CAP-MG85-SIL,Capa Moto G85 Silicone Azul,Silicone,Azul,1,19.9,19.9,8.2,2.67,13.4,12.9,9.03,0.0,0.0,0,0,Orgânico,Cartão de crédito,12,Cancelada,13,194,ES,Vitória
MLB2026-000834,2026-04-01,CAP-GA56-CRI,Capa Galaxy A56 Cristal Espelhada,Cristal,Prata,1,34.9,34.9,13.53,7.44,21.3,19.9,13.93,0.0,0.0,0,0,Orgânico,Pix,,Concluída,57,111,BA,Salvador
MLB2026-000835,2026-04-01,CAP-GA56-CRI,Capa Galaxy A56 Cristal Espelhada,Cristal,Prata,1,34.9,34.9,12.68,22.22,63.7,0.0,0.0,0.0,0.0,0,0,Orgânico,Cartão de crédito,9,Concluída,57,110,PA,Belém
MLB2026-000836,2026-04-01,CAP-GA56-CRI,Capa Galaxy A56 Cristal Espelhada,Cristal,Prata,1,34.9,34.9,13.2,7.77,22.3,19.9,13.93,0.0,0.0,0,0,Orgânico,Pix,,Enviada,57,109,PR,Maringá
MLB2026-000837,2026-04-01,CAP-GS24-COU,Capa Galaxy S24 Couro Premium,Couro,Preto,1,64.9,64.9,25.1,39.8,61.3,0.0,0.0,0.0,0.0,0,0,Orgânico,Pix,,Concluída,24,177,ES,Vila Velha
MLB2026-000838,2026-04-01,CAP-GS24-COU,Capa Galaxy S24 Couro Premium,Couro,Preto,3,64.9,194.7,89.52,104.59,53.7,0.0,0.0,0.59,0.0,0,0,Orgânico,Pix,,Concluída,24,174,SP,Osasco
MLB2026-000839,2026-04-01,CAP-R12-SUP,Capa realme 12 com Suporte,Com Suporte,Cinza,1,33.9,33.9,15.33,6.62,19.5,12.9,9.03,0.0,2.92,2335,17,Anúncios,Cartão de crédito,6,Concluída,11,207,SP,Guarulhos
MLB2026-000840,2026-04-01,CAP-R12-SUP,Capa realme 12 com Suporte,Com Suporte,Cinza,1,33.9,33.9,14.0,1.71,5.0,19.9,13.93,4.26,0.0,0,0,Orgânico,Cartão de crédito,12,Concluída,11,206,MG,Uberlândia
MLB2026-000841,2026-04-01,CAP-R12-SUP,Capa realme 12 com Suporte,Com Suporte,Cinza,1,33.9,33.9,13.1,5.18,15.3,19.9,13.93,0.0,1.69,1014,4,Anúncios,Pix,,Concluída,11,205,PR,Curitiba
MLB2026-000842,2026-04-01,CAP-MG85-TPU,Capa Moto G85 TPU Cinza,TPU,Cinza,1,16.9,16.9,6.94,5.1,30.2,0.0,0.0,4.86,0.0,0,0,Orgânico,Pix,,Concluída,14,35,PR,Curitiba
MLB2026-000843,2026-04-02,CAP-IP15-CRI,Capa iPhone 15 Acrílico Cristal Transparente,Cristal,Transparente,1,29.9,29.9,14.58,15.32,51.2,0.0,0.0,0.0,0.0,0,0,Orgânico,Cartão de crédito,6,Concluída,107,11,GO,Goiânia
MLB2026-000844,2026-04-02,CAP-IP14-COU,Capa iPhone 14 Couro Sintético Premium,Couro,Marrom,1,44.9,44.9,21.73,20.09,44.7,0.0,0.0,0.0,3.08,1365,35,Anúncios,Cartão de crédito,,Concluída,82,105,SP,São Bernardo do Campo
MLB2026-000845,2026-04-02,CAP-IP12-TPU,Capa iPhone 12 TPU Transparente,TPU,Transparente,1,16.9,16.9,7.66,-4.3,-25.4,12.9,9.03,4.51,0.0,0,0,Orgânico,Pix,,Concluída,38,47,RS,Pelotas
MLB2026-000846,2026-04-02,CAP-GA55-SIL,Capa Galaxy A55 Silicone Fosca,Silicone,Verde,1,22.9,22.9,9.73,-0.76,-3.3,19.9,13.93,0.0,0.0,0,0,Orgânico,Pix,,Concluída,76,131,CE,Fortaleza
MLB2026-000847,2026-04-02,CAP-GA54-TPU,Capa Galaxy A54 TPU Antirrisco,TPU,Cinza,1,15.9,15.9,7.02,-4.36,-27.4,12.9,9.03,4.21,0.0,0,0,Orgânico,Pix,,Concluída,39,163,PA,Belém
MLB2026-000848,2026-04-02,CAP-GA54-TPU,Capa Galaxy A54 TPU Antirrisco,TPU,Cinza,1,15.9,15.9,5.66,10.24,64.4,0.0,0.0,0.0,0.0,0,0,Orgânico,Boleto,,Concluída,39,162,SP,São Paulo
MLB2026-000849,2026-04-02,CAP-GA56-MAG,Capa Galaxy A56 com MagSafe,MagSafe,Roxo,1,47.9,47.9,23.27,24.63,51.4,0.0,0.0,0.0,0.0,0,0,Orgânico,Pix,,Enviada,11,75,PR,Cascavel
MLB2026-000850,2026-04-02,CAP-GS24-SIL,Capa Galaxy S24 Silicone com Anel,Silicone,Azul,1,29.9,29.9,13.46,7.41,24.8,12.9,9.03,0.0,0.0,0,0,Orgânico,Pix,,Concluída,13,136,RJ,Campos dos Goytacazes
MLB2026-000851,2026-04-02,CAP-RN14-SIL,Capa Redmi Note 14 Silicone,Silicone,Preto,1,18.9,18.9,7.83,-1.86,-9.8,12.9,9.03,0.0,3.9,1627,21,Anúncios,Cartão de crédito,9,Concluída,34,105,MG,Uberlândia
MLB2026-000852,2026-04-02,CAP-R12-SIL,Capa realme 12 Silicone Fosca,Silicone,Branco,1,20.9,20.9,9.03,2.84,13.6,12.9,9.03,0.0,0.0,0,0,Orgânico,Cartão de crédito,,Concluída,34,173,MA,Imperatriz
MLB2026-000853,2026-04-02,CAP-MG84-TPU,Capa Moto G84 TPU Transparente,TPU,Transparente,1,15.9,15.9,6.24,6.96,43.8,0.0,0.0,0.0,2.7,1654,12,Anúncios,Pix,,Concluída,32,149,BA,Vitória da Conquista
MLB2026-000854,2026-04-02,CAP-MG85-SIL,Capa Moto G85 Silicone Azul,Silicone,Azul,1,19.9,19.9,8.71,2.16,10.9,12.9,9.03,0.0,0.0,0,0,Orgânico,Pix,,Concluída,34,193,MG,Juiz de Fora
MLB2026-000855,2026-04-02,CAP-GA55-SUP,Capa Galaxy A55 com Suporte e Anel,Com Suporte,Preto,1,35.9,35.9,17.24,9.63,26.8,12.9,9.03,0.0,0.0,0,0,Orgânico,Boleto,,Concluída,2,63,RS,Pelotas
MLB2026-000856,2026-04-02,CAP-R13C-SIL,Capa Redmi 13C Silicone Azul,Silicone,Azul,1,17.9,17.9,8.51,-4.54,-25.4,19.9,13.93,0.0,0.0,0,0,Orgânico,Pix,,Concluída,27,40,BA,Feira de Santana
MLB2026-000857,2026-04-03,CAP-IP15-SIL,Capa de Celular iPhone 15 Silicone Fosca,Silicone,Preto,1,24.9,24.9,12.37,-1.4,-5.6,19.9,13.93,0.0,0.0,0,0,Orgânico,Pix,,Cancelada,52,50,PR,Cascavel
MLB2026-000858,2026-04-03,CAP-IP15-CRI,Capa iPhone 15 Acrílico Cristal Transparente,Cristal,Transparente,1,29.9,29.9,12.29,8.58,28.7,12.9,9.03,0.0,0.0,0,0,Orgânico,Pix,,Concluída,40,10,CE,Sobral
MLB2026-000859,2026-04-03,CAP-IP16-MAG,Capa iPhone 16 Silicone com MagSafe,MagSafe,Azul,2,49.9,99.8,49.56,47.7,47.8,0.0,0.0,0.39,2.15,450,2,Anúncios,Boleto,,Concluída,101,144,SP,Campinas
MLB2026-000860,2026-04-03,CAP-IP14-COU,Capa iPhone 14 Couro Sintético Premium,Couro,Marrom,1,44.9,44.9,21.23,23.67,52.7,0.0,0.0,0.0,0.0,0,0,Orgânico,Cartão de crédito,12,Concluída,6,104,SP,São Paulo
MLB2026-000861,2026-04-03,CAP-IP12-TPU,Capa iPhone 12 TPU Transparente,TPU,Transparente,1,16.9,16.9,7.06,-4.09,-24.2,19.9,13.93,0.0,0.0,0,0,Orgânico,Pix,,Concluída,62,46,SP,Guarulhos
MLB2026-000862,2026-04-03,CAP-IP11-SIL,Capinha iPhone 11 Silicone Antichoque,Silicone,Preto,1,15.9,15.9,5.88,-6.16,-38.7,19.9,13.93,0.0,2.25,1490,30,Anúncios,Cartão de crédito,,Concluída,64,31,PR,Cascavel
MLB2026-000863,2026-04-03,CAP-GA55-SIL,Capa Galaxy A55 Silicone Fosca,Silicone,Verde,1,22.9,22.9,9.96,9.17,40.0,0.0,0.0,0.0,3.77,1855,54,Anúncios,Pix,,Devolvida,52,130,SP,Guarulhos
MLB2026-000864,2026-04-03,CAP-GA55-SIL,Capa Galaxy A55 Silicone Fosca,Silicone,Verde,1,22.9,22.9,8.65,14.25,62.2,0.0,0.0,0.0,0.0,0,0,Orgânico,Cartão de crédito,,Concluída,52,129,SP,Osasco
MLB2026-000865,2026-04-03,CAP-GA55-SIL,Capa Galaxy A55 Silicone Fosca,Silicone,Verde,1,22.9,22.9,9.24,4.63,20.2,12.9,9.03,0.0,0.0,0,0,Orgânico,Pix,,Enviada,52,128,GO,Anápolis
MLB2026-000866,2026-04-03,CAP-GS23-TPU,Capa Galaxy S23 TPU Camuflada,TPU,Camuflado,1,19.9,19.9,8.25,10.53,52.9,0.0,0.0,0.0,1.12,998,19,Anúncios,Cartão de crédito,3,Concluída,13,194,BA,Feira de Santana
MLB2026-000867,2026-04-03,CAP-GS23-TPU,Capa Galaxy S23 TPU Camuflada,TPU,Camuflado,1,19.9,19.9,8.22,-2.25,-11.3,19.9,13.93,0.0,0.0,0,0,Orgânico,Boleto,,Concluída,13,193,PR,Londrina
MLB2026-000868,2026-04-03,CAP-GS23-TPU,Capa Galaxy S23 TPU Camuflada,TPU,Camuflado,1,19.9,19.9,8.49,2.38,12.0,12.9,9.03,0.0,0.0,0,0,Orgânico,Boleto,,Concluída,13,192,SP,São Paulo
MLB2026-000869,2026-04-03,CAP-RN14-SIL,Capa Redmi Note 14 Silicone,Silicone,Preto,1,18.9,18.9,6.74,0.63,3.3,12.9,9.03,0.0,2.5,832,21,Anúncios,Cartão de crédito,,Concluída,28,104,SP,Guarulhos
MLB2026-000870,2026-04-03,CAP-RN13-SUP,Capa Redmi Note 13 com Suporte,Com Suporte,Preto,1,32.9,32.9,14.56,18.34,55.7,0.0,0.0,0.0,0.0,0,0,Orgânico,Pix,,Cancelada,11,177,MA,Imperatriz
MLB2026-000871,2026-04-03,CAP-R12-SIL,Capa realme 12 Silicone Fosca,Silicone,Branco,1,20.9,20.9,9.53,-2.56,-12.2,19.9,13.93,0.0,0.0,0,0,Orgânico,Boleto,,Concluída,15,172,MA,São Luís
MLB2026-000872,2026-04-03,CAP-R11-PLU,Capa realme 11 Pelúcia Fofinha,Pelúcia,Rosa,1,34.9,34.9,13.01,7.96,22.8,19.9,13.93,0.0,0.0,0,0,Orgânico,Cartão de crédito,,Concluída,22,78,SP,Guarulhos
MLB2026-000873,2026-04-03,CAP-MG84-TPU,Capa Moto G84 TPU Transparente,TPU,Transparente,1,15.9,15.9,7.15,-5.18,-32.6,19.9,13.93,0.0,0.0,0,0,Orgânico,Pix,,Concluída,13,148,RJ,Rio de Janeiro
MLB2026-000874,2026-04-03,CAP-GA55-SUP,Capa Galaxy A55 com Suporte e Anel,Com Suporte,Preto,1,35.9,35.9,15.74,6.23,17.4,19.9,13.93,0.0,0.0,0,0,Orgânico,Pix,,Concluída,14,62,CE,Sobral
MLB2026-000875,2026-04-03,CAP-GA55-SUP,Capa Galaxy A55 com Suporte e Anel,Com Suporte,Preto,1,35.9,35.9,17.7,9.17,25.5,12.9,9.03,0.0,0.0,0,0,Orgânico,Pix,,Concluída,14,61,RJ,Niterói
MLB2026-000876,2026-04-03,CAP-IP16-CRI,Capa iPhone 16 Cristal Espelhada,Cristal,Prata,1,37.9,37.9,17.79,10.17,26.8,12.9,9.03,0.0,0.91,3436,88,Anúncios,Boleto,,Concluída,14,149,PA,Ananindeua
MLB2026-000877,2026-04-03,CAP-IP16-CRI,Capa iPhone 16 Cristal Espelhada,Cristal,Prata,1,37.9,37.9,17.13,17.83,47.0,0.0,0.0,0.0,2.94,3237,37,Anúncios,Cartão de crédito,3,Concluída,14,148,SP,Campinas
MLB2026-000878,2026-04-03,CAP-GS25-SIL,Capa Galaxy S25 Ultra Silicone MagSafe,MagSafe,Preto,1,54.9,54.9,24.7,28.17,51.3,0.0,0.0,0.0,2.03,660,19,Anúncios,Cartão de crédito,,Concluída,76,11,SP,São Paulo
MLB2026-000879,2026-04-03,CAP-GA56-CRI,Capa Galaxy A56 Cristal Espelhada,Cristal,Prata,1,34.9,34.9,15.8,19.1,54.7,0.0,0.0,0.0,0.0,0,0,Orgânico,Cartão de crédito,3,Concluída,17,108,RS,Pelotas
MLB2026-000880,2026-04-03,CAP-MG85-TPU,Capa Moto G85 TPU Cinza,TPU,Cinza,1,16.9,16.9,6.16,6.55,38.8,0.0,0.0,0.0,4.19,2572,32,Anúncios,Cartão de crédito,,Concluída,21,34,MG,Contagem
MLB2026-000881,2026-04-03,CAP-MG85-TPU,Capa Moto G85 TPU Cinza,TPU,Cinza,1,16.9,16.9,6.81,1.06,6.3,12.9,9.03,0.0,0.0,0,0,Orgânico,Cartão de crédito,6,Concluída,21,33,GO,Anápolis
MLB2026-000882,2026-04-04,CAP-IP15-SIL,Capa de Celular iPhone 15 Silicone Fosca,Silicone,Preto,1,24.9,24.9,12.06,-1.09,-4.4,19.9,13.93,0.0,0.0,0,0,Orgânico,Pix,,Concluída,48,49,MA,São Luís
MLB2026-000883,2026-04-04,CAP-IP16-MAG,Capa iPhone 16 Silicone com MagSafe,MagSafe,Azul,1,49.9,49.9,21.63,28.27,56.7,0.0,0.0,0.0,0.0,0,0,Orgânico,Pix,,Concluída,53,143,ES,Serra
MLB2026-000884,2026-04-04,CAP-IP16-MAG,Capa iPhone 16 Silicone com MagSafe,MagSafe,Azul,2,49.9,99.8,47.66,52.14,52.2,0.0,0.0,0.0,0.0,0,0,Orgânico,Pix,,Concluída,53,141,RJ,Duque de Caxias
MLB2026-000885,2026-04-04,CAP-GA55-SIL,Capa Galaxy A55 Silicone Fosca,Silicone,Verde,2,22.9,45.8,19.78,26.02,56.8,0.0,0.0,0.0,0.0,0,0,Orgânico,Cartão de débito,,Concluída,37,126,SP,Campinas
MLB2026-000886,2026-04-04,CAP-GA55-CRI,Capa Galaxy A55 Cristal Ultra Fino,Cristal,Transparente,1,26.9,26.9,9.73,1.74,6.5,19.9,13.93,0.0,1.5,1056,26,Anúncios,Pix,,Concluída,74,107,MG,Belo Horizonte
MLB2026-000887,2026-04-04,CAP-GA54-TPU,Capa Galaxy A54 TPU Antirrisco,TPU,Cinza,1,15.9,15.9,6.67,-4.7,-29.6,19.9,13.93,0.0,0.0,0,0,Orgânico,Pix,,Enviada,65,161,RJ,Duque de Caxias
MLB2026-000888,2026-04-04,CAP-RN13-TPU,Capa Redmi Note 13 TPU Cristal,TPU,Transparente,1,14.9,14.9,6.61,-5.64,-37.9,19.9,13.93,0.0,0.0,0,0,Orgânico,Cartão de crédito,3,Concluída,32,205,SP,Campinas
MLB2026-000889,2026-04-04,CAP-RN13-SUP,Capa Redmi Note 13 com Suporte,Com Suporte,Preto,1,32.9,32.9,13.8,17.78,54.0,0.0,0.0,0.0,1.32,1162,16,Anúncios,Cartão de crédito,,Concluída,38,176,SP,Guarulhos
MLB2026-000890,2026-04-04,CAP-GS25-SIL,Capa Galaxy S25 Ultra Silicone MagSafe,MagSafe,Preto,1,54.9,54.9,21.52,29.99,54.6,0.0,0.0,0.0,3.39,2928,32,Anúncios,Cartão de crédito,3,Concluída,47,10,SP,Guarulhos
MLB2026-000891,2026-04-04,CAP-IP16-PLU,Capa iPhone 16 Pelúcia Colorida,Pelúcia,Verde,1,41.9,41.9,15.6,26.3,62.8,0.0,0.0,0.0,0.0,0,0,Orgânico,Pix,,Concluída,20,62,GO,Anápolis
MLB2026-000892,2026-04-04,CAP-IP16-PLU,Capa iPhone 16 Pelúcia Colorida,Pelúcia,Verde,1,41.9,41.9,15.64,17.23,41.1,12.9,9.03,0.0,0.0,0,0,Orgânico,Cartão de crédito,,Concluída,20,61,ES,Vila Velha
MLB2026-000893,2026-04-04,CAP-IP13-MAG,Capa iPhone 13 Silicone MagSafe,MagSafe,Branco,1,44.9,44.9,18.89,26.01,57.9,0.0,0.0,0.0,0.0,0,0,Orgânico,Pix,,Concluída,43,16,MG,Contagem
MLB2026-000894,2026-04-05,CAP-IP15-SIL,Capa de Celular iPhone 15 Silicone Fosca,Silicone,Preto,1,24.9,24.9,11.81,-3.23,-13.0,19.9,13.93,2.39,0.0,0,0,Orgânico,Pix,,Cancelada,55,48,SP,Osasco
MLB2026-000895,2026-04-05,CAP-IP13-SIL,Capa iPhone 13 Silicone Colorida,Silicone,Rosa,1,21.9,21.9,9.31,3.56,16.3,12.9,9.03,0.0,0.0,0,0,Orgânico,Pix,,Concluída,73,214,RS,Porto Alegre
MLB2026-000896,2026-04-05,CAP-GA55-SIL,Capa Galaxy A55 Silicone Fosca,Silicone,Verde,1,22.9,22.9,10.72,12.18,53.2,0.0,0.0,0.0,0.0,0,0,Orgânico,Cartão de crédito,,Devolvida,56,125,PR,Cascavel
MLB2026-000897,2026-04-05,CAP-GA55-SIL,Capa Galaxy A55 Silicone Fosca,Silicone,Verde,1,22.9,22.9,9.92,12.98,56.7,0.0,0.0,0.0,0.0,0,0,Orgânico,Pix,,Concluída,56,124,PR,Curitiba
MLB2026-000898,2026-04-05,CAP-GA55-SIL,Capa Galaxy A55 Silicone Fosca,Silicone,Verde,1,22.9,22.9,8.93,4.94,21.6,12.9,9.03,0.0,0.0,0,0,Orgânico,Cartão de crédito,9,Pendente,56,123,RJ,Campos dos Goytacazes
MLB2026-000899,2026-04-05,CAP-GS24-SIL,Capa Galaxy S24 Silicone com Anel,Silicone,Azul,1,29.9,29.9,13.99,15.91,53.2,0.0,0.0,0.0,0.0,0,0,Orgânico,Cartão de crédito,,Concluída,29,135,SP,São Paulo
MLB2026-000900,2026-04-05,CAP-GS24-SIL,Capa Galaxy S24 Silicone com Anel,Silicone,Azul,1,29.9,29.9,14.65,15.25,51.0,0.0,0.0,0.0,0.0,0,0,Orgânico,Pix,,Pendente,29,134,SP,São Paulo
MLB2026-000901,2026-04-05,CAP-RN14-SIL,Capa Redmi Note 14 Silicone,Silicone,Preto,1,18.9,18.9,8.83,-3.86,-20.4,19.9,13.93,0.0,0.0,0,0,Orgânico,Cartão de crédito,12,Concluída,21,103,CE,Juazeiro do Norte
MLB2026-000902,2026-04-05,CAP-RN13-TPU,Capa Redmi Note 13 TPU Cristal,TPU,Transparente,1,14.9,14.9,5.37,-4.4,-29.5,19.9,13.93,0.0,0.0,0,0,Orgânico,Cartão de crédito,6,Concluída,29,204,SP,São Paulo
MLB2026-000903,2026-04-05,CAP-MG84-TPU,Capa Moto G84 TPU Transparente,TPU,Transparente,1,15.9,15.9,7.61,-6.95,-43.7,12.9,9.03,4.89,1.32,3389,49,Anúncios,Pix,,Concluída,17,147,SC,Joinville
MLB2026-000904,2026-04-05,CAP-MG84-TPU,Capa Moto G84 TPU Transparente,TPU,Transparente,2,15.9,31.8,14.08,3.79,11.9,19.9,13.93,0.0,0.0,0,0,Orgânico,Cartão de crédito,,Concluída,17,145,SP,Osasco
MLB2026-000905,2026-04-05,CAP-GA55-SUP,Capa Galaxy A55 com Suporte e Anel,Com Suporte,Preto,1,35.9,35.9,17.04,4.93,13.7,19.9,13.93,0.0,0.0,0,0,Orgânico,Pix,,Concluída,12,60,SP,Campinas
MLB2026-000906,2026-04-05,CAP-MG85-TPU,Capa Moto G85 TPU Cinza,TPU,Cinza,1,16.9,16.9,8.16,-0.29,-1.7,12.9,9.03,0.0,0.0,0,0,Orgânico,Cartão de crédito,9,Devolvida,6,32,RJ,Campos dos Goytacazes
MLB2026-000907,2026-04-05,CAP-MG85-TPU,Capa Moto G85 TPU Cinza,TPU,Cinza,1,16.9,16.9,6.03,1.84,10.9,12.9,9.03,0.0,0.0,0,0,Orgânico,Cartão de débito,,Concluída,6,31,GO,Goiânia
MLB2026-000908,2026-04-05,CAP-IP15-AGU,Capa iPhone 15 À Prova d'Água,À Prova d'Água,Preto,1,57.9,57.9,22.57,31.79,54.9,0.0,0.0,0.0,3.54,518,7,Anúncios,Pix,,Concluída,6,105,SP,Campinas
MLB2026-000909,2026-04-05,CAP-R13C-SIL,Capa Redmi 13C Silicone Azul,Silicone,Azul,2,17.9,35.8,17.12,18.68,52.2,0.0,0.0,0.0,0.0,0,0,Orgânico,Pix,,Enviada,6,38,MG,Contagem
MLB2026-000910,2026-04-05,CAP-R13C-SIL,Capa Redmi 13C Silicone Azul,Silicone,Azul,1,17.9,17.9,8.91,-7.25,-40.5,19.9,13.93,0.0,2.31,1964,27,Anúncios,Boleto,,Concluída,6,37,SP,Campinas
MLB2026-000911,2026-04-05,CAP-R13C-SIL,Capa Redmi 13C Silicone Azul,Silicone,Azul,1,17.9,17.9,6.88,11.02,61.6,0.0,0.0,0.0,0.0,0,0,Orgânico,Pix,,Concluída,6,36,RS,Caxias do Sul
MLB2026-000912,2026-04-06,CAP-IP14-COU,Capa iPhone 14 Couro Sintético Premium,Couro,Marrom,1,44.9,44.9,16.89,28.01,62.4,0.0,0.0,0.0,0.0,0,0,Orgânico,Pix,,Concluída,45,103,PR,Londrina
MLB2026-000913,2026-04-06,CAP-IP14-COU,Capa iPhone 14 Couro Sintético Premium,Couro,Marrom,1,44.9,44.9,22.4,22.5,50.1,0.0,0.0,0.0,0.0,0,0,Orgânico,Pix,,Enviada,45,102,SP,Guarulhos
MLB2026-000914,2026-04-06,CAP-IP12-TPU,Capa iPhone 12 TPU Transparente,TPU,Transparente,1,16.9,16.9,8.3,8.6,50.9,0.0,0.0,0.0,0.0,0,0,Orgânico,Pix,,Concluída,63,45,MG,Juiz de Fora
MLB2026-000915,2026-04-06,CAP-IP12-TPU,Capa iPhone 12 TPU Transparente,TPU,Transparente,1,16.9,16.9,6.84,-3.87,-22.9,19.9,13.93,0.0,0.0,0,0,Orgânico,Cartão de crédito,,Concluída,63,44,BA,Feira de Santana
MLB2026-000916,2026-04-06,CAP-GA55-SIL,Capa Galaxy A55 Silicone Fosca,Silicone,Verde,1,22.9,22.9,9.57,1.58,6.9,12.9,9.03,0.0,2.72,701,4,Anúncios,Boleto,,Devolvida,67,122,SC,Florianópolis
MLB2026-000917,2026-04-06,CAP-MG85-SIL,Capa Moto G85 Silicone Azul,Silicone,Azul,1,19.9,19.9,8.01,11.89,59.7,0.0,0.0,0.0,0.0,0,0,Orgânico,Cartão de crédito,9,Concluída,17,192,SP,Guarulhos
MLB2026-000918,2026-04-06,CAP-MG85-SIL,Capa Moto G85 Silicone Azul,Silicone,Azul,1,19.9,19.9,7.33,-1.36,-6.8,19.9,13.93,0.0,0.0,0,0,Orgânico,Cartão de crédito,9,Concluída,17,191,SP,São Paulo
MLB2026-000919,2026-04-06,CAP-IP15-PLU,Capa iPhone 15 Pelúcia Colorida,Pelúcia,Rosa,1,39.9,39.9,18.86,7.11,17.8,19.9,13.93,0.0,0.0,0,0,Orgânico,Cartão de crédito,,Concluída,40,140,RJ,Niterói
MLB2026-000920,2026-04-06,CAP-IP15-PLU,Capa iPhone 15 Pelúcia Colorida,Pelúcia,Rosa,1,39.9,39.9,18.23,19.16,48.0,0.0,0.0,0.0,2.51,985,10,Anúncios,Pix,,Concluída,40,139,DF,Brasília
MLB2026-000921,2026-04-06,CAP-IP16-CRI,Capa iPhone 16 Cristal Espelhada,Cristal,Prata,1,37.9,37.9,14.52,23.38,61.7,0.0,0.0,0.0,0.0,0,0,Orgânico,Boleto,,Concluída,39,147,MG,Contagem
MLB2026-000922,2026-04-06,CAP-GS25-SIL,Capa Galaxy S25 Ultra Silicone MagSafe,MagSafe,Preto,1,54.9,54.9,23.39,31.51,57.4,0.0,0.0,0.0,0.0,0,0,Orgânico,Cartão de débito,,Concluída,13,9,BA,Salvador
MLB2026-000923,2026-04-06,CAP-GS25-SIL,Capa Galaxy S25 Ultra Silicone MagSafe,MagSafe,Preto,1,54.9,54.9,20.73,33.01,60.1,0.0,0.0,0.0,1.16,2552,72,Anúncios,Pix,,Concluída,13,8,CE,Fortaleza
MLB2026-000924,2026-04-06,CAP-GA56-CRI,Capa Galaxy A56 Cristal Espelhada,Cristal,Prata,1,34.9,34.9,15.59,7.65,21.9,12.9,9.03,2.63,0.0,0,0,Orgânico,Pix,,Concluída,18,107,RJ,Campos dos Goytacazes
MLB2026-000925,2026-04-06,CAP-RN14-PLU,Capa Redmi Note 14 Pelúcia,Pelúcia,Rosa,1,32.9,32.9,12.72,6.25,19.0,19.9,13.93,0.0,0.0,0,0,Orgânico,Pix,,Concluída,11,27,GO,Anápolis
MLB2026-000926,2026-04-06,CAP-RN14-PLU,Capa Redmi Note 14 Pelúcia,Pelúcia,Rosa,1,32.9,32.9,15.04,12.88,39.1,0.0,0.0,2.69,2.29,2307,26,Anúncios,Pix,,Concluída,11,26,RJ,Rio de Janeiro
MLB2026-000927,2026-04-06,CAP-GS24-COU,Capa Galaxy S24 Couro Premium,Couro,Preto,2,64.9,129.8,52.22,74.26,57.2,0.0,0.0,0.0,3.32,711,13,Anúncios,Pix,,Concluída,24,172,RS,Canoas
MLB2026-000928,2026-04-06,CAP-GS24-COU,Capa Galaxy S24 Couro Premium,Couro,Preto,1,64.9,64.9,28.38,32.78,50.5,0.0,0.0,0.0,3.74,2195,21,Anúncios,Cartão de crédito,,Concluída,24,171,MG,Juiz de Fora
MLB2026-000929,2026-04-06,CAP-MG85-TPU,Capa Moto G85 TPU Cinza,TPU,Cinza,1,16.9,16.9,6.17,9.64,57.0,0.0,0.0,1.09,0.0,0,0,Orgânico,Boleto,,Concluída,25,30,PE,Recife
MLB2026-000930,2026-04-06,CAP-GA54-SIL,Capa Galaxy A54 Silicone Vermelho,Silicone,Vermelho,1,18.9,18.9,6.9,2.97,15.7,12.9,9.03,0.0,0.0,0,0,Orgânico,Pix,,Cancelada,43,185,AM,Parintins
MLB2026-000931,2026-04-07,CAP-IP15-SIL,Capa de Celular iPhone 15 Silicone Fosca,Silicone,Preto,1,24.9,24.9,9.46,6.41,25.7,12.9,9.03,0.0,0.0,0,0,Orgânico,Pix,,Concluída,77,47,RJ,Duque de Caxias
MLB2026-000932,2026-04-07,CAP-GA55-SIL,Capa Galaxy A55 Silicone Fosca,Silicone,Verde,1,22.9,22.9,10.17,-1.2,-5.2,19.9,13.93,0.0,0.0,0,0,Orgânico,Pix,,Concluída,188,121,SC,Blumenau
MLB2026-000933,2026-04-07,CAP-GA55-SIL,Capa Galaxy A55 Silicone Fosca,Silicone,Verde,1,22.9,22.9,11.05,-2.08,-9.1,19.9,13.93,0.0,0.0,0,0,Orgânico,Pix,,Concluída,188,120,PR,Maringá
MLB2026-000934,2026-04-07,CAP-GA55-SIL,Capa Galaxy A55 Silicone Fosca,Silicone,Verde,1,22.9,22.9,8.05,5.82,25.4,12.9,9.03,0.0,0.0,0,0,Orgânico,Cartão de crédito,6,Concluída,188,119,RJ,Niterói
MLB2026-000935,2026-04-07,CAP-GA55-CRI,Capa Galaxy A55 Cristal Ultra Fino,Cristal,Transparente,1,26.9,26.9,12.01,5.86,21.8,12.9,9.03,0.0,0.0,0,0,Orgânico,Pix,,Pendente,61,106,ES,Vila Velha
MLB2026-000936,2026-04-07,CAP-GA55-CRI,Capa Galaxy A55 Cristal Ultra Fino,Cristal,Transparente,1,26.9,26.9,12.21,5.66,21.0,12.9,9.03,0.0,0.0,0,0,Orgânico,Cartão de crédito,3,Concluída,61,105,SP,Guarulhos
MLB2026-000937,2026-04-07,CAP-GA55-CRI,Capa Galaxy A55 Cristal Ultra Fino,Cristal,Transparente,1,26.9,26.9,10.61,4.7,17.5,12.9,9.03,0.0,2.56,1004,17,Anúncios,Cartão de crédito,,Devolvida,61,104,PA,Belém
MLB2026-000938,2026-04-07,CAP-GA54-TPU,Capa Galaxy A54 TPU Antirrisco,TPU,Cinza,1,15.9,15.9,7.61,-5.64,-35.5,19.9,13.93,0.0,0.0,0,0,Orgânico,Cartão de crédito,3,Concluída,10,160,BA,Vitória da Conquista
MLB2026-000939,2026-04-07,CAP-MG84-TPU,Capa Moto G84 TPU Transparente,TPU,Transparente,1,15.9,15.9,7.52,5.07,31.9,0.0,0.0,0.0,3.31,1778,24,Anúncios,Pix,,Concluída,34,144,SC,Florianópolis
MLB2026-000940,2026-04-07,CAP-MG85-SIL,Capa Moto G85 Silicone Azul,Silicone,Azul,1,19.9,19.9,9.28,10.62,53.4,0.0,0.0,0.0,0.0,0,0,Orgânico,Cartão de débito,,Concluída,31,190,DF,Taguatinga
MLB2026-000941,2026-04-07,CAP-ME50-COU,Capa Moto Edge 50 Couro Sintético,Couro,Marrom,1,59.9,59.9,28.71,31.19,52.1,0.0,0.0,0.0,0.0,0,0,Orgânico,Boleto,,Cancelada,11,61,RS,Canoas
MLB2026-000942,2026-04-07,CAP-ME50-COU,Capa Moto Edge 50 Couro Sintético,Couro,Marrom,3,59.9,179.7,79.29,97.11,54.0,0.0,0.0,0.13,3.17,3348,32,Anúncios,Pix,,Concluída,11,58,SP,São Paulo
MLB2026-000943,2026-04-07,CAP-GS25-SIL,Capa Galaxy S25 Ultra Silicone MagSafe,MagSafe,Preto,1,54.9,54.9,21.38,33.52,61.1,0.0,0.0,0.0,0.0,0,0,Orgânico,Cartão de crédito,3,Concluída,125,7,RJ,Campos dos Goytacazes
MLB2026-000944,2026-04-07,CAP-R12-CRI,Capa realme 12 Cristal Transparente,Cristal,Transparente,1,24.9,24.9,9.24,6.63,26.6,12.9,9.03,0.0,0.0,0,0,Orgânico,Pix,,Concluída,55,0,SP,São Paulo
MLB2026-000945,2026-04-07,CAP-GA56-CRI,Capa Galaxy A56 Cristal Espelhada,Cristal,Prata,1,34.9,34.9,15.53,5.44,15.6,19.9,13.93,0.0,0.0,0,0,Orgânico,Cartão de crédito,12,Concluída,44,106,SP,Osasco
MLB2026-000946,2026-04-07,CAP-GA56-CRI,Capa Galaxy A56 Cristal Espelhada,Cristal,Prata,1,34.9,34.9,13.74,12.13,34.8,12.9,9.03,0.0,0.0,0,0,Orgânico,Cartão de crédito,3,Concluída,44,105,SP,São Bernardo do Campo
MLB2026-000947,2026-04-07,CAP-IP13-MAG,Capa iPhone 13 Silicone MagSafe,MagSafe,Branco,1,44.9,44.9,19.86,23.03,51.3,0.0,0.0,0.0,2.01,2200,19,Anúncios,Pix,,Concluída,23,15,BA,Feira de Santana
MLB2026-000948,2026-04-07,CAP-IP13-MAG,Capa iPhone 13 Silicone MagSafe,MagSafe,Branco,1,44.9,44.9,21.42,23.48,52.3,0.0,0.0,0.0,0.0,0,0,Orgânico,Pix,,Cancelada,23,14,MG,Contagem
MLB2026-000949,2026-04-07,CAP-IP13-MAG,Capa iPhone 13 Silicone MagSafe,MagSafe,Branco,1,44.9,44.9,21.45,20.66,46.0,0.0,0.0,0.0,2.79,2424,64,Anúncios,Pix,,Concluída,23,13,SP,São Paulo
MLB2026-000950,2026-04-08,CAP-IP15-SIL,Capa de Celular iPhone 15 Silicone Fosca,Silicone,Preto,1,24.9,24.9,12.4,-4.81,-19.3,19.9,13.93,0.0,3.38,3438,40,Anúncios,Pix,,Concluída,189,46,RJ,Campos dos Goytacazes
MLB2026-000951,2026-04-08,CAP-IP16-MAG,Capa iPhone 16 Silicone com MagSafe,MagSafe,Azul,1,49.9,49.9,19.05,30.85,61.8,0.0,0.0,0.0,0.0,0,0,Orgânico,Boleto,,Enviada,20,140,SC,Blumenau
MLB2026-000952,2026-04-08,CAP-IP16-MAG,Capa iPhone 16 Silicone com MagSafe,MagSafe,Azul,1,49.9,49.9,20.36,25.42,50.9,0.0,0.0,4.12,0.0,0,0,Orgânico,Pix,,Concluída,20,139,SP,Campinas
MLB2026-000953,2026-04-08,CAP-IP13-SIL,Capa iPhone 13 Silicone Colorida,Silicone,Rosa,3,21.9,65.7,28.59,37.11,56.5,0.0,0.0,0.0,0.0,0,0,Orgânico,Pix,,Concluída,109,211,RJ,Duque de Caxias
MLB2026-000954,2026-04-08,CAP-IP11-SIL,Capinha iPhone 11 Silicone Antichoque,Silicone,Preto,1,15.9,15.9,5.94,9.96,62.6,0.0,0.0,0.0,0.0,0,0,Orgânico,Cartão de crédito,6,Concluída,55,30,RS,Pelotas
MLB2026-000955,2026-04-08,CAP-GA55-SIL,Capa Galaxy A55 Silicone Fosca,Silicone,Verde,1,22.9,22.9,10.06,2.16,9.4,12.9,9.03,0.0,1.65,1949,28,Anúncios,Cartão de crédito,,Concluída,9,118,SP,Guarulhos
MLB2026-000956,2026-04-08,CAP-GA55-SIL,Capa Galaxy A55 Silicone Fosca,Silicone,Verde,2,22.9,45.8,16.9,19.87,43.4,12.9,9.03,0.0,0.0,0,0,Orgânico,Cartão de débito,,Concluída,9,116,MA,São Luís
MLB2026-000957,2026-04-08,CAP-GA55-CRI,Capa Galaxy A55 Cristal Ultra Fino,Cristal,Transparente,1,26.9,26.9,11.42,1.55,5.8,19.9,13.93,0.0,0.0,0,0,Orgânico,Cartão de crédito,6,Concluída,43,103,RJ,Campos dos Goytacazes
MLB2026-000958,2026-04-08,CAP-GA55-CRI,Capa Galaxy A55 Cristal Ultra Fino,Cristal,Transparente,1,26.9,26.9,11.17,12.26,45.6,0.0,0.0,0.0,3.47,2087,14,Anúncios,Boleto,,Concluída,43,102,SP,Osasco
MLB2026-000959,2026-04-08,CAP-GS24-SIL,Capa Galaxy S24 Silicone com Anel,Silicone,Azul,1,29.9,29.9,11.85,18.05,60.4,0.0,0.0,0.0,0.0,0,0,Orgânico,Pix,,Concluída,24,133,SP,Campinas
MLB2026-000960,2026-04-08,CAP-RN14-SIL,Capa Redmi Note 14 Silicone,Silicone,Preto,2,18.9,37.8,15.86,12.91,34.2,12.9,9.03,0.0,0.0,0,0,Orgânico,Boleto,,Concluída,65,101,PR,Maringá
MLB2026-000961,2026-04-08,CAP-RN13-SUP,Capa Redmi Note 13 com Suporte,Com Suporte,Preto,1,32.9,32.9,13.72,17.22,52.3,0.0,0.0,0.0,1.96,2251,59,Anúncios,Pix,,Concluída,7,175,MG,Belo Horizonte
MLB2026-000962,2026-04-08,CAP-R12-SIL,Capa realme 12 Silicone Fosca,Silicone,Branco,1,20.9,20.9,8.69,-1.72,-8.2,19.9,13.93,0.0,0.0,0,0,Orgânico,Pix,,Concluída,16,171,BA,Vitória da Conquista
MLB2026-000963,2026-04-08,CAP-MG85-SIL,Capa Moto G85 Silicone Azul,Silicone,Azul,1,19.9,19.9,8.43,-2.46,-12.4,19.9,13.93,0.0,0.0,0,0,Orgânico,Pix,,Concluída,29,189,SC,Joinville
MLB2026-000964,2026-04-08,CAP-ME50-COU,Capa Moto Edge 50 Couro Sintético,Couro,Marrom,1,59.9,59.9,21.24,38.66,64.5,0.0,0.0,0.0,0.0,0,0,Orgânico,Pix,,Concluída,38,57,SP,São Paulo
MLB2026-000965,2026-04-08,CAP-R12-CRI,Capa realme 12 Cristal Transparente,Cristal,Transparente,1,24.9,24.9,9.88,15.02,60.3,0.0,0.0,0.0,0.0,0,0,Orgânico,Pix,,Concluída,41,0,DF,Brasília
MLB2026-000966,2026-04-08,CAP-IP15-AGU,Capa iPhone 15 À Prova d'Água,À Prova d'Água,Preto,1,57.9,57.9,24.24,30.61,52.9,0.0,0.0,3.05,0.0,0,0,Orgânico,Boleto,,Concluída,7,104,SP,Osasco
MLB2026-000967,2026-04-09,CAP-IP15-SIL,Capa de Celular iPhone 15 Silicone Fosca,Silicone,Preto,1,24.9,24.9,11.92,9.54,38.3,0.0,0.0,0.0,3.44,2523,22,Anúncios,Cartão de crédito,6,Concluída,57,45,RJ,Duque de Caxias
MLB2026-000968,2026-04-09,CAP-IP15-SIL,Capa de Celular iPhone 15 Silicone Fosca,Silicone,Preto,2,24.9,49.8,24.24,17.96,36.1,0.0,0.0,3.27,4.33,1909,38,Anúncios,Pix,,Concluída,57,43,SP,Osasco
MLB2026-000969,2026-04-09,CAP-IP15-CRI,Capa iPhone 15 Acrílico Cristal Transparente,Cristal,Transparente,1,29.9,29.9,10.73,15.71,52.5,0.0,0.0,0.0,3.46,1134,30,Anúncios,Pix,,Concluída,30,9,DF,Ceilândia
MLB2026-000970,2026-04-09,CAP-IP14-COU,Capa iPhone 14 Couro Sintético Premium,Couro,Marrom,1,44.9,44.9,21.64,23.26,51.8,0.0,0.0,0.0,0.0,0,0,Orgânico,Pix,,Concluída,68,101,SP,São Bernardo do Campo
MLB2026-000971,2026-04-09,CAP-GA56-MAG,Capa Galaxy A56 com MagSafe,MagSafe,Roxo,1,47.9,47.9,21.16,26.74,55.8,0.0,0.0,0.0,0.0,0,0,Orgânico,Cartão de crédito,9,Concluída,6,74,SP,Guarulhos
MLB2026-000972,2026-04-09,CAP-R12-SIL,Capa realme 12 Silicone Fosca,Silicone,Branco,1,20.9,20.9,9.37,7.37,35.3,0.0,0.0,0.0,4.16,708,11,Anúncios,Cartão de crédito,12,Concluída,94,170,SP,Campinas
MLB2026-000973,2026-04-09,CAP-ME50-COU,Capa Moto Edge 50 Couro Sintético,Couro,Marrom,1,59.9,59.9,28.32,27.84,46.5,0.0,0.0,0.0,3.74,2078,22,Anúncios,Cartão de crédito,,Concluída,18,56,SC,Joinville
MLB2026-000974,2026-04-09,CAP-ME50-COU,Capa Moto Edge 50 Couro Sintético,Couro,Marrom,1,59.9,59.9,22.08,37.82,63.1,0.0,0.0,0.0,0.0,0,0,Orgânico,Pix,,Concluída,18,55,PR,Cascavel
MLB2026-000975,2026-04-09,CAP-GA55-SUP,Capa Galaxy A55 com Suporte e Anel,Com Suporte,Preto,1,35.9,35.9,17.86,14.12,39.3,0.0,0.0,0.0,3.92,3012,62,Anúncios,Cartão de crédito,,Cancelada,44,59,RJ,Niterói
MLB2026-000976,2026-04-09,CAP-IP16-CRI,Capa iPhone 16 Cristal Espelhada,Cristal,Prata,1,37.9,37.9,15.14,19.26,50.8,0.0,0.0,0.0,3.5,668,17,Anúncios,Boleto,,Concluída,53,146,RJ,Duque de Caxias
MLB2026-000977,2026-04-09,CAP-IP16-CRI,Capa iPhone 16 Cristal Espelhada,Cristal,Prata,1,37.9,37.9,14.68,23.22,61.3,0.0,0.0,0.0,0.0,0,0,Orgânico,Pix,,Concluída,53,145,SP,São Paulo
MLB2026-000978,2026-04-09,CAP-R12-CRI,Capa realme 12 Cristal Transparente,Cristal,Transparente,1,24.9,24.9,10.23,5.64,22.7,12.9,9.03,0.0,0.0,0,0,Orgânico,Cartão de crédito,9,Concluída,21,0,SP,Osasco
MLB2026-000979,2026-04-09,CAP-R12-CRI,Capa realme 12 Cristal Transparente,Cristal,Transparente,1,24.9,24.9,10.41,5.46,21.9,12.9,9.03,0.0,0.0,0,0,Orgânico,Pix,,Concluída,21,0,PE,Olinda
MLB2026-000980,2026-04-09,CAP-GS24-COU,Capa Galaxy S24 Couro Premium,Couro,Preto,1,64.9,64.9,25.25,35.36,54.5,0.0,0.0,0.0,4.29,3124,83,Anúncios,Pix,,Concluída,10,170,RJ,Rio de Janeiro
MLB2026-000981,2026-04-09,CAP-MG85-TPU,Capa Moto G85 TPU Cinza,TPU,Cinza,1,16.9,16.9,6.32,10.58,62.6,0.0,0.0,0.0,0.0,0,0,Orgânico,Cartão de crédito,,Concluída,25,29,BA,Salvador
MLB2026-000982,2026-04-09,CAP-R13C-SIL,Capa Redmi 13C Silicone Azul,Silicone,Azul,1,17.9,17.9,6.36,-1.51,-8.4,12.9,9.03,4.02,0.0,0,0,Orgânico,Pix,,Concluída,10,35,SP,São Paulo
MLB2026-000983,2026-04-10,CAP-IP15-CRI,Capa iPhone 15 Acrílico Cristal Transparente,Cristal,Transparente,2,29.9,59.8,23.3,27.47,45.9,12.9,9.03,0.0,0.0,0,0,Orgânico,Pix,,Concluída,40,7,PE,Olinda
MLB2026-000984,2026-04-10,CAP-IP16-MAG,Capa iPhone 16 Silicone com MagSafe,MagSafe,Azul,2,49.9,99.8,41.76,54.47,54.6,0.0,0.0,0.0,3.57,682,17,Anúncios,Cartão de crédito,,Cancelada,181,137,RS,Porto Alegre
MLB2026-000985,2026-04-10,CAP-IP16-MAG,Capa iPhone 16 Silicone com MagSafe,MagSafe,Azul,1,49.9,49.9,22.88,27.02,54.1,0.0,0.0,0.0,0.0,0,0,Orgânico,Cartão de crédito,,Concluída,181,136,MG,Contagem
MLB2026-000986,2026-04-10,CAP-IP14-COU,Capa iPhone 14 Couro Sintético Premium,Couro,Marrom,1,44.9,44.9,21.07,19.89,44.3,0.0,0.0,3.94,0.0,0,0,Orgânico,Pix,,Concluída,34,100,SP,São Bernardo do Campo
MLB2026-000987,2026-04-10,CAP-IP14-COU,Capa iPhone 14 Couro Sintético Premium,Couro,Marrom,1,44.9,44.9,20.33,24.57,54.7,0.0,0.0,0.0,0.0,0,0,Orgânico,Pix,,Concluída,34,99,RJ,Rio de Janeiro
MLB2026-000988,2026-04-10,CAP-IP14-COU,Capa iPhone 14 Couro Sintético Premium,Couro,Marrom,1,44.9,44.9,17.85,27.05,60.2,0.0,0.0,0.0,0.0,0,0,Orgânico,Pix,,Concluída,34,98,RS,Porto Alegre
MLB2026-000989,2026-04-10,CAP-IP13-SIL,Capa iPhone 13 Silicone Colorida,Silicone,Rosa,1,21.9,21.9,9.74,10.16,46.4,0.0,0.0,0.0,2.0,317,5,Anúncios,Cartão de débito,,Concluída,49,210,SP,Guarulhos
MLB2026-000990,2026-04-10,CAP-IP12-TPU,Capa iPhone 12 TPU Transparente,TPU,Transparente,1,16.9,16.9,6.14,-3.17,-18.8,19.9,13.93,0.0,0.0,0,0,Orgânico,Pix,,Concluída,23,43,GO,Goiânia
MLB2026-000991,2026-04-10,CAP-GA55-SIL,Capa Galaxy A55 Silicone Fosca,Silicone,Verde,1,22.9,22.9,11.05,8.73,38.1,0.0,0.0,0.0,3.12,1211,14,Anúncios,Pix,,Concluída,22,115,MA,Imperatriz
MLB2026-000992,2026-04-10,CAP-GA55-CRI,Capa Galaxy A55 Cristal Ultra Fino,Cristal,Transparente,1,26.9,26.9,9.89,3.08,11.4,19.9,13.93,0.0,0.0,0,0,Orgânico,Pix,,Pendente,113,101,AM,Parintins
MLB2026-000993,2026-04-10,CAP-R12-SIL,Capa realme 12 Silicone Fosca,Silicone,Branco,1,20.9,20.9,7.62,4.25,20.3,12.9,9.03,0.0,0.0,0,0,Orgânico,Pix,,Devolvida,17,169,RS,Caxias do Sul
MLB2026-000994,2026-04-10,CAP-R12-SIL,Capa realme 12 Silicone Fosca,Silicone,Branco,1,20.9,20.9,9.11,11.79,56.4,0.0,0.0,0.0,0.0,0,0,Orgânico,Pix,,Concluída,17,168,SP,Guarulhos
MLB2026-000995,2026-04-10,CAP-GA55-SUP,Capa Galaxy A55 com Suporte e Anel,Com Suporte,Preto,1,35.9,35.9,16.45,18.21,50.7,0.0,0.0,0.0,1.24,3191,36,Anúncios,Pix,,Pendente,17,58,DF,Brasília
MLB2026-000996,2026-04-10,CAP-IP16-CRI,Capa iPhone 16 Cristal Espelhada,Cristal,Prata,1,37.9,37.9,15.78,19.23,50.7,0.0,0.0,0.0,2.89,1698,32,Anúncios,Pix,,Concluída,40,144,ES,Vitória
MLB2026-000997,2026-04-10,CAP-IP12-PLU,Capinha iPhone 12 Pelúcia,Pelúcia,Amarelo,2,33.9,67.8,31.54,27.23,40.2,12.9,9.03,0.0,0.0,0,0,Orgânico,Pix,,Concluída,21,230,AM,Manaus
MLB2026-000998,2026-04-10,CAP-GA56-CRI,Capa Galaxy A56 Cristal Espelhada,Cristal,Prata,2,34.9,69.8,34.28,35.52,50.9,0.0,0.0,0.0,0.0,0,0,Orgânico,Pix,,Concluída,22,103,SP,Campinas
MLB2026-000999,2026-04-10,CAP-GS24-COU,Capa Galaxy S24 Couro Premium,Couro,Preto,1,64.9,64.9,24.95,38.65,59.6,0.0,0.0,0.0,1.3,3313,95,Anúncios,Cartão de crédito,6,Concluída,16,169,DF,Ceilândia
MLB2026-001000,2026-04-10,CAP-R12-SUP,Capa realme 12 com Suporte,Com Suporte,Cinza,1,33.9,33.9,16.4,8.47,25.0,12.9,9.03,0.0,0.0,0,0,Orgânico,Pix,,Concluída,11,204,SP,Guarulhos
MLB2026-001001,2026-04-10,CAP-IP15-AGU,Capa iPhone 15 À Prova d'Água,À Prova d'Água,Preto,1,57.9,57.9,25.18,30.73,53.1,0.0,0.0,0.0,1.99,2417,15,Anúncios,Pix,,Concluída,31,103,BA,Salvador
MLB2026-001002,2026-04-10,CAP-IP15-AGU,Capa iPhone 15 À Prova d'Água,À Prova d'Água,Preto,1,57.9,57.9,21.73,32.18,55.6,0.0,0.0,0.0,3.99,1722,17,Anúncios,Pix,,Concluída,31,102,AM,Parintins
MLB2026-001003,2026-04-10,CAP-IP15-AGU,Capa iPhone 15 À Prova d'Água,À Prova d'Água,Preto,1,57.9,57.9,24.91,29.77,51.4,0.0,0.0,0.0,3.22,2278,30,Anúncios,Cartão de crédito,3,Concluída,31,101,SP,São Paulo
MLB2026-001004,2026-04-10,CAP-GA54-SIL,Capa Galaxy A54 Silicone Vermelho,Silicone,Vermelho,1,18.9,18.9,7.04,11.86,62.8,0.0,0.0,0.0,0.0,0,0,Orgânico,Cartão de crédito,6,Concluída,21,184,SP,São Paulo
MLB2026-001005,2026-04-11,CAP-IP15-SIL,Capa de Celular iPhone 15 Silicone Fosca,Silicone,Preto,1,24.9,24.9,9.4,6.47,26.0,12.9,9.03,0.0,0.0,0,0,Orgânico,Cartão de crédito,,Concluída,108,42,DF,Brasília
MLB2026-001006,2026-04-11,CAP-IP16-MAG,Capa iPhone 16 Silicone com MagSafe,MagSafe,Azul,1,49.9,49.9,17.69,27.71,55.5,0.0,0.0,0.0,4.5,1302,7,Anúncios,Pix,,Concluída,51,135,SP,Campinas
MLB2026-001007,2026-04-11,CAP-IP13-SIL,Capa iPhone 13 Silicone Colorida,Silicone,Rosa,1,21.9,21.9,10.38,8.18,37.4,0.0,0.0,0.0,3.34,310,9,Anúncios,Pix,,Concluída,46,209,AM,Parintins
MLB2026-001008,2026-04-11,CAP-IP12-TPU,Capa iPhone 12 TPU Transparente,TPU,Transparente,1,16.9,16.9,8.37,-1.34,-7.9,12.9,9.03,0.0,0.84,2096,21,Anúncios,Pix,,Concluída,31,42,SP,Campinas
MLB2026-001009,2026-04-11,CAP-GA55-CRI,Capa Galaxy A55 Cristal Ultra Fino,Cristal,Transparente,1,26.9,26.9,12.97,4.9,18.2,12.9,9.03,0.0,0.0,0,0,Orgânico,Pix,,Concluída,70,100,RS,Porto Alegre
MLB2026-001010,2026-04-11,CAP-GS24-SIL,Capa Galaxy S24 Silicone com Anel,Silicone,Azul,1,29.9,29.9,13.52,7.35,24.6,12.9,9.03,0.0,0.0,0,0,Orgânico,Pix,,Concluída,55,132,ES,Serra
MLB2026-001011,2026-04-11,CAP-GS23-TPU,Capa Galaxy S23 TPU Camuflada,TPU,Camuflado,1,19.9,19.9,9.61,10.29,51.7,0.0,0.0,0.0,0.0,0,0,Orgânico,Cartão de crédito,,Concluída,4,191,RS,Pelotas
MLB2026-001012,2026-04-11,CAP-RN13-SUP,Capa Redmi Note 13 com Suporte,Com Suporte,Preto,1,32.9,32.9,13.08,15.62,47.5,0.0,0.0,0.0,4.2,3272,79,Anúncios,Pix,,Devolvida,17,174,PR,Londrina
MLB2026-001013,2026-04-11,CAP-R11-PLU,Capa realme 11 Pelúcia Fofinha,Pelúcia,Rosa,1,34.9,34.9,17.05,8.82,25.3,12.9,9.03,0.0,0.0,0,0,Orgânico,Pix,,Concluída,20,77,RS,Caxias do Sul
MLB2026-001014,2026-04-11,CAP-MG85-SIL,Capa Moto G85 Silicone Azul,Silicone,Azul,1,19.9,19.9,9.73,10.17,51.1,0.0,0.0,0.0,0.0,0,0,Orgânico,Pix,,Concluída,10,188,SC,Chapecó
MLB2026-001015,2026-04-11,CAP-MG85-SIL,Capa Moto G85 Silicone Azul,Silicone,Azul,1,19.9,19.9,7.73,12.17,61.2,0.0,0.0,0.0,0.0,0,0,Orgânico,Pix,,Concluída,10,187,RS,Canoas
MLB2026-001016,2026-04-11,CAP-IP16-CRI,Capa iPhone 16 Cristal Espelhada,Cristal,Prata,1,37.9,37.9,16.56,21.34,56.3,0.0,0.0,0.0,0.0,0,0,Orgânico,Pix,,Concluída,41,143,RS,Pelotas
MLB2026-001017,2026-04-11,CAP-GS25-SIL,Capa Galaxy S25 Ultra Silicone MagSafe,MagSafe,Preto,1,54.9,54.9,21.46,33.44,60.9,0.0,0.0,0.0,0.0,0,0,Orgânico,Cartão de crédito,,Concluída,29,6,PR,Londrina
MLB2026-001018,2026-04-11,CAP-GS25-SIL,Capa Galaxy S25 Ultra Silicone MagSafe,MagSafe,Preto,1,54.9,54.9,24.1,29.67,54.0,0.0,0.0,0.0,1.13,1023,7,Anúncios,Pix,,Concluída,29,5,RJ,Rio de Janeiro
MLB2026-001019,2026-04-11,CAP-MG84-SUP,Capa Moto G84 com Suporte,Com Suporte,Preto,1,29.9,29.9,11.84,2.35,7.9,19.9,13.93,0.0,1.78,1092,8,Anúncios,Cartão de crédito,,Concluída,6,179,PR,Curitiba
MLB2026-001020,2026-04-11,CAP-GA56-CRI,Capa Galaxy A56 Cristal Espelhada,Cristal,Prata,3,34.9,104.7,51.78,38.99,37.2,19.9,13.93,0.0,0.0,0,0,Orgânico,Boleto,,Cancelada,45,100,CE,Fortaleza
MLB2026-001021,2026-04-11,CAP-GA56-CRI,Capa Galaxy A56 Cristal Espelhada,Cristal,Prata,2,34.9,69.8,32.24,23.63,33.9,19.9,13.93,0.0,0.0,0,0,Orgânico,Cartão de crédito,3,Concluída,45,98,SP,Osasco
MLB2026-001022,2026-04-11,CAP-RN14-PLU,Capa Redmi Note 14 Pelúcia,Pelúcia,Rosa,1,32.9,32.9,14.63,4.34,13.2,19.9,13.93,0.0,0.0,0,0,Orgânico,Pix,,Concluída,13,25,PR,Maringá
MLB2026-001023,2026-04-11,CAP-RN14-PLU,Capa Redmi Note 14 Pelúcia,Pelúcia,Rosa,1,32.9,32.9,11.54,16.11,49.0,0.0,0.0,1.23,4.02,790,20,Anúncios,Cartão de débito,,Concluída,13,24,SP,São Bernardo do Campo
MLB2026-001024,2026-04-11,CAP-R12-SUP,Capa realme 12 com Suporte,Com Suporte,Cinza,2,33.9,67.8,33.78,29.87,44.1,0.0,0.0,0.0,4.15,2930,57,Anúncios,Pix,,Concluída,9,202,PA,Ananindeua
MLB2026-001025,2026-04-11,CAP-MG85-TPU,Capa Moto G85 TPU Cinza,TPU,Cinza,1,16.9,16.9,7.87,-1.13,-6.7,12.9,9.03,1.13,0.0,0,0,Orgânico,Boleto,,Concluída,23,28,SP,Guarulhos
MLB2026-001026,2026-04-11,CAP-MG85-TPU,Capa Moto G85 TPU Cinza,TPU,Cinza,1,16.9,16.9,6.74,8.68,51.4,0.0,0.0,0.0,1.48,2233,25,Anúncios,Cartão de crédito,12,Concluída,23,27,ES,Vitória
MLB2026-001027,2026-04-12,CAP-IP11-SIL,Capinha iPhone 11 Silicone Antichoque,Silicone,Preto,1,15.9,15.9,7.04,-7.81,-49.1,19.9,13.93,0.0,2.74,871,23,Anúncios,Boleto,,Concluída,14,29,SP,Campinas
MLB2026-001028,2026-04-12,CAP-GA55-SIL,Capa Galaxy A55 Silicone Fosca,Silicone,Verde,3,22.9,68.7,33.21,21.56,31.4,19.9,13.93,0.0,0.0,0,0,Orgânico,Pix,,Concluída,59,112,CE,Sobral
MLB2026-001029,2026-04-12,CAP-GS24-SIL,Capa Galaxy S24 Silicone com Anel,Silicone,Azul,1,29.9,29.9,11.4,4.57,15.3,19.9,13.93,0.0,0.0,0,0,Orgânico,Pix,,Concluída,48,131,MG,Uberlândia
MLB2026-001030,2026-04-12,CAP-RN14-SIL,Capa Redmi Note 14 Silicone,Silicone,Preto,1,18.9,18.9,7.09,7.9,41.8,0.0,0.0,0.0,3.91,1764,48,Anúncios,Cartão de débito,,Concluída,83,100,PE,Recife
MLB2026-001031,2026-04-12,CAP-RN13-SUP,Capa Redmi Note 13 com Suporte,Com Suporte,Preto,1,32.9,32.9,15.97,1.11,3.4,19.9,13.93,0.0,1.89,1220,7,Anúncios,Pix,,Concluída,7,173,SP,Guarulhos
MLB2026-001032,2026-04-12,CAP-R12-SIL,Capa realme 12 Silicone Fosca,Silicone,Branco,1,20.9,20.9,10.28,0.46,2.2,12.9,9.03,0.0,1.13,2617,55,Anúncios,Pix,,Concluída,141,167,CE,Sobral
MLB2026-001033,2026-04-12,CAP-R12-SIL,Capa realme 12 Silicone Fosca,Silicone,Branco,1,20.9,20.9,7.59,1.97,9.4,12.9,9.03,0.0,2.31,602,5,Anúncios,Cartão de crédito,3,Pendente,141,166,ES,Vila Velha
MLB2026-001034,2026-04-12,CAP-R12-SIL,Capa realme 12 Silicone Fosca,Silicone,Branco,1,20.9,20.9,7.81,11.83,56.6,0.0,0.0,0.0,1.26,2348,65,Anúncios,Cartão de crédito,,Concluída,141,165,GO,Goiânia
MLB2026-001035,2026-04-12,CAP-MG84-TPU,Capa Moto G84 TPU Transparente,TPU,Transparente,1,15.9,15.9,6.65,-6.29,-39.6,19.9,13.93,0.0,1.61,3186,88,Anúncios,Pix,,Enviada,16,143,RJ,Niterói
MLB2026-001036,2026-04-12,CAP-ME50-COU,Capa Moto Edge 50 Couro Sintético,Couro,Marrom,1,59.9,59.9,27.19,32.71,54.6,0.0,0.0,0.0,0.0,0,0,Orgânico,Pix,,Concluída,9,54,SP,Campinas
MLB2026-001037,2026-04-12,CAP-ME50-COU,Capa Moto Edge 50 Couro Sintético,Couro,Marrom,1,59.9,59.9,29.17,27.37,45.7,0.0,0.0,0.0,3.36,2030,57,Anúncios,Pix,,Concluída,9,53,MA,São Luís
MLB2026-001038,2026-04-12,CAP-IP15-PLU,Capa iPhone 15 Pelúcia Colorida,Pelúcia,Rosa,1,39.9,39.9,18.5,11.32,28.4,12.9,9.03,1.05,0.0,0,0,Orgânico,Pix,,Cancelada,33,138,CE,Sobral
MLB2026-001039,2026-04-12,CAP-IP15-PLU,Capa iPhone 15 Pelúcia Colorida,Pelúcia,Rosa,1,39.9,39.9,14.0,25.9,64.9,0.0,0.0,0.0,0.0,0,0,Orgânico,Cartão de débito,,Cancelada,33,137,SP,Osasco
MLB2026-001040,2026-04-12,CAP-IP16-CRI,Capa iPhone 16 Cristal Espelhada,Cristal,Prata,1,37.9,37.9,14.27,14.6,38.5,12.9,9.03,0.0,0.0,0,0,Orgânico,Cartão de crédito,,Concluída,83,142,BA,Salvador
MLB2026-001041,2026-04-12,CAP-GS25-SIL,Capa Galaxy S25 Ultra Silicone MagSafe,MagSafe,Preto,1,54.9,54.9,20.01,34.89,63.6,0.0,0.0,0.0,0.0,0,0,Orgânico,Pix,,Concluída,31,4,SP,Campinas
MLB2026-001042,2026-04-12,CAP-MG84-SUP,Capa Moto G84 com Suporte,Com Suporte,Preto,1,29.9,29.9,11.3,17.11,57.2,0.0,0.0,0.0,1.49,870,6,Anúncios,Cartão de crédito,,Concluída,5,178,GO,Goiânia
MLB2026-001043,2026-04-12,CAP-GA56-CRI,Capa Galaxy A56 Cristal Espelhada,Cristal,Prata,1,34.9,34.9,14.26,20.64,59.1,0.0,0.0,0.0,0.0,0,0,Orgânico,Pix,,Concluída,16,97,SP,Osasco
MLB2026-001044,2026-04-12,CAP-GA56-CRI,Capa Galaxy A56 Cristal Espelhada,Cristal,Prata,2,34.9,69.8,26.7,43.1,61.7,0.0,0.0,0.0,0.0,0,0,Orgânico,Pix,,Cancelada,16,95,PE,Olinda
MLB2026-001045,2026-04-12,CAP-GS24-COU,Capa Galaxy S24 Couro Premium,Couro,Preto,1,64.9,64.9,27.45,37.45,57.7,0.0,0.0,0.0,0.0,0,0,Orgânico,Pix,,Concluída,26,168,SP,Guarulhos
MLB2026-001046,2026-04-12,CAP-MG85-TPU,Capa Moto G85 TPU Cinza,TPU,Cinza,1,16.9,16.9,6.11,1.76,10.4,12.9,9.03,0.0,0.0,0,0,Orgânico,Pix,,Concluída,6,26,DF,Brasília
MLB2026-001047,2026-04-13,CAP-IP15-SIL,Capa de Celular iPhone 15 Silicone Fosca,Silicone,Preto,1,24.9,24.9,10.8,14.1,56.6,0.0,0.0,0.0,0.0,0,0,Orgânico,Cartão de crédito,6,Concluída,105,41,SP,Guarulhos
MLB2026-001048,2026-04-13,CAP-IP15-SIL,Capa de Celular iPhone 15 Silicone Fosca,Silicone,Preto,2,24.9,49.8,17.7,32.1,64.5,0.0,0.0,0.0,0.0,0,0,Orgânico,Cartão de crédito,6,Concluída,105,39,RJ,Campos dos Goytacazes
MLB2026-001049,2026-04-13,CAP-IP11-SIL,Capinha iPhone 11 Silicone Antichoque,Silicone,Preto,3,15.9,47.7,19.89,18.78,39.4,12.9,9.03,0.0,0.0,0,0,Orgânico,Pix,,Concluída,42,26,PR,Londrina
MLB2026-001050,2026-04-13,CAP-GA55-SIL,Capa Galaxy A55 Silicone Fosca,Silicone,Verde,3,22.9,68.7,32.76,35.94,52.3,0.0,0.0,0.0,0.0,0,0,Orgânico,Pix,,Concluída,69,109,BA,Feira de Santana
MLB2026-001051,2026-04-13,CAP-GS23-TPU,Capa Galaxy S23 TPU Camuflada,TPU,Camuflado,1,19.9,19.9,7.26,9.71,48.8,0.0,0.0,0.0,2.93,778,11,Anúncios,Pix,,Concluída,44,190,SP,Guarulhos
MLB2026-001052,2026-04-13,CAP-RN13-SUP,Capa Redmi Note 13 com Suporte,Com Suporte,Preto,1,32.9,32.9,12.96,6.01,18.3,19.9,13.93,0.0,0.0,0,0,Orgânico,Cartão de débito,,Devolvida,20,172,ES,Serra
MLB2026-001053,2026-04-13,CAP-R12-SIL,Capa realme 12 Silicone Fosca,Silicone,Branco,1,20.9,20.9,10.08,-4.14,-19.8,19.9,13.93,1.03,0.0,0,0,Orgânico,Cartão de crédito,12,Enviada,20,164,ES,Vitória
MLB2026-001054,2026-04-13,CAP-R11-PLU,Capa realme 11 Pelúcia Fofinha,Pelúcia,Rosa,3,34.9,104.7,37.71,53.06,50.7,19.9,13.93,0.0,0.0,0,0,Orgânico,Pix,,Concluída,12,74,RJ,Rio de Janeiro
MLB2026-001055,2026-04-13,CAP-MG85-SIL,Capa Moto G85 Silicone Azul,Silicone,Azul,1,19.9,19.9,8.19,-6.7,-33.7,19.9,13.93,0.0,4.48,2393,30,Anúncios,Cartão de crédito,9,Enviada,8,186,CE,Sobral
MLB2026-001056,2026-04-13,CAP-MG85-SIL,Capa Moto G85 Silicone Azul,Silicone,Azul,1,19.9,19.9,8.85,2.02,10.2,12.9,9.03,0.0,0.0,0,0,Orgânico,Cartão de crédito,,Concluída,8,185,SP,Campinas
MLB2026-001057,2026-04-13,CAP-IP16-CRI,Capa iPhone 16 Cristal Espelhada,Cristal,Prata,1,37.9,37.9,15.78,2.84,7.5,19.9,13.93,4.04,1.31,3041,41,Anúncios,Pix,,Concluída,56,141,SP,São Paulo
MLB2026-001058,2026-04-13,CAP-IP16-PLU,Capa iPhone 16 Pelúcia Colorida,Pelúcia,Verde,1,41.9,41.9,18.8,14.07,33.6,12.9,9.03,0.0,0.0,0,0,Orgânico,Cartão de crédito,3,Concluída,7,60,PA,Belém
MLB2026-001059,2026-04-13,CAP-GA56-CRI,Capa Galaxy A56 Cristal Espelhada,Cristal,Prata,1,34.9,34.9,16.57,9.3,26.6,12.9,9.03,0.0,0.0,0,0,Orgânico,Cartão de crédito,3,Concluída,53,94,PR,Cascavel
MLB2026-001060,2026-04-13,CAP-GS24-COU,Capa Galaxy S24 Couro Premium,Couro,Preto,1,64.9,64.9,23.81,41.09,63.3,0.0,0.0,0.0,0.0,0,0,Orgânico,Boleto,,Concluída,9,167,SP,Guarulhos
MLB2026-001061,2026-04-13,CAP-GS24-COU,Capa Galaxy S24 Couro Premium,Couro,Preto,1,64.9,64.9,28.31,36.59,56.4,0.0,0.0,0.0,0.0,0,0,Orgânico,Pix,,Concluída,9,166,SP,Campinas
MLB2026-001062,2026-04-13,CAP-IP13-MAG,Capa iPhone 13 Silicone MagSafe,MagSafe,Branco,1,44.9,44.9,20.75,24.15,53.8,0.0,0.0,0.0,0.0,0,0,Orgânico,Pix,,Concluída,15,12,RS,Caxias do Sul
MLB2026-001063,2026-04-13,CAP-IP13-MAG,Capa iPhone 13 Silicone MagSafe,MagSafe,Branco,1,44.9,44.9,22.07,22.83,50.8,0.0,0.0,0.0,0.0,0,0,Orgânico,Pix,,Concluída,15,11,MG,Uberlândia
MLB2026-001064,2026-04-13,CAP-R12-SUP,Capa realme 12 com Suporte,Com Suporte,Cinza,1,33.9,33.9,14.72,10.15,29.9,12.9,9.03,0.0,0.0,0,0,Orgânico,Pix,,Concluída,11,201,ES,Vitória
MLB2026-001065,2026-04-13,CAP-R13C-SIL,Capa Redmi 13C Silicone Azul,Silicone,Azul,1,17.9,17.9,8.72,5.54,30.9,0.0,0.0,0.0,3.64,2339,36,Anúncios,Pix,,Concluída,30,34,RJ,Rio de Janeiro
MLB2026-001066,2026-04-13,CAP-R13C-SIL,Capa Redmi 13C Silicone Azul,Silicone,Azul,1,17.9,17.9,8.77,0.1,0.6,12.9,9.03,0.0,0.0,0,0,Orgânico,Pix,,Concluída,30,33,BA,Vitória da Conquista
MLB2026-001067,2026-04-13,CAP-R13C-SIL,Capa Redmi 13C Silicone Azul,Silicone,Azul,1,17.9,17.9,7.85,-3.88,-21.7,19.9,13.93,0.0,0.0,0,0,Orgânico,Pix,,Concluída,30,32,BA,Salvador
MLB2026-001068,2026-04-14,CAP-IP11-SIL,Capinha iPhone 11 Silicone Antichoque,Silicone,Preto,1,15.9,15.9,6.03,7.61,47.9,0.0,0.0,0.0,2.26,1394,6,Anúncios,Cartão de crédito,6,Cancelada,106,25,ES,Vitória
MLB2026-001069,2026-04-14,CAP-GA55-SIL,Capa Galaxy A55 Silicone Fosca,Silicone,Verde,1,22.9,22.9,10.29,-3.23,-14.1,19.9,13.93,1.91,0.0,0,0,Orgânico,Cartão de crédito,,Concluída,68,108,PE,Recife
MLB2026-001070,2026-04-14,CAP-GA54-TPU,Capa Galaxy A54 TPU Antirrisco,TPU,Cinza,1,15.9,15.9,6.09,0.78,4.9,12.9,9.03,0.0,0.0,0,0,Orgânico,Cartão de débito,,Concluída,70,159,RJ,Duque de Caxias
MLB2026-001071,2026-04-14,CAP-GA54-TPU,Capa Galaxy A54 TPU Antirrisco,TPU,Cinza,1,15.9,15.9,7.32,-5.35,-33.6,19.9,13.93,0.0,0.0,0,0,Orgânico,Pix,,Concluída,70,158,DF,Ceilândia
MLB2026-001072,2026-04-14,CAP-GS23-TPU,Capa Galaxy S23 TPU Camuflada,TPU,Camuflado,1,19.9,19.9,8.75,-5.86,-29.4,19.9,13.93,0.0,3.08,1454,22,Anúncios,Pix,,Concluída,7,189,BA,Feira de Santana
MLB2026-001073,2026-04-14,CAP-RN14-SIL,Capa Redmi Note 14 Silicone,Silicone,Preto,1,18.9,18.9,7.07,0.12,0.6,12.9,9.03,0.0,2.68,1507,17,Anúncios,Pix,,Concluída,31,99,MG,Belo Horizonte
MLB2026-001074,2026-04-14,CAP-RN13-TPU,Capa Redmi Note 13 TPU Cristal,TPU,Transparente,1,14.9,14.9,7.4,-5.76,-38.7,12.9,9.03,0.0,4.23,3050,70,Anúncios,Pix,,Concluída,36,203,MG,Juiz de Fora
MLB2026-001075,2026-04-14,CAP-R12-SIL,Capa realme 12 Silicone Fosca,Silicone,Branco,1,20.9,20.9,8.57,-6.58,-31.5,19.9,13.93,4.98,0.0,0,0,Orgânico,Cartão de crédito,,Concluída,6,163,SC,Joinville
MLB2026-001076,2026-04-14,CAP-IP15-PLU,Capa iPhone 15 Pelúcia Colorida,Pelúcia,Rosa,1,39.9,39.9,18.77,21.13,53.0,0.0,0.0,0.0,0.0,0,0,Orgânico,Pix,,Enviada,17,136,MG,Juiz de Fora
MLB2026-001077,2026-04-14,CAP-RN14-AGU,Capa Redmi Note 14 À Prova d'Água,À Prova d'Água,Azul,1,54.9,54.9,25.22,29.68,54.1,0.0,0.0,0.0,0.0,0,0,Orgânico,Cartão de crédito,,Concluída,7,64,MG,Uberlândia
MLB2026-001078,2026-04-14,CAP-GS25-SIL,Capa Galaxy S25 Ultra Silicone MagSafe,MagSafe,Preto,1,54.9,54.9,23.05,31.85,58.0,0.0,0.0,0.0,0.0,0,0,Orgânico,Pix,,Concluída,34,3,SP,São Paulo
MLB2026-001079,2026-04-14,CAP-GS25-SIL,Capa Galaxy S25 Ultra Silicone MagSafe,MagSafe,Preto,1,54.9,54.9,20.01,31.37,57.1,0.0,0.0,3.52,0.0,0,0,Orgânico,Pix,,Concluída,34,2,PR,Londrina
MLB2026-001080,2026-04-14,CAP-GS24-COU,Capa Galaxy S24 Couro Premium,Couro,Preto,1,64.9,64.9,27.95,36.95,56.9,0.0,0.0,0.0,0.0,0,0,Orgânico,Pix,,Devolvida,11,165,DF,Taguatinga
MLB2026-001081,2026-04-14,CAP-IP13-MAG,Capa iPhone 13 Silicone MagSafe,MagSafe,Branco,1,44.9,44.9,22.18,21.62,48.2,0.0,0.0,0.0,1.1,924,25,Anúncios,Pix,,Concluída,62,10,RS,Canoas
MLB2026-001082,2026-04-14,CAP-IP15-AGU,Capa iPhone 15 À Prova d'Água,À Prova d'Água,Preto,1,57.9,57.9,25.18,32.72,56.5,0.0,0.0,0.0,0.0,0,0,Orgânico,Cartão de crédito,6,Concluída,5,100,SC,Florianópolis
MLB2026-001083,2026-04-14,CAP-R13C-SIL,Capa Redmi 13C Silicone Azul,Silicone,Azul,1,17.9,17.9,6.93,-5.85,-32.7,19.9,13.93,0.0,2.89,3366,28,Anúncios,Cartão de crédito,,Concluída,30,31,ES,Vila Velha
MLB2026-001084,2026-04-14,CAP-R13C-SIL,Capa Redmi 13C Silicone Azul,Silicone,Azul,1,17.9,17.9,8.78,-4.89,-27.3,12.9,9.03,4.98,0.0,0,0,Orgânico,Pix,,Enviada,30,30,BA,Salvador
MLB2026-001085,2026-04-15,CAP-IP16-MAG,Capa iPhone 16 Silicone com MagSafe,MagSafe,Azul,1,49.9,49.9,20.0,29.9,59.9,0.0,0.0,0.0,0.0,0,0,Orgânico,Boleto,,Concluída,32,134,DF,Ceilândia
MLB2026-001086,2026-04-15,CAP-GA55-SIL,Capa Galaxy A55 Silicone Fosca,Silicone,Verde,1,22.9,22.9,10.24,9.6,41.9,0.0,0.0,3.06,0.0,0,0,Orgânico,Pix,,Concluída,132,107,SP,Guarulhos
MLB2026-001087,2026-04-15,CAP-GA55-CRI,Capa Galaxy A55 Cristal Ultra Fino,Cristal,Transparente,1,26.9,26.9,11.55,6.32,23.5,12.9,9.03,0.0,0.0,0,0,Orgânico,Pix,,Concluída,59,99,SC,Blumenau
MLB2026-001088,2026-04-15,CAP-RN14-SIL,Capa Redmi Note 14 Silicone,Silicone,Preto,1,18.9,18.9,7.51,-2.54,-13.4,19.9,13.93,0.0,0.0,0,0,Orgânico,Pix,,Cancelada,19,98,PR,Maringá
MLB2026-001089,2026-04-15,CAP-RN14-SIL,Capa Redmi Note 14 Silicone,Silicone,Preto,1,18.9,18.9,8.78,10.12,53.5,0.0,0.0,0.0,0.0,0,0,Orgânico,Cartão de crédito,,Concluída,19,97,SP,Campinas
MLB2026-001090,2026-04-15,CAP-RN14-SIL,Capa Redmi Note 14 Silicone,Silicone,Preto,1,18.9,18.9,6.75,12.15,64.3,0.0,0.0,0.0,0.0,0,0,Orgânico,Pix,,Enviada,19,96,PR,Londrina
MLB2026-001091,2026-04-15,CAP-RN13-TPU,Capa Redmi Note 13 TPU Cristal,TPU,Transparente,1,14.9,14.9,5.23,-6.74,-45.2,19.9,13.93,2.48,0.0,0,0,Orgânico,Boleto,,Concluída,8,202,PR,Maringá
MLB2026-001092,2026-04-15,CAP-RN13-TPU,Capa Redmi Note 13 TPU Cristal,TPU,Transparente,1,14.9,14.9,5.99,5.89,39.5,0.0,0.0,0.0,3.02,2546,20,Anúncios,Boleto,,Concluída,8,201,BA,Vitória da Conquista
MLB2026-001093,2026-04-15,CAP-R11-PLU,Capa realme 11 Pelúcia Fofinha,Pelúcia,Rosa,1,34.9,34.9,16.87,4.1,11.7,19.9,13.93,0.0,0.0,0,0,Orgânico,Cartão de débito,,Concluída,25,73,RS,Porto Alegre
MLB2026-001094,2026-04-15,CAP-MG85-SIL,Capa Moto G85 Silicone Azul,Silicone,Azul,1,19.9,19.9,7.23,-1.26,-6.3,19.9,13.93,0.0,0.0,0,0,Orgânico,Pix,,Concluída,22,184,PR,Curitiba
MLB2026-001095,2026-04-15,CAP-MG85-SIL,Capa Moto G85 Silicone Azul,Silicone,Azul,1,19.9,19.9,8.92,1.95,9.8,12.9,9.03,0.0,0.0,0,0,Orgânico,Pix,,Cancelada,22,183,SP,São Paulo
MLB2026-001096,2026-04-15,CAP-IP15-PLU,Capa iPhone 15 Pelúcia Colorida,Pelúcia,Rosa,1,39.9,39.9,14.63,11.34,28.4,19.9,13.93,0.0,0.0,0,0,Orgânico,Cartão de crédito,6,Concluída,7,135,MG,Contagem
MLB2026-001097,2026-04-15,CAP-IP15-PLU,Capa iPhone 15 Pelúcia Colorida,Pelúcia,Rosa,2,39.9,79.8,33.74,46.06,57.7,0.0,0.0,0.0,0.0,0,0,Orgânico,Pix,,Concluída,7,133,SP,Campinas
MLB2026-001098,2026-04-15,CAP-GS25-SIL,Capa Galaxy S25 Ultra Silicone MagSafe,MagSafe,Preto,1,54.9,54.9,22.51,32.39,59.0,0.0,0.0,0.0,0.0,0,0,Orgânico,Pix,,Concluída,11,1,SP,Osasco
MLB2026-001099,2026-04-15,CAP-GS25-SIL,Capa Galaxy S25 Ultra Silicone MagSafe,MagSafe,Preto,1,54.9,54.9,26.23,20.92,38.1,0.0,0.0,3.51,4.24,1426,10,Anúncios,Cartão de crédito,,Concluída,11,0,GO,Anápolis
MLB2026-001100,2026-04-15,CAP-IP12-PLU,Capinha iPhone 12 Pelúcia,Pelúcia,Amarelo,1,33.9,33.9,13.0,7.3,21.5,12.9,9.03,4.57,0.0,0,0,Orgânico,Pix,,Concluída,4,229,CE,Fortaleza
MLB2026-001101,2026-04-15,CAP-MG84-SUP,Capa Moto G84 com Suporte,Com Suporte,Preto,1,29.9,29.9,11.81,9.06,30.3,12.9,9.03,0.0,0.0,0,0,Orgânico,Pix,,Concluída,9,177,PR,Cascavel
MLB2026-001102,2026-04-15,CAP-MG84-SUP,Capa Moto G84 com Suporte,Com Suporte,Preto,1,29.9,29.9,13.01,2.96,9.9,19.9,13.93,0.0,0.0,0,0,Orgânico,Boleto,,Concluída,9,176,SP,Campinas
MLB2026-001103,2026-04-15,CAP-GS24-COU,Capa Galaxy S24 Couro Premium,Couro,Preto,1,64.9,64.9,24.55,37.86,58.3,0.0,0.0,0.0,2.49,3142,56,Anúncios,Pix,,Concluída,15,164,ES,Serra
MLB2026-001104,2026-04-15,CAP-GS24-COU,Capa Galaxy S24 Couro Premium,Couro,Preto,1,64.9,64.9,25.55,39.35,60.6,0.0,0.0,0.0,0.0,0,0,Orgânico,Boleto,,Concluída,15,163,PR,Curitiba
MLB2026-001105,2026-04-15,CAP-IP13-MAG,Capa iPhone 13 Silicone MagSafe,MagSafe,Branco,1,44.9,44.9,21.37,19.88,44.3,0.0,0.0,0.0,3.65,439,9,Anúncios,Boleto,,Devolvida,41,9,BA,Vitória da Conquista
MLB2026-001106,2026-04-15,CAP-IP15-AGU,Capa iPhone 15 À Prova d'Água,À Prova d'Água,Preto,1,57.9,57.9,25.68,32.22,55.6,0.0,0.0,0.0,0.0,0,0,Orgânico,Cartão de crédito,6,Concluída,12,99,SP,São Bernardo do Campo
MLB2026-001107,2026-04-15,CAP-IP15-AGU,Capa iPhone 15 À Prova d'Água,À Prova d'Água,Preto,1,57.9,57.9,28.06,29.84,51.5,0.0,0.0,0.0,0.0,0,0,Orgânico,Pix,,Concluída,12,98,AM,Manaus
MLB2026-001108,2026-04-15,CAP-R13C-SIL,Capa Redmi 13C Silicone Azul,Silicone,Azul,1,17.9,17.9,8.14,-4.17,-23.3,19.9,13.93,0.0,0.0,0,0,Orgânico,Boleto,,Concluída,43,29,MG,Contagem
MLB2026-001109,2026-04-16,CAP-IP16-MAG,Capa iPhone 16 Silicone com MagSafe,MagSafe,Azul,1,49.9,49.9,18.94,30.96,62.0,0.0,0.0,0.0,0.0,0,0,Orgânico,Pix,,Concluída,39,133,MG,Juiz de Fora
MLB2026-001110,2026-04-16,CAP-IP13-SIL,Capa iPhone 13 Silicone Colorida,Silicone,Rosa,1,21.9,21.9,10.33,11.57,52.8,0.0,0.0,0.0,0.0,0,0,Orgânico,Pix,,Concluída,27,208,RS,Pelotas
MLB2026-001111,2026-04-16,CAP-IP11-SIL,Capinha iPhone 11 Silicone Antichoque,Silicone,Preto,1,15.9,15.9,5.96,-0.93,-5.8,12.9,9.03,0.0,1.84,2842,83,Anúncios,Pix,,Concluída,45,24,RJ,Campos dos Goytacazes
MLB2026-001112,2026-04-16,CAP-GA55-SIL,Capa Galaxy A55 Silicone Fosca,Silicone,Verde,1,22.9,22.9,10.72,-1.75,-7.6,19.9,13.93,0.0,0.0,0,0,Orgânico,Pix,,Pendente,56,106,BA,Feira de Santana
MLB2026-001113,2026-04-16,CAP-GA54-TPU,Capa Galaxy A54 TPU Antirrisco,TPU,Cinza,1,15.9,15.9,6.71,0.16,1.0,12.9,9.03,0.0,0.0,0,0,Orgânico,Cartão de crédito,12,Concluída,15,157,MG,Contagem
MLB2026-001114,2026-04-16,CAP-GS25-COU,Capa Galaxy S25 Ultra Couro Premium,Couro,Marrom,1,69.9,69.9,30.01,39.89,57.1,0.0,0.0,0.0,0.0,0,0,Orgânico,Boleto,,Concluída,29,159,PR,Curitiba
MLB2026-001115,2026-04-16,CAP-GS25-COU,Capa Galaxy S25 Ultra Couro Premium,Couro,Marrom,1,69.9,69.9,31.97,36.29,51.9,0.0,0.0,0.0,1.64,670,10,Anúncios,Boleto,,Concluída,29,158,SP,Campinas
MLB2026-001116,2026-04-16,CAP-MG85-SIL,Capa Moto G85 Silicone Azul,Silicone,Azul,1,19.9,19.9,9.39,-3.42,-17.2,19.9,13.93,0.0,0.0,0,0,Orgânico,Cartão de crédito,,Enviada,15,182,PR,Cascavel
MLB2026-001117,2026-04-16,CAP-IP15-PLU,Capa iPhone 15 Pelúcia Colorida,Pelúcia,Rosa,1,39.9,39.9,14.32,8.99,22.5,19.9,13.93,0.0,2.66,1262,13,Anúncios,Cartão de crédito,,Concluída,8,132,MG,Juiz de Fora
MLB2026-001118,2026-04-16,CAP-RN14-AGU,Capa Redmi Note 14 À Prova d'Água,À Prova d'Água,Azul,1,54.9,54.9,19.74,30.87,56.2,0.0,0.0,0.0,4.29,2324,52,Anúncios,Pix,,Concluída,13,63,PR,Maringá
MLB2026-001119,2026-04-16,CAP-IP16-CRI,Capa iPhone 16 Cristal Espelhada,Cristal,Prata,1,37.9,37.9,15.2,11.85,31.3,12.9,9.03,0.0,1.82,822,14,Anúncios,Cartão de crédito,,Concluída,34,140,SP,Guarulhos
MLB2026-001120,2026-04-16,CAP-GS25-SIL,Capa Galaxy S25 Ultra Silicone MagSafe,MagSafe,Preto,1,54.9,54.9,21.34,33.56,61.1,0.0,0.0,0.0,0.0,0,0,Orgânico,Pix,,Concluída,17,0,ES,Vitória
MLB2026-001121,2026-04-16,CAP-R12-CRI,Capa realme 12 Cristal Transparente,Cristal,Transparente,1,24.9,24.9,10.67,-1.8,-7.2,19.9,13.93,0.0,2.1,2616,12,Anúncios,Pix,,Concluída,13,0,PR,Londrina
MLB2026-001122,2026-04-16,CAP-IP13-MAG,Capa iPhone 13 Silicone MagSafe,MagSafe,Branco,3,44.9,134.7,59.16,75.54,56.1,0.0,0.0,0.0,0.0,0,0,Orgânico,Pix,,Concluída,10,6,MG,Juiz de Fora
MLB2026-001123,2026-04-16,CAP-MG85-TPU,Capa Moto G85 TPU Cinza,TPU,Cinza,3,16.9,50.7,18.75,21.71,42.8,12.9,9.03,0.0,1.21,527,14,Anúncios,Boleto,,Cancelada,54,23,SP,Osasco
MLB2026-001124,2026-04-16,CAP-IP15-AGU,Capa iPhone 15 À Prova d'Água,À Prova d'Água,Preto,1,57.9,57.9,21.71,36.19,62.5,0.0,0.0,0.0,0.0,0,0,Orgânico,Cartão de crédito,9,Concluída,6,97,SP,São Bernardo do Campo
MLB2026-001125,2026-04-16,CAP-IP15-AGU,Capa iPhone 15 À Prova d'Água,À Prova d'Água,Preto,1,57.9,57.9,20.7,37.2,64.2,0.0,0.0,0.0,0.0,0,0,Orgânico,Pix,,Concluída,6,96,RS,Pelotas
MLB2026-001126,2026-04-16,CAP-R13C-SIL,Capa Redmi 13C Silicone Azul,Silicone,Azul,1,17.9,17.9,8.25,0.62,3.5,12.9,9.03,0.0,0.0,0,0,Orgânico,Pix,,Enviada,13,28,PR,Maringá
MLB2026-001127,2026-04-17,CAP-IP15-SIL,Capa de Celular iPhone 15 Silicone Fosca,Silicone,Preto,1,24.9,24.9,10.85,14.05,56.4,0.0,0.0,0.0,0.0,0,0,Orgânico,Pix,,Concluída,113,38,MG,Uberlândia
MLB2026-001128,2026-04-17,CAP-IP15-SIL,Capa de Celular iPhone 15 Silicone Fosca,Silicone,Preto,1,24.9,24.9,9.58,12.3,49.4,0.0,0.0,0.0,3.02,2248,50,Anúncios,Pix,,Concluída,113,37,SC,Joinville
MLB2026-001129,2026-04-17,CAP-IP15-SIL,Capa de Celular iPhone 15 Silicone Fosca,Silicone,Preto,1,24.9,24.9,9.33,15.57,62.5,0.0,0.0,0.0,0.0,0,0,Orgânico,Boleto,,Concluída,113,36,SC,Florianópolis
MLB2026-001130,2026-04-17,CAP-IP13-SIL,Capa iPhone 13 Silicone Colorida,Silicone,Rosa,2,21.9,43.8,17.3,15.94,36.4,12.9,9.03,0.0,1.53,2466,39,Anúncios,Cartão de crédito,3,Concluída,26,206,BA,Vitória da Conquista
MLB2026-001131,2026-04-17,CAP-IP13-SIL,Capa iPhone 13 Silicone Colorida,Silicone,Rosa,1,21.9,21.9,9.8,3.07,14.0,12.9,9.03,0.0,0.0,0,0,Orgânico,Cartão de crédito,12,Concluída,26,205,CE,Fortaleza
MLB2026-001132,2026-04-17,CAP-IP12-TPU,Capa iPhone 12 TPU Transparente,TPU,Transparente,1,16.9,16.9,6.44,-0.72,-4.3,12.9,9.03,2.15,0.0,0,0,Orgânico,Pix,,Concluída,18,41,SP,Campinas
MLB2026-001133,2026-04-17,CAP-GA55-SIL,Capa Galaxy A55 Silicone Fosca,Silicone,Verde,2,22.9,45.8,17.56,24.36,53.2,0.0,0.0,0.0,3.88,1028,27,Anúncios,Pix,,Concluída,49,104,RS,Caxias do Sul
MLB2026-001134,2026-04-17,CAP-GA55-CRI,Capa Galaxy A55 Cristal Ultra Fino,Cristal,Transparente,1,26.9,26.9,10.69,16.21,60.3,0.0,0.0,0.0,0.0,0,0,Orgânico,Cartão de crédito,,Concluída,41,98,PE,Petrolina
MLB2026-001135,2026-04-17,CAP-GS24-SIL,Capa Galaxy S24 Silicone com Anel,Silicone,Azul,1,29.9,29.9,11.92,8.95,29.9,12.9,9.03,0.0,0.0,0,0,Orgânico,Pix,,Cancelada,43,130,RS,Canoas
MLB2026-001136,2026-04-17,CAP-GS24-SIL,Capa Galaxy S24 Silicone com Anel,Silicone,Azul,1,29.9,29.9,13.0,13.85,46.3,0.0,0.0,0.0,3.05,2147,21,Anúncios,Pix,,Concluída,43,129,SP,Campinas
MLB2026-001137,2026-04-17,CAP-GS24-SIL,Capa Galaxy S24 Silicone com Anel,Silicone,Azul,1,29.9,29.9,11.19,9.68,32.4,12.9,9.03,0.0,0.0,0,0,Orgânico,Pix,,Concluída,43,128,MG,Uberlândia
MLB2026-001138,2026-04-17,CAP-GS23-TPU,Capa Galaxy S23 TPU Camuflada,TPU,Camuflado,1,19.9,19.9,7.66,0.86,4.3,12.9,9.03,2.35,0.0,0,0,Orgânico,Cartão de crédito,,Concluída,17,188,DF,Brasília
MLB2026-001139,2026-04-17,CAP-RN14-SIL,Capa Redmi Note 14 Silicone,Silicone,Preto,1,18.9,18.9,6.76,-6.25,-33.1,19.9,13.93,0.0,4.46,1891,54,Anúncios,Cartão de débito,,Concluída,30,95,SP,Guarulhos
MLB2026-001140,2026-04-17,CAP-MG84-TPU,Capa Moto G84 TPU Transparente,TPU,Transparente,1,15.9,15.9,7.74,8.16,51.3,0.0,0.0,0.0,0.0,0,0,Orgânico,Cartão de débito,,Concluída,8,142,SP,Campinas
MLB2026-001141,2026-04-17,CAP-MG85-TPU,Capa Moto G85 TPU Cinza,TPU,Cinza,1,16.9,16.9,6.05,1.82,10.8,12.9,9.03,0.0,0.0,0,0,Orgânico,Pix,,Concluída,16,22,MG,Juiz de Fora
MLB2026-001142,2026-04-17,CAP-GA54-SIL,Capa Galaxy A54 Silicone Vermelho,Silicone,Vermelho,3,18.9,56.7,22.2,34.5,60.8,0.0,0.0,0.0,0.0,0,0,Orgânico,Pix,,Cancelada,23,181,SP,São Bernardo do Campo
MLB2026-001143,2026-04-18,CAP-IP16-MAG,Capa iPhone 16 Silicone com MagSafe,MagSafe,Azul,1,49.9,49.9,20.71,28.21,56.5,0.0,0.0,0.0,0.98,1629,6,Anúncios,Pix,,Concluída,38,132,BA,Vitória da Conquista
MLB2026-001144,2026-04-18,CAP-IP12-TPU,Capa iPhone 12 TPU Transparente,TPU,Transparente,1,16.9,16.9,7.67,9.23,54.6,0.0,0.0,0.0,0.0,0,0,Orgânico,Pix,,Concluída,10,40,RJ,Campos dos Goytacazes
MLB2026-001145,2026-04-18,CAP-IP11-SIL,Capinha iPhone 11 Silicone Antichoque,Silicone,Preto,1,15.9,15.9,6.45,9.45,59.4,0.0,0.0,0.0,0.0,0,0,Orgânico,Pix,,Concluída,29,23,PE,Caruaru
MLB2026-001146,2026-04-18,CAP-GA55-SIL,Capa Galaxy A55 Silicone Fosca,Silicone,Verde,2,22.9,45.8,21.7,8.65,18.9,19.9,13.93,0.0,1.52,3343,54,Anúncios,Cartão de crédito,,Concluída,16,102,RJ,Rio de Janeiro
MLB2026-001147,2026-04-18,CAP-GA55-CRI,Capa Galaxy A55 Cristal Ultra Fino,Cristal,Transparente,1,26.9,26.9,11.28,0.33,1.2,19.9,13.93,0.0,1.36,2994,39,Anúncios,Cartão de débito,,Concluída,17,97,SP,São Bernardo do Campo
MLB2026-001148,2026-04-18,CAP-RN14-SIL,Capa Redmi Note 14 Silicone,Silicone,Preto,1,18.9,18.9,9.09,9.81,51.9,0.0,0.0,0.0,0.0,0,0,Orgânico,Pix,,Enviada,33,94,GO,Goiânia
MLB2026-001149,2026-04-18,CAP-R12-SIL,Capa realme 12 Silicone Fosca,Silicone,Branco,1,20.9,20.9,10.15,-5.39,-25.8,19.9,13.93,0.0,2.21,1817,44,Anúncios,Pix,,Concluída,27,162,SC,Joinville
MLB2026-001150,2026-04-18,CAP-MG84-TPU,Capa Moto G84 TPU Transparente,TPU,Transparente,1,15.9,15.9,6.49,-4.52,-28.4,19.9,13.93,0.0,0.0,0,0,Orgânico,Pix,,Concluída,38,141,PA,Belém
MLB2026-001151,2026-04-18,CAP-MG84-TPU,Capa Moto G84 TPU Transparente,TPU,Transparente,1,15.9,15.9,6.31,9.59,60.3,0.0,0.0,0.0,0.0,0,0,Orgânico,Cartão de crédito,,Concluída,38,140,SP,Campinas
MLB2026-001152,2026-04-18,CAP-MG84-TPU,Capa Moto G84 TPU Transparente,TPU,Transparente,1,15.9,15.9,6.76,5.72,36.0,0.0,0.0,0.0,3.42,3333,80,Anúncios,Boleto,,Concluída,38,139,PA,Belém
MLB2026-001153,2026-04-18,CAP-MG85-SIL,Capa Moto G85 Silicone Azul,Silicone,Azul,1,19.9,19.9,7.11,11.46,57.6,0.0,0.0,0.0,1.33,2298,62,Anúncios,Pix,,Concluída,46,181,MG,Juiz de Fora
MLB2026-001154,2026-04-18,CAP-MG84-SUP,Capa Moto G84 com Suporte,Com Suporte,Preto,1,29.9,29.9,14.58,3.33,11.1,12.9,9.03,0.0,2.96,406,8,Anúncios,Cartão de crédito,9,Concluída,9,175,CE,Fortaleza
MLB2026-001155,2026-04-18,CAP-MG84-SUP,Capa Moto G84 com Suporte,Com Suporte,Preto,1,29.9,29.9,13.21,16.69,55.8,0.0,0.0,0.0,0.0,0,0,Orgânico,Pix,,Enviada,9,174,SP,Osasco
MLB2026-001156,2026-04-18,CAP-R13C-SIL,Capa Redmi 13C Silicone Azul,Silicone,Azul,1,17.9,17.9,6.65,1.17,6.5,12.9,9.03,1.05,0.0,0,0,Orgânico,Cartão de crédito,,Concluída,10,27,MA,São Luís
MLB2026-001157,2026-04-19,CAP-IP15-SIL,Capa de Celular iPhone 15 Silicone Fosca,Silicone,Preto,1,24.9,24.9,8.78,16.12,64.7,0.0,0.0,0.0,0.0,0,0,Orgânico,Cartão de crédito,,Concluída,39,35,SP,Campinas
MLB2026-001158,2026-04-19,CAP-IP15-CRI,Capa iPhone 15 Acrílico Cristal Transparente,Cristal,Transparente,1,29.9,29.9,11.66,3.44,11.5,19.9,13.93,0.0,0.87,3167,57,Anúncios,Pix,,Concluída,33,6,SP,Osasco
MLB2026-001159,2026-04-19,CAP-IP12-TPU,Capa iPhone 12 TPU Transparente,TPU,Transparente,1,16.9,16.9,7.9,9.0,53.3,0.0,0.0,0.0,0.0,0,0,Orgânico,Cartão de crédito,,Concluída,48,39,SP,Osasco
MLB2026-001160,2026-04-19,CAP-GA55-SIL,Capa Galaxy A55 Silicone Fosca,Silicone,Verde,1,22.9,22.9,9.85,-2.43,-10.6,19.9,13.93,0.0,1.55,1366,27,Anúncios,Pix,,Concluída,101,101,AM,Manaus
MLB2026-001161,2026-04-19,CAP-GA54-TPU,Capa Galaxy A54 TPU Antirrisco,TPU,Cinza,1,15.9,15.9,6.65,-4.68,-29.4,19.9,13.93,0.0,0.0,0,0,Orgânico,Pix,,Concluída,36,156,PE,Olinda
MLB2026-001162,2026-04-19,CAP-GS24-SIL,Capa Galaxy S24 Silicone com Anel,Silicone,Azul,1,29.9,29.9,14.65,4.26,14.2,12.9,9.03,0.0,1.96,995,25,Anúncios,Pix,,Concluída,53,127,MG,Belo Horizonte
MLB2026-001163,2026-04-19,CAP-RN13-TPU,Capa Redmi Note 13 TPU Cristal,TPU,Transparente,1,14.9,14.9,6.57,-0.7,-4.7,12.9,9.03,0.0,0.0,0,0,Orgânico,Cartão de crédito,12,Concluída,31,200,BA,Salvador
MLB2026-001164,2026-04-19,CAP-R12-SIL,Capa realme 12 Silicone Fosca,Silicone,Branco,2,20.9,41.8,20.08,20.34,48.7,0.0,0.0,1.38,0.0,0,0,Orgânico,Cartão de débito,,Devolvida,64,160,MG,Juiz de Fora
MLB2026-001165,2026-04-19,CAP-R12-SIL,Capa realme 12 Silicone Fosca,Silicone,Branco,1,20.9,20.9,9.27,11.63,55.6,0.0,0.0,0.0,0.0,0,0,Orgânico,Cartão de crédito,3,Concluída,64,159,CE,Sobral
MLB2026-001166,2026-04-19,CAP-GS25-SIL,Capa Galaxy S25 Ultra Silicone MagSafe,MagSafe,Preto,1,54.9,54.9,27.19,27.71,50.5,0.0,0.0,0.0,0.0,0,0,Orgânico,Cartão de crédito,,Concluída,13,0,SP,Osasco
MLB2026-001167,2026-04-19,CAP-IP12-PLU,Capinha iPhone 12 Pelúcia,Pelúcia,Amarelo,1,33.9,33.9,14.82,0.91,2.7,19.9,13.93,0.0,4.24,3436,52,Anúncios,Pix,,Concluída,10,228,SC,Joinville
MLB2026-001168,2026-04-19,CAP-GA56-CRI,Capa Galaxy A56 Cristal Espelhada,Cristal,Prata,1,34.9,34.9,13.25,7.72,22.1,19.9,13.93,0.0,0.0,0,0,Orgânico,Cartão de crédito,,Concluída,32,93,ES,Vitória
MLB2026-001169,2026-04-20,CAP-IP16-MAG,Capa iPhone 16 Silicone com MagSafe,MagSafe,Azul,1,49.9,49.9,18.04,31.86,63.8,0.0,0.0,0.0,0.0,0,0,Orgânico,Cartão de crédito,12,Concluída,21,131,MG,Juiz de Fora
MLB2026-001170,2026-04-20,CAP-IP11-SIL,Capinha iPhone 11 Silicone Antichoque,Silicone,Preto,1,15.9,15.9,6.82,-4.85,-30.5,19.9,13.93,0.0,0.0,0,0,Orgânico,Boleto,,Concluída,63,22,SC,Florianópolis
MLB2026-001171,2026-04-20,CAP-IP11-SIL,Capinha iPhone 11 Silicone Antichoque,Silicone,Preto,1,15.9,15.9,6.56,0.31,1.9,12.9,9.03,0.0,0.0,0,0,Orgânico,Pix,,Concluída,63,21,CE,Sobral
MLB2026-001172,2026-04-20,CAP-IP15-AGU,Capa iPhone 15 À Prova d'Água,À Prova d'Água,Preto,1,57.9,57.9,21.32,34.61,59.8,0.0,0.0,1.97,0.0,0,0,Orgânico,Pix,,Concluída,7,95,CE,Juazeiro do Norte
MLB2026-001173,2026-04-20,CAP-IP15-AGU,Capa iPhone 15 À Prova d'Água,À Prova d'Água,Preto,1,57.9,57.9,21.63,36.27,62.6,0.0,0.0,0.0,0.0,0,0,Orgânico,Cartão de crédito,,Concluída,7,94,SC,Chapecó
MLB2026-001174,2026-04-20,CAP-IP15-AGU,Capa iPhone 15 À Prova d'Água,À Prova d'Água,Preto,1,57.9,57.9,23.43,31.31,54.1,0.0,0.0,0.0,3.16,1441,38,Anúncios,Cartão de crédito,,Concluída,7,93,DF,Taguatinga
MLB2026-001175,2026-04-20,CAP-R13C-SIL,Capa Redmi 13C Silicone Azul,Silicone,Azul,2,17.9,35.8,12.66,23.14,64.6,0.0,0.0,0.0,0.0,0,0,Orgânico,Cartão de crédito,3,Concluída,113,25,RJ,Niterói
MLB2026-001176,2026-04-21,CAP-IP15-SIL,Capa de Celular iPhone 15 Silicone Fosca,Silicone,Preto,1,24.9,24.9,10.93,4.94,19.8,12.9,9.03,0.0,0.0,0,0,Orgânico,Cartão de crédito,6,Concluída,49,34,SP,Osasco
MLB2026-001177,2026-04-21,CAP-IP15-SIL,Capa de Celular iPhone 15 Silicone Fosca,Silicone,Preto,1,24.9,24.9,10.38,2.49,10.0,12.9,9.03,0.0,3.0,3329,38,Anúncios,Pix,,Concluída,49,33,GO,Aparecida de Goiânia
MLB2026-001178,2026-04-21,CAP-IP13-SIL,Capa iPhone 13 Silicone Colorida,Silicone,Rosa,1,21.9,21.9,10.45,-1.73,-7.9,12.9,9.03,0.0,4.15,3317,46,Anúncios,Pix,,Concluída,68,204,PE,Petrolina
MLB2026-001179,2026-04-21,CAP-IP12-TPU,Capa iPhone 12 TPU Transparente,TPU,Transparente,1,16.9,16.9,7.89,-1.44,-8.5,12.9,9.03,0.0,1.42,3058,13,Anúncios,Pix,,Concluída,89,38,SP,São Bernardo do Campo
MLB2026-001180,2026-04-21,CAP-GA55-SIL,Capa Galaxy A55 Silicone Fosca,Silicone,Verde,1,22.9,22.9,10.17,-1.2,-5.2,19.9,13.93,0.0,0.0,0,0,Orgânico,Pix,,Concluída,26,100,SP,Osasco
MLB2026-001181,2026-04-21,CAP-GA54-TPU,Capa Galaxy A54 TPU Antirrisco,TPU,Cinza,2,15.9,31.8,15.2,8.6,27.0,0.0,0.0,4.48,3.52,3019,44,Anúncios,Pix,,Devolvida,70,154,DF,Taguatinga
MLB2026-001182,2026-04-21,CAP-GA54-TPU,Capa Galaxy A54 TPU Antirrisco,TPU,Cinza,1,15.9,15.9,6.72,7.95,50.0,0.0,0.0,0.0,1.23,593,17,Anúncios,Cartão de crédito,12,Concluída,70,153,SP,Osasco
MLB2026-001183,2026-04-21,CAP-RN13-TPU,Capa Redmi Note 13 TPU Cristal,TPU,Transparente,1,14.9,14.9,5.77,-4.8,-32.2,19.9,13.93,0.0,0.0,0,0,Orgânico,Pix,,Concluída,33,199,AM,Manaus
MLB2026-001184,2026-04-21,CAP-RN13-TPU,Capa Redmi Note 13 TPU Cristal,TPU,Transparente,1,14.9,14.9,7.0,-9.44,-63.4,19.9,13.93,0.0,3.41,1958,21,Anúncios,Pix,,Concluída,33,198,SP,São Paulo
MLB2026-001185,2026-04-21,CAP-R12-SIL,Capa realme 12 Silicone Fosca,Silicone,Branco,1,20.9,20.9,9.14,11.76,56.3,0.0,0.0,0.0,0.0,0,0,Orgânico,Pix,,Cancelada,42,158,RJ,Duque de Caxias
MLB2026-001186,2026-04-21,CAP-R12-SIL,Capa realme 12 Silicone Fosca,Silicone,Branco,1,20.9,20.9,8.17,-0.71,-3.4,12.9,9.03,0.0,4.41,1380,25,Anúncios,Cartão de crédito,,Enviada,42,157,RJ,Niterói
MLB2026-001187,2026-04-21,CAP-R11-PLU,Capa realme 11 Pelúcia Fofinha,Pelúcia,Rosa,1,34.9,34.9,16.62,18.28,52.4,0.0,0.0,0.0,0.0,0,0,Orgânico,Pix,,Enviada,10,72,SP,Campinas
MLB2026-001188,2026-04-21,CAP-MG85-SIL,Capa Moto G85 Silicone Azul,Silicone,Azul,1,19.9,19.9,7.19,1.31,6.6,12.9,9.03,0.0,2.37,2239,19,Anúncios,Cartão de crédito,12,Concluída,20,180,SP,São Bernardo do Campo
MLB2026-001189,2026-04-21,CAP-GS25-SIL,Capa Galaxy S25 Ultra Silicone MagSafe,MagSafe,Preto,1,54.9,54.9,22.48,32.42,59.1,0.0,0.0,0.0,0.0,0,0,Orgânico,Boleto,,Concluída,7,0,RJ,Duque de Caxias
MLB2026-001190,2026-04-21,CAP-GS25-SIL,Capa Galaxy S25 Ultra Silicone MagSafe,MagSafe,Preto,1,54.9,54.9,22.08,32.82,59.8,0.0,0.0,0.0,0.0,0,0,Orgânico,Pix,,Concluída,7,0,SP,Campinas
MLB2026-001191,2026-04-21,CAP-GS25-SIL,Capa Galaxy S25 Ultra Silicone MagSafe,MagSafe,Preto,1,54.9,54.9,21.96,30.62,55.8,0.0,0.0,0.0,2.32,1555,21,Anúncios,Cartão de crédito,,Concluída,7,0,DF,Brasília
MLB2026-001192,2026-04-21,CAP-R12-CRI,Capa realme 12 Cristal Transparente,Cristal,Transparente,1,24.9,24.9,12.13,11.65,46.8,0.0,0.0,0.0,1.12,701,9,Anúncios,Boleto,,Enviada,15,0,RJ,Niterói
MLB2026-001193,2026-04-21,CAP-R12-CRI,Capa realme 12 Cristal Transparente,Cristal,Transparente,1,24.9,24.9,11.43,-1.35,-5.4,19.9,13.93,0.0,0.89,1910,41,Anúncios,Cartão de crédito,12,Concluída,15,0,RJ,Niterói
MLB2026-001194,2026-04-21,CAP-MG84-SUP,Capa Moto G84 com Suporte,Com Suporte,Preto,1,29.9,29.9,13.41,16.49,55.2,0.0,0.0,0.0,0.0,0,0,Orgânico,Pix,,Enviada,8,173,MG,Juiz de Fora
MLB2026-001195,2026-04-21,CAP-GA56-CRI,Capa Galaxy A56 Cristal Espelhada,Cristal,Prata,1,34.9,34.9,17.02,17.88,51.2,0.0,0.0,0.0,0.0,0,0,Orgânico,Pix,,Concluída,41,92,PR,Curitiba
MLB2026-001196,2026-04-21,CAP-RN14-PLU,Capa Redmi Note 14 Pelúcia,Pelúcia,Rosa,1,32.9,32.9,12.97,6.0,18.2,19.9,13.93,0.0,0.0,0,0,Orgânico,Pix,,Devolvida,19,23,BA,Feira de Santana
MLB2026-001197,2026-04-21,CAP-IP13-MAG,Capa iPhone 13 Silicone MagSafe,MagSafe,Branco,1,44.9,44.9,17.88,27.02,60.2,0.0,0.0,0.0,0.0,0,0,Orgânico,Pix,,Concluída,44,5,MG,Juiz de Fora
MLB2026-001198,2026-04-22,CAP-IP15-SIL,Capa de Celular iPhone 15 Silicone Fosca,Silicone,Preto,3,24.9,74.7,30.72,30.05,40.2,19.9,13.93,0.0,0.0,0,0,Orgânico,Boleto,,Concluída,74,30,RJ,Rio de Janeiro
MLB2026-001199,2026-04-22,CAP-IP13-SIL,Capa iPhone 13 Silicone Colorida,Silicone,Rosa,1,21.9,21.9,9.77,-5.78,-26.4,19.9,13.93,0.0,3.98,2050,25,Anúncios,Pix,,Enviada,105,203,MG,Juiz de Fora
MLB2026-001200,2026-04-22,CAP-IP12-TPU,Capa iPhone 12 TPU Transparente,TPU,Transparente,1,16.9,16.9,7.1,-4.13,-24.4,19.9,13.93,0.0,0.0,0,0,Orgânico,Pix,,Concluída,49,37,RJ,Rio de Janeiro
MLB2026-001201,2026-04-22,CAP-IP12-TPU,Capa iPhone 12 TPU Transparente,TPU,Transparente,1,16.9,16.9,6.26,-3.29,-19.5,19.9,13.93,0.0,0.0,0,0,Orgânico,Pix,,Concluída,49,36,PR,Cascavel
MLB2026-001202,2026-04-22,CAP-IP12-TPU,Capa iPhone 12 TPU Transparente,TPU,Transparente,1,16.9,16.9,8.43,8.47,50.1,0.0,0.0,0.0,0.0,0,0,Orgânico,Pix,,Concluída,49,35,GO,Goiânia
MLB2026-001203,2026-04-22,CAP-GA55-CRI,Capa Galaxy A55 Cristal Ultra Fino,Cristal,Transparente,1,26.9,26.9,13.29,-2.12,-7.9,19.9,13.93,0.0,1.8,2762,30,Anúncios,Cartão de crédito,3,Concluída,46,96,SP,Campinas
MLB2026-001204,2026-04-22,CAP-GA56-MAG,Capa Galaxy A56 com MagSafe,MagSafe,Roxo,1,47.9,47.9,22.2,23.59,49.2,0.0,0.0,0.0,2.11,2094,28,Anúncios,Pix,,Concluída,24,73,SP,São Paulo
MLB2026-001205,2026-04-22,CAP-GS25-COU,Capa Galaxy S25 Ultra Couro Premium,Couro,Marrom,1,69.9,69.9,27.3,42.6,60.9,0.0,0.0,0.0,0.0,0,0,Orgânico,Pix,,Enviada,9,157,CE,Sobral
MLB2026-001206,2026-04-22,CAP-IP15-PLU,Capa iPhone 15 Pelúcia Colorida,Pelúcia,Rosa,1,39.9,39.9,15.67,24.23,60.7,0.0,0.0,0.0,0.0,0,0,Orgânico,Cartão de crédito,6,Concluída,36,131,RS,Pelotas
MLB2026-001207,2026-04-22,CAP-IP16-CRI,Capa iPhone 16 Cristal Espelhada,Cristal,Prata,1,37.9,37.9,17.74,9.6,25.3,12.9,9.03,0.0,1.53,352,4,Anúncios,Pix,,Concluída,22,139,SP,Campinas
MLB2026-001208,2026-04-22,CAP-R12-CRI,Capa realme 12 Cristal Transparente,Cristal,Transparente,1,24.9,24.9,12.42,12.48,50.1,0.0,0.0,0.0,0.0,0,0,Orgânico,Pix,,Cancelada,7,0,RS,Pelotas
MLB2026-001209,2026-04-22,CAP-GA54-SIL,Capa Galaxy A54 Silicone Vermelho,Silicone,Vermelho,1,18.9,18.9,7.03,8.35,44.2,0.0,0.0,0.0,3.52,1561,44,Anúncios,Boleto,,Concluída,17,180,ES,Vila Velha
MLB2026-001210,2026-04-23,CAP-IP15-SIL,Capa de Celular iPhone 15 Silicone Fosca,Silicone,Preto,1,24.9,24.9,10.21,14.69,59.0,0.0,0.0,0.0,0.0,0,0,Orgânico,Pix,,Concluída,88,29,SP,Osasco
MLB2026-001211,2026-04-23,CAP-IP12-TPU,Capa iPhone 12 TPU Transparente,TPU,Transparente,1,16.9,16.9,8.11,-2.95,-17.5,12.9,9.03,1.19,1.52,1857,48,Anúncios,Pix,,Concluída,59,34,SC,Florianópolis
MLB2026-001212,2026-04-23,CAP-IP12-TPU,Capa iPhone 12 TPU Transparente,TPU,Transparente,1,16.9,16.9,6.91,5.96,35.3,0.0,0.0,4.03,0.0,0,0,Orgânico,Pix,,Concluída,59,33,SC,Florianópolis
MLB2026-001213,2026-04-23,CAP-IP11-SIL,Capinha iPhone 11 Silicone Antichoque,Silicone,Preto,3,15.9,47.7,20.16,18.51,38.8,12.9,9.03,0.0,0.0,0,0,Orgânico,Pix,,Pendente,94,18,SP,Osasco
MLB2026-001214,2026-04-23,CAP-IP11-SIL,Capinha iPhone 11 Silicone Antichoque,Silicone,Preto,1,15.9,15.9,6.41,-4.44,-27.9,19.9,13.93,0.0,0.0,0,0,Orgânico,Cartão de crédito,,Devolvida,94,17,RS,Porto Alegre
MLB2026-001215,2026-04-23,CAP-GA55-CRI,Capa Galaxy A55 Cristal Ultra Fino,Cristal,Transparente,1,26.9,26.9,11.3,1.67,6.2,19.9,13.93,0.0,0.0,0,0,Orgânico,Pix,,Concluída,8,95,SP,São Bernardo do Campo
MLB2026-001216,2026-04-23,CAP-RN13-SUP,Capa Redmi Note 13 com Suporte,Com Suporte,Preto,1,32.9,32.9,14.28,18.62,56.6,0.0,0.0,0.0,0.0,0,0,Orgânico,Pix,,Concluída,21,171,MG,Contagem
MLB2026-001217,2026-04-23,CAP-RN13-SUP,Capa Redmi Note 13 com Suporte,Com Suporte,Preto,1,32.9,32.9,11.54,7.43,22.6,19.9,13.93,0.0,0.0,0,0,Orgânico,Cartão de crédito,12,Concluída,21,170,PR,Maringá
MLB2026-001218,2026-04-23,CAP-R12-SIL,Capa realme 12 Silicone Fosca,Silicone,Branco,2,20.9,41.8,18.06,14.71,35.2,12.9,9.03,0.0,0.0,0,0,Orgânico,Cartão de crédito,9,Concluída,75,155,SP,Guarulhos
MLB2026-001219,2026-04-23,CAP-R12-SIL,Capa realme 12 Silicone Fosca,Silicone,Branco,1,20.9,20.9,8.0,-3.76,-18.0,19.9,13.93,0.0,2.73,2697,39,Anúncios,Pix,,Concluída,75,154,SP,Campinas
MLB2026-001220,2026-04-23,CAP-IP15-PLU,Capa iPhone 15 Pelúcia Colorida,Pelúcia,Rosa,1,39.9,39.9,16.55,23.35,58.5,0.0,0.0,0.0,0.0,0,0,Orgânico,Cartão de crédito,9,Concluída,40,130,PA,Belém
MLB2026-001221,2026-04-23,CAP-RN14-AGU,Capa Redmi Note 14 À Prova d'Água,À Prova d'Água,Azul,1,54.9,54.9,26.18,28.72,52.3,0.0,0.0,0.0,0.0,0,0,Orgânico,Pix,,Devolvida,18,62,PA,Belém
MLB2026-001222,2026-04-23,CAP-RN14-AGU,Capa Redmi Note 14 À Prova d'Água,À Prova d'Água,Azul,1,54.9,54.9,26.31,25.52,46.5,0.0,0.0,0.0,3.07,418,4,Anúncios,Pix,,Concluída,18,61,RS,Porto Alegre
MLB2026-001223,2026-04-23,CAP-R12-CRI,Capa realme 12 Cristal Transparente,Cristal,Transparente,1,24.9,24.9,12.28,-1.31,-5.3,19.9,13.93,0.0,0.0,0,0,Orgânico,Pix,,Concluída,27,0,PR,Curitiba
MLB2026-001224,2026-04-23,CAP-RN14-PLU,Capa Redmi Note 14 Pelúcia,Pelúcia,Rosa,1,32.9,32.9,16.0,0.4,1.2,12.9,9.03,4.98,2.49,368,6,Anúncios,Boleto,,Concluída,24,22,PR,Cascavel
MLB2026-001225,2026-04-23,CAP-RN14-PLU,Capa Redmi Note 14 Pelúcia,Pelúcia,Rosa,1,32.9,32.9,13.81,19.09,58.0,0.0,0.0,0.0,0.0,0,0,Orgânico,Pix,,Concluída,24,21,SP,Campinas
MLB2026-001226,2026-04-23,CAP-MG85-TPU,Capa Moto G85 TPU Cinza,TPU,Cinza,1,16.9,16.9,8.13,-0.26,-1.5,12.9,9.03,0.0,0.0,0,0,Orgânico,Pix,,Concluída,9,21,PE,Petrolina
MLB2026-001227,2026-04-23,CAP-MG85-TPU,Capa Moto G85 TPU Cinza,TPU,Cinza,1,16.9,16.9,8.22,-0.35,-2.1,12.9,9.03,0.0,0.0,0,0,Orgânico,Pix,,Concluída,9,20,MG,Juiz de Fora
MLB2026-001228,2026-04-24,CAP-IP15-CRI,Capa iPhone 15 Acrílico Cristal Transparente,Cristal,Transparente,1,29.9,29.9,14.27,14.06,47.0,0.0,0.0,0.0,1.57,2405,11,Anúncios,Pix,,Concluída,40,5,RJ,Niterói
MLB2026-001229,2026-04-24,CAP-IP15-CRI,Capa iPhone 15 Acrílico Cristal Transparente,Cristal,Transparente,1,29.9,29.9,13.84,16.06,53.7,0.0,0.0,0.0,0.0,0,0,Orgânico,Boleto,,Concluída,40,4,SP,Osasco
MLB2026-001230,2026-04-24,CAP-IP16-MAG,Capa iPhone 16 Silicone com MagSafe,MagSafe,Azul,1,49.9,49.9,18.31,30.48,61.1,0.0,0.0,1.11,0.0,0,0,Orgânico,Pix,,Concluída,11,130,SP,São Bernardo do Campo
MLB2026-001231,2026-04-24,CAP-IP12-TPU,Capa iPhone 12 TPU Transparente,TPU,Transparente,1,16.9,16.9,7.84,9.06,53.6,0.0,0.0,0.0,0.0,0,0,Orgânico,Pix,,Concluída,25,32,GO,Goiânia
MLB2026-001232,2026-04-24,CAP-IP11-SIL,Capinha iPhone 11 Silicone Antichoque,Silicone,Preto,1,15.9,15.9,7.88,-10.11,-63.6,19.9,13.93,0.0,4.2,2297,21,Anúncios,Pix,,Concluída,76,16,BA,Vitória da Conquista
MLB2026-001233,2026-04-24,CAP-GA55-CRI,Capa Galaxy A55 Cristal Ultra Fino,Cristal,Transparente,1,26.9,26.9,11.53,1.44,5.4,19.9,13.93,0.0,0.0,0,0,Orgânico,Cartão de crédito,,Enviada,25,94,PE,Caruaru
MLB2026-001234,2026-04-24,CAP-GS25-COU,Capa Galaxy S25 Ultra Couro Premium,Couro,Marrom,1,69.9,69.9,25.05,40.86,58.5,0.0,0.0,0.0,3.99,1072,11,Anúncios,Pix,,Pendente,31,156,PR,Maringá
MLB2026-001235,2026-04-24,CAP-GS24-SIL,Capa Galaxy S24 Silicone com Anel,Silicone,Azul,1,29.9,29.9,11.34,18.56,62.1,0.0,0.0,0.0,0.0,0,0,Orgânico,Cartão de débito,,Concluída,58,126,PR,Maringá
MLB2026-001236,2026-04-24,CAP-GS24-SIL,Capa Galaxy S24 Silicone com Anel,Silicone,Azul,1,29.9,29.9,13.43,2.54,8.5,19.9,13.93,0.0,0.0,0,0,Orgânico,Pix,,Concluída,58,125,GO,Goiânia
MLB2026-001237,2026-04-24,CAP-RN14-SIL,Capa Redmi Note 14 Silicone,Silicone,Preto,1,18.9,18.9,9.02,-1.62,-8.6,12.9,9.03,0.0,2.47,2041,58,Anúncios,Pix,,Concluída,79,93,RJ,Niterói
MLB2026-001238,2026-04-24,CAP-RN14-SIL,Capa Redmi Note 14 Silicone,Silicone,Preto,1,18.9,18.9,6.88,2.06,10.9,12.9,9.03,0.0,0.93,2683,68,Anúncios,Pix,,Enviada,79,92,CE,Juazeiro do Norte
MLB2026-001239,2026-04-24,CAP-MG84-TPU,Capa Moto G84 TPU Transparente,TPU,Transparente,1,15.9,15.9,7.21,-0.34,-2.1,12.9,9.03,0.0,0.0,0,0,Orgânico,Cartão de crédito,3,Concluída,24,138,RS,Pelotas
MLB2026-001240,2026-04-24,CAP-IP15-PLU,Capa iPhone 15 Pelúcia Colorida,Pelúcia,Rosa,1,39.9,39.9,19.11,2.47,6.2,19.9,13.93,0.0,4.39,3479,72,Anúncios,Pix,,Concluída,12,129,MG,Belo Horizonte
MLB2026-001241,2026-04-24,CAP-GA55-SUP,Capa Galaxy A55 com Suporte e Anel,Com Suporte,Preto,1,35.9,35.9,14.59,12.28,34.2,12.9,9.03,0.0,0.0,0,0,Orgânico,Pix,,Concluída,11,57,SP,Guarulhos
MLB2026-001242,2026-04-24,CAP-IP16-CRI,Capa iPhone 16 Cristal Espelhada,Cristal,Prata,1,37.9,37.9,13.34,10.63,28.0,19.9,13.93,0.0,0.0,0,0,Orgânico,Cartão de crédito,6,Pendente,75,138,SP,Campinas
MLB2026-001243,2026-04-24,CAP-IP16-CRI,Capa iPhone 16 Cristal Espelhada,Cristal,Prata,1,37.9,37.9,14.57,9.4,24.8,19.9,13.93,0.0,0.0,0,0,Orgânico,Boleto,,Concluída,75,137,RS,Caxias do Sul
MLB2026-001244,2026-04-24,CAP-GS25-SIL,Capa Galaxy S25 Ultra Silicone MagSafe,MagSafe,Preto,1,54.9,54.9,27.2,27.7,50.5,0.0,0.0,0.0,0.0,0,0,Orgânico,Pix,,Concluída,10,0,MG,Uberlândia
MLB2026-001245,2026-04-24,CAP-IP13-MAG,Capa iPhone 13 Silicone MagSafe,MagSafe,Branco,1,44.9,44.9,21.94,20.4,45.4,0.0,0.0,2.56,0.0,0,0,Orgânico,Cartão de débito,,Concluída,30,4,SP,Osasco
MLB2026-001246,2026-04-24,CAP-MG85-TPU,Capa Moto G85 TPU Cinza,TPU,Cinza,2,16.9,33.8,16.6,16.07,47.5,0.0,0.0,0.0,1.13,3127,46,Anúncios,Cartão de crédito,12,Concluída,8,18,RJ,Niterói
MLB2026-001247,2026-04-25,CAP-IP15-SIL,Capa de Celular iPhone 15 Silicone Fosca,Silicone,Preto,1,24.9,24.9,9.85,1.12,4.5,19.9,13.93,0.0,0.0,0,0,Orgânico,Pix,,Concluída,86,28,RJ,Rio de Janeiro
MLB2026-001248,2026-04-25,CAP-IP13-SIL,Capa iPhone 13 Silicone Colorida,Silicone,Rosa,1,21.9,21.9,10.43,7.34,33.5,0.0,0.0,0.0,4.13,640,7,Anúncios,Cartão de crédito,,Concluída,71,202,MG,Uberlândia
MLB2026-001249,2026-04-25,CAP-IP12-TPU,Capa iPhone 12 TPU Transparente,TPU,Transparente,1,16.9,16.9,8.36,-5.39,-31.9,19.9,13.93,0.0,0.0,0,0,Orgânico,Pix,,Concluída,23,31,PR,Curitiba
MLB2026-001250,2026-04-25,CAP-IP11-SIL,Capinha iPhone 11 Silicone Antichoque,Silicone,Preto,1,15.9,15.9,7.6,-3.82,-24.0,12.9,9.03,0.0,3.09,2625,35,Anúncios,Cartão de crédito,,Concluída,52,15,MG,Juiz de Fora
MLB2026-001251,2026-04-25,CAP-GA55-SIL,Capa Galaxy A55 Silicone Fosca,Silicone,Verde,1,22.9,22.9,8.09,5.78,25.2,12.9,9.03,0.0,0.0,0,0,Orgânico,Pix,,Concluída,83,99,SC,Florianópolis
MLB2026-001252,2026-04-25,CAP-GA55-CRI,Capa Galaxy A55 Cristal Ultra Fino,Cristal,Transparente,1,26.9,26.9,9.49,0.85,3.2,19.9,13.93,2.63,0.0,0,0,Orgânico,Pix,,Concluída,30,93,MG,Uberlândia
MLB2026-001253,2026-04-25,CAP-GA54-TPU,Capa Galaxy A54 TPU Antirrisco,TPU,Cinza,1,15.9,15.9,7.52,-4.58,-28.8,12.9,9.03,0.0,3.93,2075,51,Anúncios,Pix,,Concluída,20,152,SP,Campinas
MLB2026-001254,2026-04-25,CAP-GS25-COU,Capa Galaxy S25 Ultra Couro Premium,Couro,Marrom,1,69.9,69.9,31.11,35.31,50.5,0.0,0.0,0.0,3.48,3467,87,Anúncios,Pix,,Concluída,4,155,ES,Serra
MLB2026-001255,2026-04-25,CAP-GS24-SIL,Capa Galaxy S24 Silicone com Anel,Silicone,Azul,1,29.9,29.9,10.76,19.14,64.0,0.0,0.0,0.0,0.0,0,0,Orgânico,Pix,,Concluída,59,124,DF,Brasília
MLB2026-001256,2026-04-25,CAP-RN13-TPU,Capa Redmi Note 13 TPU Cristal,TPU,Transparente,1,14.9,14.9,6.98,-6.01,-40.3,19.9,13.93,0.0,0.0,0,0,Orgânico,Cartão de crédito,6,Concluída,7,197,SP,São Bernardo do Campo
MLB2026-001257,2026-04-25,CAP-RN13-SUP,Capa Redmi Note 13 com Suporte,Com Suporte,Preto,1,32.9,32.9,14.99,17.91,54.4,0.0,0.0,0.0,0.0,0,0,Orgânico,Cartão de crédito,9,Concluída,26,169,MG,Uberlândia
MLB2026-001258,2026-04-25,CAP-R11-PLU,Capa realme 11 Pelúcia Fofinha,Pelúcia,Rosa,1,34.9,34.9,13.37,20.06,57.5,0.0,0.0,0.0,1.47,721,15,Anúncios,Cartão de crédito,,Concluída,17,71,MG,Uberlândia
MLB2026-001259,2026-04-25,CAP-R11-PLU,Capa realme 11 Pelúcia Fofinha,Pelúcia,Rosa,1,34.9,34.9,13.46,20.57,58.9,0.0,0.0,0.0,0.87,2032,54,Anúncios,Cartão de crédito,3,Concluída,17,70,MG,Belo Horizonte
MLB2026-001260,2026-04-25,CAP-R11-PLU,Capa realme 11 Pelúcia Fofinha,Pelúcia,Rosa,1,34.9,34.9,12.54,7.37,21.1,19.9,13.93,0.0,1.06,1000,20,Anúncios,Pix,,Concluída,17,69,SP,São Bernardo do Campo
MLB2026-001261,2026-04-25,CAP-MG84-TPU,Capa Moto G84 TPU Transparente,TPU,Transparente,1,15.9,15.9,7.9,8.0,50.3,0.0,0.0,0.0,0.0,0,0,Orgânico,Pix,,Concluída,52,137,RJ,Niterói
MLB2026-001262,2026-04-25,CAP-MG84-TPU,Capa Moto G84 TPU Transparente,TPU,Transparente,1,15.9,15.9,6.17,9.73,61.2,0.0,0.0,0.0,0.0,0,0,Orgânico,Cartão de crédito,,Concluída,52,136,GO,Goiânia
MLB2026-001263,2026-04-25,CAP-MG85-SIL,Capa Moto G85 Silicone Azul,Silicone,Azul,1,19.9,19.9,9.17,5.15,25.9,0.0,0.0,3.14,2.44,2890,12,Anúncios,Cartão de crédito,,Concluída,8,179,RJ,Campos dos Goytacazes
MLB2026-001264,2026-04-25,CAP-MG85-SIL,Capa Moto G85 Silicone Azul,Silicone,Azul,1,19.9,19.9,7.58,-1.61,-8.1,19.9,13.93,0.0,0.0,0,0,Orgânico,Cartão de débito,,Pendente,8,178,SP,Campinas
MLB2026-001265,2026-04-25,CAP-IP15-PLU,Capa iPhone 15 Pelúcia Colorida,Pelúcia,Rosa,2,39.9,79.8,31.12,30.71,38.5,19.9,13.93,0.0,4.04,1615,25,Anúncios,Pix,,Concluída,41,127,AM,Parintins
MLB2026-001266,2026-04-25,CAP-GA55-SUP,Capa Galaxy A55 com Suporte e Anel,Com Suporte,Preto,1,35.9,35.9,17.81,15.76,43.9,0.0,0.0,0.0,2.33,3020,69,Anúncios,Pix,,Cancelada,4,56,SP,Campinas
MLB2026-001267,2026-04-25,CAP-GS24-COU,Capa Galaxy S24 Couro Premium,Couro,Preto,1,64.9,64.9,31.4,31.93,49.2,0.0,0.0,0.0,1.57,780,4,Anúncios,Pix,,Concluída,46,162,RJ,Niterói
MLB2026-001268,2026-04-25,CAP-GS24-COU,Capa Galaxy S24 Couro Premium,Couro,Preto,1,64.9,64.9,28.55,34.48,53.1,0.0,0.0,0.0,1.87,821,11,Anúncios,Cartão de crédito,9,Concluída,46,161,SP,São Bernardo do Campo
MLB2026-001269,2026-04-25,CAP-MG85-TPU,Capa Moto G85 TPU Cinza,TPU,Cinza,1,16.9,16.9,8.32,-5.35,-31.7,19.9,13.93,0.0,0.0,0,0,Orgânico,Pix,,Concluída,30,17,SP,São Bernardo do Campo
MLB2026-001270,2026-04-25,CAP-IP15-AGU,Capa iPhone 15 À Prova d'Água,À Prova d'Água,Preto,1,57.9,57.9,21.65,36.25,62.6,0.0,0.0,0.0,0.0,0,0,Orgânico,Cartão de crédito,6,Devolvida,8,92,RJ,Rio de Janeiro
MLB2026-001271,2026-04-25,CAP-GA54-SIL,Capa Galaxy A54 Silicone Vermelho,Silicone,Vermelho,1,18.9,18.9,9.14,-2.97,-15.7,12.9,9.03,0.0,3.7,785,6,Anúncios,Pix,,Concluída,42,179,RJ,Rio de Janeiro
MLB2026-001272,2026-04-26,CAP-IP15-SIL,Capa de Celular iPhone 15 Silicone Fosca,Silicone,Preto,1,24.9,24.9,10.52,-3.51,-14.1,19.9,13.93,0.0,3.96,766,3,Anúncios,Pix,,Concluída,39,27,GO,Aparecida de Goiânia
MLB2026-001273,2026-04-26,CAP-IP15-SIL,Capa de Celular iPhone 15 Silicone Fosca,Silicone,Preto,1,24.9,24.9,9.48,1.49,6.0,19.9,13.93,0.0,0.0,0,0,Orgânico,Cartão de crédito,,Concluída,39,26,AM,Parintins
MLB2026-001274,2026-04-26,CAP-IP15-CRI,Capa iPhone 15 Acrílico Cristal Transparente,Cristal,Transparente,1,29.9,29.9,12.12,17.78,59.5,0.0,0.0,0.0,0.0,0,0,Orgânico,Pix,,Concluída,90,3,SP,São Paulo
MLB2026-001275,2026-04-26,CAP-IP16-MAG,Capa iPhone 16 Silicone com MagSafe,MagSafe,Azul,1,49.9,49.9,23.14,22.84,45.8,0.0,0.0,0.63,3.29,3371,43,Anúncios,Cartão de crédito,6,Concluída,13,129,BA,Salvador
MLB2026-001276,2026-04-26,CAP-IP16-MAG,Capa iPhone 16 Silicone com MagSafe,MagSafe,Azul,1,49.9,49.9,17.89,31.2,62.5,0.0,0.0,0.0,0.81,2062,60,Anúncios,Cartão de crédito,3,Concluída,13,128,SP,São Bernardo do Campo
MLB2026-001277,2026-04-26,CAP-IP14-COU,Capa iPhone 14 Couro Sintético Premium,Couro,Marrom,1,44.9,44.9,21.68,19.76,44.0,0.0,0.0,3.46,0.0,0,0,Orgânico,Cartão de crédito,,Concluída,8,97,RS,Caxias do Sul
MLB2026-001278,2026-04-26,CAP-GA55-SIL,Capa Galaxy A55 Silicone Fosca,Silicone,Verde,1,22.9,22.9,10.01,3.86,16.9,12.9,9.03,0.0,0.0,0,0,Orgânico,Pix,,Concluída,27,98,RJ,Duque de Caxias
MLB2026-001279,2026-04-26,CAP-GA55-SIL,Capa Galaxy A55 Silicone Fosca,Silicone,Verde,2,22.9,45.8,22.22,19.76,43.1,0.0,0.0,0.0,3.82,1872,36,Anúncios,Pix,,Concluída,27,96,RS,Caxias do Sul
MLB2026-001280,2026-04-26,CAP-GA55-SIL,Capa Galaxy A55 Silicone Fosca,Silicone,Verde,1,22.9,22.9,8.18,10.38,45.3,0.0,0.0,4.34,0.0,0,0,Orgânico,Cartão de crédito,,Concluída,27,95,PA,Ananindeua
MLB2026-001281,2026-04-26,CAP-GA55-CRI,Capa Galaxy A55 Cristal Ultra Fino,Cristal,Transparente,2,26.9,53.8,25.7,14.17,26.3,19.9,13.93,0.0,0.0,0,0,Orgânico,Cartão de crédito,3,Concluída,29,91,SC,Blumenau
MLB2026-001282,2026-04-26,CAP-GA54-TPU,Capa Galaxy A54 TPU Antirrisco,TPU,Cinza,1,15.9,15.9,5.58,10.32,64.9,0.0,0.0,0.0,0.0,0,0,Orgânico,Cartão de débito,,Concluída,13,151,SP,Campinas
MLB2026-001283,2026-04-26,CAP-GA54-TPU,Capa Galaxy A54 TPU Antirrisco,TPU,Cinza,1,15.9,15.9,7.35,-3.35,-21.1,12.9,9.03,0.0,2.87,1272,29,Anúncios,Boleto,,Concluída,13,150,RS,Porto Alegre
MLB2026-001284,2026-04-26,CAP-GA56-MAG,Capa Galaxy A56 com MagSafe,MagSafe,Roxo,1,47.9,47.9,22.46,24.64,51.4,0.0,0.0,0.0,0.8,2334,13,Anúncios,Cartão de crédito,12,Enviada,19,72,RJ,Rio de Janeiro
MLB2026-001285,2026-04-26,CAP-GS23-TPU,Capa Galaxy S23 TPU Camuflada,TPU,Camuflado,3,19.9,59.7,22.17,21.01,35.2,19.9,13.93,0.0,2.59,1006,26,Anúncios,Pix,,Enviada,29,185,SP,São Bernardo do Campo
MLB2026-001286,2026-04-26,CAP-RN14-SIL,Capa Redmi Note 14 Silicone,Silicone,Preto,1,18.9,18.9,9.23,-4.26,-22.5,19.9,13.93,0.0,0.0,0,0,Orgânico,Cartão de débito,,Concluída,67,91,MA,São Luís
MLB2026-001287,2026-04-26,CAP-RN13-SUP,Capa Redmi Note 13 com Suporte,Com Suporte,Preto,1,32.9,32.9,11.77,2.29,7.0,19.9,13.93,4.91,0.0,0,0,Orgânico,Pix,,Concluída,17,168,SC,Chapecó
MLB2026-001288,2026-04-26,CAP-R12-SIL,Capa realme 12 Silicone Fosca,Silicone,Branco,1,20.9,20.9,9.92,8.49,40.6,0.0,0.0,0.0,2.49,1321,36,Anúncios,Boleto,,Concluída,25,153,SP,São Bernardo do Campo
MLB2026-001289,2026-04-26,CAP-R12-SIL,Capa realme 12 Silicone Fosca,Silicone,Branco,1,20.9,20.9,9.31,-2.34,-11.2,19.9,13.93,0.0,0.0,0,0,Orgânico,Pix,,Concluída,25,152,MA,Imperatriz
MLB2026-001290,2026-04-26,CAP-MG84-TPU,Capa Moto G84 TPU Transparente,TPU,Transparente,1,15.9,15.9,7.93,-5.96,-37.5,19.9,13.93,0.0,0.0,0,0,Orgânico,Pix,,Concluída,35,135,SP,São Bernardo do Campo
MLB2026-001291,2026-04-26,CAP-MG85-SIL,Capa Moto G85 Silicone Azul,Silicone,Azul,2,19.9,39.8,18.4,6.16,15.5,19.9,13.93,0.0,1.31,2739,39,Anúncios,Cartão de crédito,3,Concluída,58,176,MG,Belo Horizonte
MLB2026-001292,2026-04-26,CAP-ME50-COU,Capa Moto Edge 50 Couro Sintético,Couro,Marrom,1,59.9,59.9,28.21,28.92,48.3,0.0,0.0,0.0,2.77,3270,55,Anúncios,Pix,,Concluída,7,52,SP,São Paulo
MLB2026-001293,2026-04-26,CAP-GA55-SUP,Capa Galaxy A55 com Suporte e Anel,Com Suporte,Preto,1,35.9,35.9,14.51,16.93,47.2,0.0,0.0,4.46,0.0,0,0,Orgânico,Pix,,Cancelada,10,55,SP,São Paulo
MLB2026-001294,2026-04-26,CAP-IP16-CRI,Capa iPhone 16 Cristal Espelhada,Cristal,Prata,1,37.9,37.9,17.05,6.92,18.3,19.9,13.93,0.0,0.0,0,0,Orgânico,Cartão de crédito,,Cancelada,14,136,SP,Osasco
MLB2026-001295,2026-04-26,CAP-GS25-SIL,Capa Galaxy S25 Ultra Silicone MagSafe,MagSafe,Preto,1,54.9,54.9,25.17,25.28,46.0,0.0,0.0,0.0,4.45,556,14,Anúncios,Pix,,Concluída,42,0,MG,Juiz de Fora
MLB2026-001296,2026-04-26,CAP-MG84-SUP,Capa Moto G84 com Suporte,Com Suporte,Preto,1,29.9,29.9,14.21,4.47,14.9,12.9,9.03,0.33,1.86,1502,24,Anúncios,Cartão de crédito,,Concluída,6,172,SP,São Paulo
MLB2026-001297,2026-04-26,CAP-MG85-TPU,Capa Moto G85 TPU Cinza,TPU,Cinza,1,16.9,16.9,7.27,9.63,57.0,0.0,0.0,0.0,0.0,0,0,Orgânico,Cartão de crédito,,Concluída,46,16,SP,São Bernardo do Campo
MLB2026-001298,2026-04-27,CAP-IP14-COU,Capa iPhone 14 Couro Sintético Premium,Couro,Marrom,1,44.9,44.9,18.85,26.05,58.0,0.0,0.0,0.0,0.0,0,0,Orgânico,Pix,,Concluída,22,96,AM,Manaus
MLB2026-001299,2026-04-27,CAP-IP14-COU,Capa iPhone 14 Couro Sintético Premium,Couro,Marrom,1,44.9,44.9,17.41,22.96,51.1,0.0,0.0,4.53,0.0,0,0,Orgânico,Pix,,Concluída,22,95,RJ,Niterói
MLB2026-001300,2026-04-27,CAP-IP13-SIL,Capa iPhone 13 Silicone Colorida,Silicone,Rosa,1,21.9,21.9,8.77,3.41,15.6,12.9,9.03,0.69,0.0,0,0,Orgânico,Pix,,Concluída,62,201,PE,Caruaru
MLB2026-001301,2026-04-27,CAP-IP12-TPU,Capa iPhone 12 TPU Transparente,TPU,Transparente,1,16.9,16.9,6.49,10.41,61.6,0.0,0.0,0.0,0.0,0,0,Orgânico,Cartão de débito,,Concluída,49,30,PR,Londrina
MLB2026-001302,2026-04-27,CAP-GA55-SIL,Capa Galaxy A55 Silicone Fosca,Silicone,Verde,1,22.9,22.9,9.84,-0.87,-3.8,19.9,13.93,0.0,0.0,0,0,Orgânico,Pix,,Concluída,83,94,SP,São Bernardo do Campo
MLB2026-001303,2026-04-27,CAP-GA55-SIL,Capa Galaxy A55 Silicone Fosca,Silicone,Verde,1,22.9,22.9,9.93,3.94,17.2,12.9,9.03,0.0,0.0,0,0,Orgânico,Cartão de crédito,12,Concluída,83,93,RJ,Niterói
MLB2026-001304,2026-04-27,CAP-GA55-CRI,Capa Galaxy A55 Cristal Ultra Fino,Cristal,Transparente,1,26.9,26.9,10.85,16.05,59.7,0.0,0.0,0.0,0.0,0,0,Orgânico,Pix,,Cancelada,31,90,MG,Juiz de Fora
MLB2026-001305,2026-04-27,CAP-GA54-TPU,Capa Galaxy A54 TPU Antirrisco,TPU,Cinza,1,15.9,15.9,6.41,-6.56,-41.3,19.9,13.93,0.0,2.12,2655,64,Anúncios,Pix,,Concluída,36,149,MA,São Luís
MLB2026-001306,2026-04-27,CAP-R12-SIL,Capa realme 12 Silicone Fosca,Silicone,Branco,1,20.9,20.9,8.34,12.56,60.1,0.0,0.0,0.0,0.0,0,0,Orgânico,Cartão de crédito,,Concluída,86,151,DF,Taguatinga
MLB2026-001307,2026-04-27,CAP-IP15-PLU,Capa iPhone 15 Pelúcia Colorida,Pelúcia,Rosa,1,39.9,39.9,19.44,18.9,47.4,0.0,0.0,1.56,0.0,0,0,Orgânico,Cartão de crédito,6,Cancelada,30,126,BA,Feira de Santana
MLB2026-001308,2026-04-27,CAP-GA55-SUP,Capa Galaxy A55 com Suporte e Anel,Com Suporte,Preto,1,35.9,35.9,14.57,21.33,59.4,0.0,0.0,0.0,0.0,0,0,Orgânico,Cartão de crédito,9,Cancelada,21,54,RS,Caxias do Sul
MLB2026-001309,2026-04-27,CAP-GA55-SUP,Capa Galaxy A55 com Suporte e Anel,Com Suporte,Preto,1,35.9,35.9,13.2,10.76,30.0,12.9,9.03,0.0,2.91,541,7,Anúncios,Pix,,Concluída,21,53,SP,São Paulo
MLB2026-001310,2026-04-27,CAP-RN14-AGU,Capa Redmi Note 14 À Prova d'Água,À Prova d'Água,Azul,1,54.9,54.9,23.51,31.39,57.2,0.0,0.0,0.0,0.0,0,0,Orgânico,Pix,,Concluída,13,60,BA,Feira de Santana
MLB2026-001311,2026-04-27,CAP-IP12-PLU,Capinha iPhone 12 Pelúcia,Pelúcia,Amarelo,1,33.9,33.9,12.04,8.82,26.0,12.9,9.03,0.0,4.01,405,6,Anúncios,Cartão de crédito,,Enviada,2,227,RS,Caxias do Sul
MLB2026-001312,2026-04-27,CAP-R12-CRI,Capa realme 12 Cristal Transparente,Cristal,Transparente,1,24.9,24.9,9.42,1.55,6.2,19.9,13.93,0.0,0.0,0,0,Orgânico,Cartão de crédito,9,Cancelada,20,0,DF,Brasília
MLB2026-001313,2026-04-27,CAP-GA56-CRI,Capa Galaxy A56 Cristal Espelhada,Cristal,Prata,1,34.9,34.9,15.2,10.67,30.6,12.9,9.03,0.0,0.0,0,0,Orgânico,Cartão de crédito,9,Concluída,14,91,PA,Ananindeua
MLB2026-001314,2026-04-27,CAP-GA56-CRI,Capa Galaxy A56 Cristal Espelhada,Cristal,Prata,2,34.9,69.8,29.14,40.66,58.3,0.0,0.0,0.0,0.0,0,0,Orgânico,Pix,,Concluída,14,89,ES,Vitória
MLB2026-001315,2026-04-27,CAP-GA56-CRI,Capa Galaxy A56 Cristal Espelhada,Cristal,Prata,1,34.9,34.9,16.86,15.27,43.8,0.0,0.0,1.24,1.53,1451,30,Anúncios,Cartão de crédito,9,Pendente,14,88,AM,Manaus
MLB2026-001316,2026-04-27,CAP-RN14-PLU,Capa Redmi Note 14 Pelúcia,Pelúcia,Rosa,1,32.9,32.9,13.4,2.25,6.8,19.9,13.93,0.0,3.32,604,10,Anúncios,Cartão de crédito,,Concluída,14,20,MG,Juiz de Fora
MLB2026-001317,2026-04-27,CAP-IP13-MAG,Capa iPhone 13 Silicone MagSafe,MagSafe,Branco,3,44.9,134.7,49.32,81.59,60.6,0.0,0.0,3.79,0.0,0,0,Orgânico,Pix,,Concluída,52,1,PA,Belém
MLB2026-001318,2026-04-27,CAP-IP13-MAG,Capa iPhone 13 Silicone MagSafe,MagSafe,Branco,1,44.9,44.9,22.29,22.61,50.4,0.0,0.0,0.0,0.0,0,0,Orgânico,Pix,,Concluída,52,0,RS,Canoas
MLB2026-001319,2026-04-27,CAP-MG85-TPU,Capa Moto G85 TPU Cinza,TPU,Cinza,1,16.9,16.9,7.65,-8.8,-52.1,19.9,13.93,0.0,4.12,957,21,Anúncios,Pix,,Concluída,21,15,SP,Guarulhos
MLB2026-001320,2026-04-27,CAP-IP15-AGU,Capa iPhone 15 À Prova d'Água,À Prova d'Água,Preto,1,57.9,57.9,22.5,35.4,61.1,0.0,0.0,0.0,0.0,0,0,Orgânico,Cartão de crédito,9,Concluída,2,91,GO,Aparecida de Goiânia
MLB2026-001321,2026-04-27,CAP-R13C-SIL,Capa Redmi 13C Silicone Azul,Silicone,Azul,1,17.9,17.9,7.72,1.15,6.4,12.9,9.03,0.0,0.0,0,0,Orgânico,Cartão de crédito,6,Concluída,24,24,SP,Campinas
MLB2026-001322,2026-04-28,CAP-IP15-SIL,Capa de Celular iPhone 15 Silicone Fosca,Silicone,Preto,1,24.9,24.9,10.34,13.26,53.3,0.0,0.0,0.0,1.3,399,9,Anúncios,Cartão de crédito,9,Concluída,123,25,CE,Sobral
MLB2026-001323,2026-04-28,CAP-IP15-CRI,Capa iPhone 15 Acrílico Cristal Transparente,Cristal,Transparente,1,29.9,29.9,12.23,17.67,59.1,0.0,0.0,0.0,0.0,0,0,Orgânico,Pix,,Concluída,73,2,GO,Anápolis
MLB2026-001324,2026-04-28,CAP-IP16-MAG,Capa iPhone 16 Silicone com MagSafe,MagSafe,Azul,1,49.9,49.9,20.05,29.85,59.8,0.0,0.0,0.0,0.0,0,0,Orgânico,Pix,,Concluída,47,127,RS,Caxias do Sul
MLB2026-001325,2026-04-28,CAP-IP12-TPU,Capa iPhone 12 TPU Transparente,TPU,Transparente,3,16.9,50.7,21.06,25.53,50.4,0.0,0.0,0.0,4.11,780,16,Anúncios,Cartão de crédito,,Concluída,77,27,SP,Guarulhos
MLB2026-001326,2026-04-28,CAP-IP11-SIL,Capinha iPhone 11 Silicone Antichoque,Silicone,Preto,1,15.9,15.9,5.77,-3.8,-23.9,19.9,13.93,0.0,0.0,0,0,Orgânico,Pix,,Concluída,27,14,SP,Guarulhos
MLB2026-001327,2026-04-28,CAP-GA55-SIL,Capa Galaxy A55 Silicone Fosca,Silicone,Verde,1,22.9,22.9,9.13,9.31,40.7,0.0,0.0,0.0,4.46,2797,13,Anúncios,Pix,,Concluída,46,92,SP,Osasco
MLB2026-001328,2026-04-28,CAP-GA55-CRI,Capa Galaxy A55 Cristal Ultra Fino,Cristal,Transparente,1,26.9,26.9,10.45,16.45,61.2,0.0,0.0,0.0,0.0,0,0,Orgânico,Cartão de crédito,12,Concluída,46,89,SP,Guarulhos
MLB2026-001329,2026-04-28,CAP-GA54-TPU,Capa Galaxy A54 TPU Antirrisco,TPU,Cinza,1,15.9,15.9,6.79,0.08,0.5,12.9,9.03,0.0,0.0,0,0,Orgânico,Pix,,Concluída,23,148,SP,São Bernardo do Campo
MLB2026-001330,2026-04-28,CAP-GA56-MAG,Capa Galaxy A56 com MagSafe,MagSafe,Roxo,1,47.9,47.9,17.72,26.51,55.3,0.0,0.0,0.0,3.67,2553,67,Anúncios,Pix,,Concluída,28,71,RS,Porto Alegre
MLB2026-001331,2026-04-28,CAP-GS24-SIL,Capa Galaxy S24 Silicone com Anel,Silicone,Azul,1,29.9,29.9,11.0,9.87,33.0,12.9,9.03,0.0,0.0,0,0,Orgânico,Cartão de crédito,,Concluída,73,123,MG,Juiz de Fora
MLB2026-001332,2026-04-28,CAP-GS24-SIL,Capa Galaxy S24 Silicone com Anel,Silicone,Azul,1,29.9,29.9,14.51,2.7,9.0,12.9,9.03,0.0,3.66,1878,8,Anúncios,Pix,,Concluída,73,122,PR,Maringá
MLB2026-001333,2026-04-28,CAP-RN13-TPU,Capa Redmi Note 13 TPU Cristal,TPU,Transparente,2,14.9,29.8,12.48,3.39,11.4,19.9,13.93,0.0,0.0,0,0,Orgânico,Pix,,Concluída,30,195,SP,São Paulo
MLB2026-001334,2026-04-28,CAP-R12-SIL,Capa realme 12 Silicone Fosca,Silicone,Branco,1,20.9,20.9,9.42,-6.08,-29.1,19.9,13.93,0.0,3.63,1205,17,Anúncios,Pix,,Concluída,53,150,ES,Vila Velha
MLB2026-001335,2026-04-28,CAP-MG85-SIL,Capa Moto G85 Silicone Azul,Silicone,Azul,1,19.9,19.9,7.95,-0.3,-1.5,12.9,9.03,3.22,0.0,0,0,Orgânico,Cartão de crédito,9,Concluída,22,175,CE,Sobral
MLB2026-001336,2026-04-28,CAP-ME50-COU,Capa Moto Edge 50 Couro Sintético,Couro,Marrom,1,59.9,59.9,29.73,29.56,49.3,0.0,0.0,0.61,0.0,0,0,Orgânico,Cartão de crédito,12,Concluída,3,51,GO,Goiânia
MLB2026-001337,2026-04-28,CAP-ME50-COU,Capa Moto Edge 50 Couro Sintético,Couro,Marrom,1,59.9,59.9,23.73,36.17,60.4,0.0,0.0,0.0,0.0,0,0,Orgânico,Pix,,Concluída,3,50,SP,Guarulhos
MLB2026-001338,2026-04-28,CAP-IP16-CRI,Capa iPhone 16 Cristal Espelhada,Cristal,Prata,1,37.9,37.9,16.37,17.08,45.1,0.0,0.0,0.0,4.45,1603,22,Anúncios,Pix,,Concluída,79,135,PR,Maringá
MLB2026-001339,2026-04-28,CAP-IP16-CRI,Capa iPhone 16 Cristal Espelhada,Cristal,Prata,1,37.9,37.9,17.56,5.23,13.8,19.9,13.93,0.0,1.18,1091,23,Anúncios,Pix,,Concluída,79,134,PR,Curitiba
MLB2026-001340,2026-04-28,CAP-GS24-COU,Capa Galaxy S24 Couro Premium,Couro,Preto,2,64.9,129.8,56.88,72.92,56.2,0.0,0.0,0.0,0.0,0,0,Orgânico,Cartão de crédito,,Concluída,25,159,MG,Juiz de Fora
MLB2026-001341,2026-04-28,CAP-MG85-TPU,Capa Moto G85 TPU Cinza,TPU,Cinza,1,16.9,16.9,8.31,-5.34,-31.6,19.9,13.93,0.0,0.0,0,0,Orgânico,Cartão de crédito,,Concluída,38,14,PR,Maringá
MLB2026-001342,2026-04-29,CAP-IP15-SIL,Capa de Celular iPhone 15 Silicone Fosca,Silicone,Preto,1,24.9,24.9,10.75,0.22,0.9,19.9,13.93,0.0,0.0,0,0,Orgânico,Cartão de crédito,3,Concluída,34,24,SP,São Bernardo do Campo
MLB2026-001343,2026-04-29,CAP-IP15-SIL,Capa de Celular iPhone 15 Silicone Fosca,Silicone,Preto,1,24.9,24.9,12.05,-1.08,-4.3,19.9,13.93,0.0,0.0,0,0,Orgânico,Cartão de crédito,12,Concluída,34,23,AM,Parintins
MLB2026-001344,2026-04-29,CAP-IP15-CRI,Capa iPhone 15 Acrílico Cristal Transparente,Cristal,Transparente,1,29.9,29.9,12.63,3.34,11.2,19.9,13.93,0.0,0.0,0,0,Orgânico,Pix,,Concluída,87,1,MG,Juiz de Fora
MLB2026-001345,2026-04-29,CAP-IP16-MAG,Capa iPhone 16 Silicone com MagSafe,MagSafe,Azul,1,49.9,49.9,24.89,25.01,50.1,0.0,0.0,0.0,0.0,0,0,Orgânico,Cartão de crédito,,Concluída,59,126,MG,Belo Horizonte
MLB2026-001346,2026-04-29,CAP-IP16-MAG,Capa iPhone 16 Silicone com MagSafe,MagSafe,Azul,1,49.9,49.9,23.35,26.55,53.2,0.0,0.0,0.0,0.0,0,0,Orgânico,Pix,,Concluída,59,125,SP,São Bernardo do Campo
MLB2026-001347,2026-04-29,CAP-GA55-SIL,Capa Galaxy A55 Silicone Fosca,Silicone,Verde,1,22.9,22.9,8.28,14.62,63.8,0.0,0.0,0.0,0.0,0,0,Orgânico,Cartão de crédito,,Concluída,103,91,SP,São Bernardo do Campo
MLB2026-001348,2026-04-29,CAP-GA54-TPU,Capa Galaxy A54 TPU Antirrisco,TPU,Cinza,2,15.9,31.8,15.58,2.29,7.2,19.9,13.93,0.0,0.0,0,0,Orgânico,Pix,,Concluída,18,146,PE,Recife
MLB2026-001349,2026-04-29,CAP-GA54-TPU,Capa Galaxy A54 TPU Antirrisco,TPU,Cinza,3,15.9,47.7,19.71,14.06,29.5,19.9,13.93,0.0,0.0,0,0,Orgânico,Pix,,Concluída,18,143,SP,São Bernardo do Campo
MLB2026-001350,2026-04-29,CAP-RN13-SUP,Capa Redmi Note 13 com Suporte,Com Suporte,Preto,1,32.9,32.9,15.66,3.31,10.1,19.9,13.93,0.0,0.0,0,0,Orgânico,Pix,,Concluída,5,167,DF,Taguatinga
MLB2026-001351,2026-04-29,CAP-MG84-TPU,Capa Moto G84 TPU Transparente,TPU,Transparente,1,15.9,15.9,6.82,-9.18,-57.7,19.9,13.93,0.0,4.33,3183,72,Anúncios,Pix,,Concluída,10,134,BA,Salvador
MLB2026-001352,2026-04-29,CAP-RN14-AGU,Capa Redmi Note 14 À Prova d'Água,À Prova d'Água,Azul,1,54.9,54.9,26.13,28.77,52.4,0.0,0.0,0.0,0.0,0,0,Orgânico,Pix,,Concluída,4,59,BA,Vitória da Conquista
MLB2026-001353,2026-04-29,CAP-GS25-SIL,Capa Galaxy S25 Ultra Silicone MagSafe,MagSafe,Preto,1,54.9,54.9,23.75,31.15,56.7,0.0,0.0,0.0,0.0,0,0,Orgânico,Pix,,Concluída,35,0,PR,Cascavel
MLB2026-001354,2026-04-29,CAP-IP12-PLU,Capinha iPhone 12 Pelúcia,Pelúcia,Amarelo,1,33.9,33.9,15.51,9.36,27.6,12.9,9.03,0.0,0.0,0,0,Orgânico,Pix,,Concluída,11,226,PA,Ananindeua
MLB2026-001355,2026-04-29,CAP-MG84-SUP,Capa Moto G84 com Suporte,Com Suporte,Preto,1,29.9,29.9,14.4,1.57,5.3,19.9,13.93,0.0,0.0,0,0,Orgânico,Pix,,Concluída,4,171,RS,Canoas
MLB2026-001356,2026-04-29,CAP-MG84-SUP,Capa Moto G84 com Suporte,Com Suporte,Preto,1,29.9,29.9,13.82,13.98,46.8,0.0,0.0,0.0,2.1,2024,60,Anúncios,Cartão de débito,,Cancelada,4,170,SP,Osasco
MLB2026-001357,2026-04-29,CAP-GS24-COU,Capa Galaxy S24 Couro Premium,Couro,Preto,1,64.9,64.9,30.58,34.32,52.9,0.0,0.0,0.0,0.0,0,0,Orgânico,Cartão de débito,,Concluída,34,158,DF,Brasília
MLB2026-001358,2026-04-29,CAP-GA54-SIL,Capa Galaxy A54 Silicone Vermelho,Silicone,Vermelho,1,18.9,18.9,7.0,-3.11,-16.5,19.9,13.93,0.0,1.08,2779,16,Anúncios,Cartão de crédito,12,Concluída,36,178,SC,Florianópolis
MLB2026-001359,2026-04-29,CAP-GA54-SIL,Capa Galaxy A54 Silicone Vermelho,Silicone,Vermelho,1,18.9,18.9,8.77,6.75,35.7,0.0,0.0,1.5,1.88,3304,63,Anúncios,Pix,,Concluída,36,177,ES,Serra
MLB2026-001360,2026-04-30,CAP-IP15-CRI,Capa iPhone 15 Acrílico Cristal Transparente,Cristal,Transparente,1,29.9,29.9,13.22,2.75,9.2,19.9,13.93,0.0,0.0,0,0,Orgânico,Pix,,Concluída,47,0,PR,Curitiba
MLB2026-001361,2026-04-30,CAP-IP15-CRI,Capa iPhone 15 Acrílico Cristal Transparente,Cristal,Transparente,1,29.9,29.9,12.75,3.62,12.1,12.9,9.03,4.5,0.0,0,0,Orgânico,Pix,,Concluída,47,0,BA,Salvador
MLB2026-001362,2026-04-30,CAP-IP11-SIL,Capinha iPhone 11 Silicone Antichoque,Silicone,Preto,3,15.9,47.7,18.18,11.59,24.3,19.9,13.93,0.0,4.0,3428,64,Anúncios,Pix,,Concluída,84,11,PR,Londrina
MLB2026-001363,2026-04-30,CAP-GA55-SIL,Capa Galaxy A55 Silicone Fosca,Silicone,Verde,1,22.9,22.9,8.45,-2.51,-11.0,19.9,13.93,3.03,0.0,0,0,Orgânico,Cartão de crédito,9,Concluída,31,90,SP,Guarulhos
MLB2026-001364,2026-04-30,CAP-GA54-TPU,Capa Galaxy A54 TPU Antirrisco,TPU,Cinza,1,15.9,15.9,6.31,6.24,39.2,0.0,0.0,0.0,3.35,1916,56,Anúncios,Pix,,Concluída,19,142,RS,Canoas
MLB2026-001365,2026-04-30,CAP-GA56-MAG,Capa Galaxy A56 com MagSafe,MagSafe,Roxo,1,47.9,47.9,23.24,24.66,51.5,0.0,0.0,0.0,0.0,0,0,Orgânico,Cartão de crédito,,Concluída,22,70,CE,Fortaleza
MLB2026-001366,2026-04-30,CAP-GS24-SIL,Capa Galaxy S24 Silicone com Anel,Silicone,Azul,1,29.9,29.9,14.37,1.6,5.4,19.9,13.93,0.0,0.0,0,0,Orgânico,Cartão de crédito,6,Concluída,51,121,RS,Pelotas
MLB2026-001367,2026-04-30,CAP-RN13-TPU,Capa Redmi Note 13 TPU Cristal,TPU,Transparente,1,14.9,14.9,6.21,-0.34,-2.3,12.9,9.03,0.0,0.0,0,0,Orgânico,Pix,,Enviada,37,194,CE,Sobral
MLB2026-001368,2026-04-30,CAP-RN13-SUP,Capa Redmi Note 13 com Suporte,Com Suporte,Preto,1,32.9,32.9,15.69,3.28,10.0,19.9,13.93,0.0,0.0,0,0,Orgânico,Cartão de crédito,,Concluída,8,166,SC,Joinville
MLB2026-001369,2026-04-30,CAP-R12-SIL,Capa realme 12 Silicone Fosca,Silicone,Branco,1,20.9,20.9,9.9,11.0,52.6,0.0,0.0,0.0,0.0,0,0,Orgânico,Pix,,Concluída,32,149,CE,Sobral
MLB2026-001370,2026-04-30,CAP-IP15-PLU,Capa iPhone 15 Pelúcia Colorida,Pelúcia,Rosa,1,39.9,39.9,18.94,8.98,22.5,12.9,9.03,2.95,0.0,0,0,Orgânico,Pix,,Concluída,5,125,RJ,Campos dos Goytacazes
MLB2026-001371,2026-04-30,CAP-GA55-SUP,Capa Galaxy A55 com Suporte e Anel,Com Suporte,Preto,1,35.9,35.9,17.24,9.63,26.8,12.9,9.03,0.0,0.0,0,0,Orgânico,Pix,,Concluída,10,52,MA,São Luís
MLB2026-001372,2026-04-30,CAP-IP16-CRI,Capa iPhone 16 Cristal Espelhada,Cristal,Prata,2,37.9,75.8,30.92,35.85,47.3,12.9,9.03,0.0,0.0,0,0,Orgânico,Pix,,Concluída,103,132,SP,São Paulo
MLB2026-001373,2026-04-30,CAP-GS25-SIL,Capa Galaxy S25 Ultra Silicone MagSafe,MagSafe,Preto,1,54.9,54.9,26.92,24.78,45.1,0.0,0.0,0.0,3.2,1198,14,Anúncios,Pix,,Concluída,15,0,PR,Cascavel
MLB2026-001374,2026-04-30,CAP-R12-CRI,Capa realme 12 Cristal Transparente,Cristal,Transparente,1,24.9,24.9,8.95,-0.2,-0.8,19.9,13.93,0.0,2.22,2034,41,Anúncios,Cartão de crédito,12,Concluída,14,0,RS,Porto Alegre
MLB2026-001375,2026-04-30,CAP-R12-CRI,Capa realme 12 Cristal Transparente,Cristal,Transparente,1,24.9,24.9,8.91,2.06,8.3,19.9,13.93,0.0,0.0,0,0,Orgânico,Pix,,Concluída,14,0,RS,Caxias do Sul
MLB2026-001376,2026-04-30,CAP-MG84-SUP,Capa Moto G84 com Suporte,Com Suporte,Preto,1,29.9,29.9,12.03,8.15,27.3,12.9,9.03,0.69,0.0,0,0,Orgânico,Pix,,Concluída,16,169,RJ,Rio de Janeiro
MLB2026-001377,2026-04-30,CAP-RN14-PLU,Capa Redmi Note 14 Pelúcia,Pelúcia,Rosa,1,32.9,32.9,14.58,18.32,55.7,0.0,0.0,0.0,0.0,0,0,Orgânico,Cartão de crédito,,Concluída,20,19,SP,Guarulhos
MLB2026-001378,2026-04-30,CAP-RN14-PLU,Capa Redmi Note 14 Pelúcia,Pelúcia,Rosa,1,32.9,32.9,15.01,17.89,54.4,0.0,0.0,0.0,0.0,0,0,Orgânico,Cartão de crédito,,Concluída,20,18,SP,São Bernardo do Campo
MLB2026-001379,2026-04-30,CAP-MG85-TPU,Capa Moto G85 TPU Cinza,TPU,Cinza,3,16.9,50.7,19.14,14.32,28.2,19.9,13.93,0.0,3.31,1070,24,Anúncios,Pix,,Concluída,17,11,RS,Porto Alegre
MLB2026-001380,2026-05-01,CAP-IP15-SIL,Capa de Celular iPhone 15 Silicone Fosca,Silicone,Preto,1,24.9,24.9,9.56,15.34,61.6,0.0,0.0,0.0,0.0,0,0,Orgânico,Pix,,Concluída,29,22,SC,Chapecó
MLB2026-001381,2026-05-01,CAP-IP15-SIL,Capa de Celular iPhone 15 Silicone Fosca,Silicone,Preto,1,24.9,24.9,10.7,0.27,1.1,19.9,13.93,0.0,0.0,0,0,Orgânico,Cartão de crédito,,Concluída,29,21,SP,Guarulhos
MLB2026-001382,2026-05-01,CAP-IP13-SIL,Capa iPhone 13 Silicone Colorida,Silicone,Rosa,1,21.9,21.9,9.63,1.91,8.7,12.9,9.03,0.0,1.33,2075,58,Anúncios,Pix,,Concluída,52,200,SP,Guarulhos
MLB2026-001383,2026-05-01,CAP-IP11-SIL,Capinha iPhone 11 Silicone Antichoque,Silicone,Preto,1,15.9,15.9,7.18,4.98,31.3,0.0,0.0,3.74,0.0,0,0,Orgânico,Pix,,Concluída,13,10,SP,São Bernardo do Campo
MLB2026-001384,2026-05-01,CAP-GA55-SIL,Capa Galaxy A55 Silicone Fosca,Silicone,Verde,1,22.9,22.9,9.4,4.47,19.5,12.9,9.03,0.0,0.0,0,0,Orgânico,Pix,,Enviada,8,89,RJ,Duque de Caxias
MLB2026-001385,2026-05-01,CAP-GA56-MAG,Capa Galaxy A56 com MagSafe,MagSafe,Roxo,1,47.9,47.9,21.15,26.75,55.8,0.0,0.0,0.0,0.0,0,0,Orgânico,Cartão de débito,,Concluída,15,69,ES,Vitória
MLB2026-001386,2026-05-01,CAP-RN13-TPU,Capa Redmi Note 13 TPU Cristal,TPU,Transparente,1,14.9,14.9,5.22,-2.42,-16.2,12.9,9.03,3.07,0.0,0,0,Orgânico,Cartão de crédito,3,Cancelada,39,193,ES,Serra
MLB2026-001387,2026-05-01,CAP-R12-SIL,Capa realme 12 Silicone Fosca,Silicone,Branco,1,20.9,20.9,9.98,-0.21,-1.0,12.9,9.03,2.1,0.0,0,0,Orgânico,Cartão de débito,,Concluída,82,148,PA,Belém
MLB2026-001388,2026-05-01,CAP-R12-SIL,Capa realme 12 Silicone Fosca,Silicone,Branco,1,20.9,20.9,8.47,-5.0,-23.9,19.9,13.93,0.0,3.5,2781,47,Anúncios,Cartão de crédito,3,Concluída,82,147,SP,Guarulhos
MLB2026-001389,2026-05-01,CAP-MG84-TPU,Capa Moto G84 TPU Transparente,TPU,Transparente,1,15.9,15.9,7.63,-0.76,-4.8,12.9,9.03,0.0,0.0,0,0,Orgânico,Pix,,Concluída,24,133,MG,Uberlândia
MLB2026-001390,2026-05-01,CAP-IP15-PLU,Capa iPhone 15 Pelúcia Colorida,Pelúcia,Rosa,2,39.9,79.8,29.26,40.83,51.2,12.9,9.03,0.68,0.0,0,0,Orgânico,Cartão de crédito,,Devolvida,14,123,SP,São Paulo
MLB2026-001391,2026-05-01,CAP-IP15-PLU,Capa iPhone 15 Pelúcia Colorida,Pelúcia,Rosa,1,39.9,39.9,15.09,8.35,20.9,19.9,13.93,0.0,2.53,1489,37,Anúncios,Pix,,Enviada,14,122,SC,Florianópolis
MLB2026-001392,2026-05-01,CAP-IP15-PLU,Capa iPhone 15 Pelúcia Colorida,Pelúcia,Rosa,1,39.9,39.9,17.69,8.28,20.8,19.9,13.93,0.0,0.0,0,0,Orgânico,Cartão de crédito,,Concluída,14,121,GO,Aparecida de Goiânia
MLB2026-001393,2026-05-01,CAP-IP16-CRI,Capa iPhone 16 Cristal Espelhada,Cristal,Prata,1,37.9,37.9,17.96,10.91,28.8,12.9,9.03,0.0,0.0,0,0,Orgânico,Pix,,Concluída,23,131,MG,Juiz de Fora
MLB2026-001394,2026-05-01,CAP-GS25-SIL,Capa Galaxy S25 Ultra Silicone MagSafe,MagSafe,Preto,1,54.9,54.9,19.45,32.7,59.6,0.0,0.0,0.0,2.75,3048,20,Anúncios,Cartão de crédito,,Concluída,7,0,RJ,Rio de Janeiro
MLB2026-001395,2026-05-01,CAP-IP12-PLU,Capinha iPhone 12 Pelúcia,Pelúcia,Amarelo,1,33.9,33.9,13.81,17.81,52.5,0.0,0.0,2.28,0.0,0,0,Orgânico,Pix,,Concluída,5,225,RS,Porto Alegre
MLB2026-001396,2026-05-01,CAP-IP12-PLU,Capinha iPhone 12 Pelúcia,Pelúcia,Amarelo,1,33.9,33.9,15.94,8.93,26.3,12.9,9.03,0.0,0.0,0,0,Orgânico,Pix,,Concluída,5,224,RS,Canoas
MLB2026-001397,2026-05-01,CAP-GA56-CRI,Capa Galaxy A56 Cristal Espelhada,Cristal,Prata,1,34.9,34.9,13.36,12.51,35.8,12.9,9.03,0.0,0.0,0,0,Orgânico,Pix,,Cancelada,19,87,SP,Guarulhos
MLB2026-001398,2026-05-01,CAP-GA56-CRI,Capa Galaxy A56 Cristal Espelhada,Cristal,Prata,1,34.9,34.9,12.85,22.05,63.2,0.0,0.0,0.0,0.0,0,0,Orgânico,Cartão de crédito,3,Concluída,19,86,SP,Campinas
MLB2026-001399,2026-05-01,CAP-RN14-PLU,Capa Redmi Note 14 Pelúcia,Pelúcia,Rosa,1,32.9,32.9,15.09,8.78,26.7,12.9,9.03,0.0,0.0,0,0,Orgânico,Pix,,Concluída,19,17,SP,Osasco
MLB2026-001400,2026-05-01,CAP-IP13-MAG,Capa iPhone 13 Silicone MagSafe,MagSafe,Branco,1,44.9,44.9,21.16,22.93,51.1,0.0,0.0,0.0,0.81,1688,38,Anúncios,Pix,,Concluída,17,0,SP,Osasco
MLB2026-001401,2026-05-01,CAP-IP13-MAG,Capa iPhone 13 Silicone MagSafe,MagSafe,Branco,1,44.9,44.9,22.38,20.51,45.7,0.0,0.0,0.0,2.01,3480,71,Anúncios,Boleto,,Concluída,17,0,SC,Joinville
MLB2026-001402,2026-05-01,CAP-GA54-SIL,Capa Galaxy A54 Silicone Vermelho,Silicone,Vermelho,2,18.9,37.8,16.3,4.52,12.0,19.9,13.93,0.0,3.05,2674,24,Anúncios,Cartão de crédito,12,Concluída,9,175,RJ,Rio de Janeiro
MLB2026-001403,2026-05-01,CAP-GA54-SIL,Capa Galaxy A54 Silicone Vermelho,Silicone,Vermelho,2,18.9,37.8,16.38,20.48,54.2,0.0,0.0,0.0,0.94,765,14,Anúncios,Pix,,Concluída,9,173,SP,Osasco
MLB2026-001404,2026-05-02,CAP-IP15-CRI,Capa iPhone 15 Acrílico Cristal Transparente,Cristal,Transparente,1,29.9,29.9,11.68,0.55,1.8,19.9,13.93,0.0,3.74,2985,68,Anúncios,Cartão de crédito,9,Cancelada,64,0,SP,São Paulo
MLB2026-001405,2026-05-02,CAP-IP11-SIL,Capinha iPhone 11 Silicone Antichoque,Silicone,Preto,1,15.9,15.9,5.87,10.03,63.1,0.0,0.0,0.0,0.0,0,0,Orgânico,Cartão de crédito,,Enviada,42,9,DF,Ceilândia
MLB2026-001406,2026-05-02,CAP-IP11-SIL,Capinha iPhone 11 Silicone Antichoque,Silicone,Preto,1,15.9,15.9,6.62,7.7,48.4,0.0,0.0,1.58,0.0,0,0,Orgânico,Cartão de crédito,12,Concluída,42,8,SP,Osasco
MLB2026-001407,2026-05-02,CAP-GA55-CRI,Capa Galaxy A55 Cristal Ultra Fino,Cristal,Transparente,1,26.9,26.9,13.18,13.72,51.0,0.0,0.0,0.0,0.0,0,0,Orgânico,Pix,,Concluída,29,88,SP,Campinas
MLB2026-001408,2026-05-02,CAP-GA55-CRI,Capa Galaxy A55 Cristal Ultra Fino,Cristal,Transparente,1,26.9,26.9,9.86,3.11,11.6,19.9,13.93,0.0,0.0,0,0,Orgânico,Boleto,,Cancelada,29,87,PE,Caruaru
MLB2026-001409,2026-05-02,CAP-GA56-MAG,Capa Galaxy A56 com MagSafe,MagSafe,Roxo,1,47.9,47.9,22.5,25.4,53.0,0.0,0.0,0.0,0.0,0,0,Orgânico,Pix,,Concluída,29,68,SP,Osasco
MLB2026-001410,2026-05-02,CAP-GA56-MAG,Capa Galaxy A56 com MagSafe,MagSafe,Roxo,1,47.9,47.9,19.45,28.45,59.4,0.0,0.0,0.0,0.0,0,0,Orgânico,Pix,,Concluída,29,67,ES,Vitória
MLB2026-001411,2026-05-02,CAP-GS24-SIL,Capa Galaxy S24 Silicone com Anel,Silicone,Azul,1,29.9,29.9,14.64,5.37,18.0,12.9,9.03,0.86,0.0,0,0,Orgânico,Pix,,Concluída,54,120,RJ,Niterói
MLB2026-001412,2026-05-02,CAP-R12-SIL,Capa realme 12 Silicone Fosca,Silicone,Branco,1,20.9,20.9,9.49,-2.52,-12.1,19.9,13.93,0.0,0.0,0,0,Orgânico,Pix,,Concluída,59,146,PA,Belém
MLB2026-001413,2026-05-02,CAP-MG85-SIL,Capa Moto G85 Silicone Azul,Silicone,Azul,1,19.9,19.9,8.41,2.46,12.4,12.9,9.03,0.0,0.0,0,0,Orgânico,Pix,,Concluída,25,174,GO,Anápolis
MLB2026-001414,2026-05-02,CAP-MG85-SIL,Capa Moto G85 Silicone Azul,Silicone,Azul,1,19.9,19.9,7.88,2.99,15.0,12.9,9.03,0.0,0.0,0,0,Orgânico,Cartão de débito,,Concluída,25,173,SP,São Bernardo do Campo
MLB2026-001415,2026-05-02,CAP-MG85-SIL,Capa Moto G85 Silicone Azul,Silicone,Azul,3,19.9,59.7,27.42,25.6,42.9,0.0,0.0,3.59,3.09,1446,10,Anúncios,Pix,,Concluída,25,170,RJ,Duque de Caxias
MLB2026-001416,2026-05-02,CAP-IP12-PLU,Capinha iPhone 12 Pelúcia,Pelúcia,Amarelo,1,33.9,33.9,16.47,16.2,47.8,0.0,0.0,0.0,1.23,3457,85,Anúncios,Pix,,Concluída,5,223,PR,Curitiba
MLB2026-001417,2026-05-02,CAP-IP13-MAG,Capa iPhone 13 Silicone MagSafe,MagSafe,Branco,1,44.9,44.9,20.9,23.12,51.5,0.0,0.0,0.0,0.88,833,15,Anúncios,Pix,,Concluída,20,0,SP,Osasco
MLB2026-001418,2026-05-02,CAP-MG85-TPU,Capa Moto G85 TPU Cinza,TPU,Cinza,1,16.9,16.9,7.99,-5.1,-30.2,12.9,9.03,4.98,0.0,0,0,Orgânico,Pix,,Concluída,66,10,RJ,Niterói
MLB2026-001419,2026-05-02,CAP-IP15-AGU,Capa iPhone 15 À Prova d'Água,À Prova d'Água,Preto,1,57.9,57.9,27.05,30.26,52.3,0.0,0.0,0.59,0.0,0,0,Orgânico,Cartão de crédito,9,Concluída,13,90,RS,Pelotas
MLB2026-001420,2026-05-02,CAP-R13C-SIL,Capa Redmi 13C Silicone Azul,Silicone,Azul,1,17.9,17.9,6.93,10.97,61.3,0.0,0.0,0.0,0.0,0,0,Orgânico,Pix,,Enviada,6,23,RS,Porto Alegre
MLB2026-001421,2026-05-02,CAP-R13C-SIL,Capa Redmi 13C Silicone Azul,Silicone,Azul,1,17.9,17.9,7.25,1.62,9.1,12.9,9.03,0.0,0.0,0,0,Orgânico,Pix,,Concluída,6,22,SP,Campinas
MLB2026-001422,2026-05-03,CAP-IP15-CRI,Capa iPhone 15 Acrílico Cristal Transparente,Cristal,Transparente,1,29.9,29.9,11.42,4.55,15.2,19.9,13.93,0.0,0.0,0,0,Orgânico,Pix,,Concluída,43,0,GO,Aparecida de Goiânia
MLB2026-001423,2026-05-03,CAP-IP16-MAG,Capa iPhone 16 Silicone com MagSafe,MagSafe,Azul,1,49.9,49.9,22.19,27.71,55.5,0.0,0.0,0.0,0.0,0,0,Orgânico,Pix,,Concluída,23,124,SP,Guarulhos
MLB2026-001424,2026-05-03,CAP-IP14-COU,Capa iPhone 14 Couro Sintético Premium,Couro,Marrom,1,44.9,44.9,18.8,21.31,47.5,0.0,0.0,4.79,0.0,0,0,Orgânico,Pix,,Devolvida,49,94,SP,São Bernardo do Campo
MLB2026-001425,2026-05-03,CAP-IP13-SIL,Capa iPhone 13 Silicone Colorida,Silicone,Rosa,1,21.9,21.9,8.37,10.68,48.8,0.0,0.0,0.0,2.85,2583,59,Anúncios,Cartão de crédito,9,Concluída,29,199,SP,Guarulhos
MLB2026-001426,2026-05-03,CAP-IP12-TPU,Capa iPhone 12 TPU Transparente,TPU,Transparente,1,16.9,16.9,6.19,9.14,54.1,0.0,0.0,1.57,0.0,0,0,Orgânico,Cartão de crédito,6,Cancelada,81,26,SP,Guarulhos
MLB2026-001427,2026-05-03,CAP-IP11-SIL,Capinha iPhone 11 Silicone Antichoque,Silicone,Preto,1,15.9,15.9,7.88,6.81,42.8,0.0,0.0,0.0,1.21,2633,19,Anúncios,Pix,,Concluída,38,7,MA,São Luís
MLB2026-001428,2026-05-03,CAP-RN13-SUP,Capa Redmi Note 13 com Suporte,Com Suporte,Preto,1,32.9,32.9,14.31,9.56,29.1,12.9,9.03,0.0,0.0,0,0,Orgânico,Cartão de crédito,9,Concluída,6,165,SP,São Paulo
MLB2026-001429,2026-05-03,CAP-R12-SIL,Capa realme 12 Silicone Fosca,Silicone,Branco,1,20.9,20.9,7.54,4.33,20.7,12.9,9.03,0.0,0.0,0,0,Orgânico,Cartão de crédito,,Concluída,109,145,MG,Belo Horizonte
MLB2026-001430,2026-05-03,CAP-ME50-COU,Capa Moto Edge 50 Couro Sintético,Couro,Marrom,1,59.9,59.9,26.03,30.52,51.0,0.0,0.0,0.0,3.35,3108,46,Anúncios,Pix,,Concluída,20,49,PR,Maringá
MLB2026-001431,2026-05-03,CAP-ME50-COU,Capa Moto Edge 50 Couro Sintético,Couro,Marrom,1,59.9,59.9,28.01,29.37,49.0,0.0,0.0,1.34,1.18,2404,57,Anúncios,Pix,,Concluída,20,48,SP,Osasco
MLB2026-001432,2026-05-03,CAP-ME50-COU,Capa Moto Edge 50 Couro Sintético,Couro,Marrom,1,59.9,59.9,23.56,36.34,60.7,0.0,0.0,0.0,0.0,0,0,Orgânico,Cartão de crédito,,Concluída,20,47,PR,Maringá
MLB2026-001433,2026-05-03,CAP-GA55-SUP,Capa Galaxy A55 com Suporte e Anel,Com Suporte,Preto,1,35.9,35.9,16.27,17.75,49.4,0.0,0.0,0.88,1.0,917,10,Anúncios,Cartão de crédito,,Concluída,8,51,RS,Pelotas
MLB2026-001434,2026-05-03,CAP-GA56-CRI,Capa Galaxy A56 Cristal Espelhada,Cristal,Prata,1,34.9,34.9,15.44,10.43,29.9,12.9,9.03,0.0,0.0,0,0,Orgânico,Pix,,Concluída,55,85,PE,Olinda
MLB2026-001435,2026-05-03,CAP-R13C-SIL,Capa Redmi 13C Silicone Azul,Silicone,Azul,1,17.9,17.9,6.3,-0.25,-1.4,12.9,9.03,0.0,2.82,2826,18,Anúncios,Pix,,Concluída,17,21,MG,Contagem
MLB2026-001436,2026-05-03,CAP-R13C-SIL,Capa Redmi 13C Silicone Azul,Silicone,Azul,1,17.9,17.9,8.58,0.29,1.6,12.9,9.03,0.0,0.0,0,0,Orgânico,Boleto,,Concluída,17,20,SP,Guarulhos
MLB2026-001437,2026-05-04,CAP-IP11-SIL,Capinha iPhone 11 Silicone Antichoque,Silicone,Preto,1,15.9,15.9,6.46,0.41,2.6,12.9,9.03,0.0,0.0,0,0,Orgânico,Pix,,Concluída,29,6,SP,Campinas
MLB2026-001438,2026-05-04,CAP-GA55-SIL,Capa Galaxy A55 Silicone Fosca,Silicone,Verde,1,22.9,22.9,10.64,11.44,50.0,0.0,0.0,0.0,0.82,1416,40,Anúncios,Pix,,Concluída,29,88,PR,Cascavel
MLB2026-001439,2026-05-04,CAP-GA55-SIL,Capa Galaxy A55 Silicone Fosca,Silicone,Verde,1,22.9,22.9,9.2,1.33,5.8,12.9,9.03,0.0,3.34,2952,37,Anúncios,Cartão de crédito,9,Cancelada,29,87,SC,Joinville
MLB2026-001440,2026-05-04,CAP-GA55-CRI,Capa Galaxy A55 Cristal Ultra Fino,Cristal,Transparente,3,26.9,80.7,33.54,47.16,58.4,0.0,0.0,0.0,0.0,0,0,Orgânico,Pix,,Concluída,73,84,SP,São Bernardo do Campo
MLB2026-001441,2026-05-04,CAP-GA56-MAG,Capa Galaxy A56 com MagSafe,MagSafe,Roxo,1,47.9,47.9,20.92,26.98,56.3,0.0,0.0,0.0,0.0,0,0,Orgânico,Pix,,Concluída,41,66,MA,São Luís
MLB2026-001442,2026-05-04,CAP-GA56-MAG,Capa Galaxy A56 com MagSafe,MagSafe,Roxo,1,47.9,47.9,23.2,24.7,51.6,0.0,0.0,0.0,0.0,0,0,Orgânico,Pix,,Concluída,41,65,PE,Petrolina
MLB2026-001443,2026-05-04,CAP-GA56-MAG,Capa Galaxy A56 com MagSafe,MagSafe,Roxo,1,47.9,47.9,21.55,26.35,55.0,0.0,0.0,0.0,0.0,0,0,Orgânico,Cartão de crédito,,Concluída,41,64,RJ,Duque de Caxias
MLB2026-001444,2026-05-04,CAP-GS24-SIL,Capa Galaxy S24 Silicone com Anel,Silicone,Azul,2,29.9,59.8,21.98,34.23,57.2,0.0,0.0,3.59,0.0,0,0,Orgânico,Cartão de crédito,9,Enviada,24,118,SP,São Bernardo do Campo
MLB2026-001445,2026-05-04,CAP-GS23-TPU,Capa Galaxy S23 TPU Camuflada,TPU,Camuflado,1,19.9,19.9,7.35,3.52,17.7,12.9,9.03,0.0,0.0,0,0,Orgânico,Pix,,Concluída,18,184,SP,Campinas
MLB2026-001446,2026-05-04,CAP-RN14-AGU,Capa Redmi Note 14 À Prova d'Água,À Prova d'Água,Azul,1,54.9,54.9,23.84,31.06,56.6,0.0,0.0,0.0,0.0,0,0,Orgânico,Pix,,Concluída,13,58,PA,Ananindeua
MLB2026-001447,2026-05-04,CAP-MG84-SUP,Capa Moto G84 com Suporte,Com Suporte,Preto,1,29.9,29.9,10.94,18.96,63.4,0.0,0.0,0.0,0.0,0,0,Orgânico,Pix,,Concluída,5,168,SP,Campinas
MLB2026-001448,2026-05-04,CAP-IP13-MAG,Capa iPhone 13 Silicone MagSafe,MagSafe,Branco,1,44.9,44.9,19.5,25.4,56.6,0.0,0.0,0.0,0.0,0,0,Orgânico,Cartão de crédito,12,Concluída,33,0,SP,Guarulhos
MLB2026-001449,2026-05-04,CAP-IP13-MAG,Capa iPhone 13 Silicone MagSafe,MagSafe,Branco,1,44.9,44.9,19.79,21.31,47.5,0.0,0.0,0.0,3.8,888,6,Anúncios,Cartão de crédito,3,Concluída,33,0,RJ,Rio de Janeiro
MLB2026-001450,2026-05-04,CAP-R12-SUP,Capa realme 12 com Suporte,Com Suporte,Cinza,1,33.9,33.9,13.08,11.79,34.8,12.9,9.03,0.0,0.0,0,0,Orgânico,Cartão de débito,,Enviada,24,200,SP,São Paulo
MLB2026-001451,2026-05-05,CAP-IP12-TPU,Capa iPhone 12 TPU Transparente,TPU,Transparente,1,16.9,16.9,7.86,-4.89,-28.9,19.9,13.93,0.0,0.0,0,0,Orgânico,Cartão de crédito,3,Concluída,50,25,SP,Osasco
MLB2026-001452,2026-05-05,CAP-GA55-SIL,Capa Galaxy A55 Silicone Fosca,Silicone,Verde,1,22.9,22.9,8.18,5.69,24.8,12.9,9.03,0.0,0.0,0,0,Orgânico,Pix,,Cancelada,40,86,CE,Juazeiro do Norte
MLB2026-001453,2026-05-05,CAP-GA55-CRI,Capa Galaxy A55 Cristal Ultra Fino,Cristal,Transparente,1,26.9,26.9,9.43,3.54,13.2,19.9,13.93,0.0,0.0,0,0,Orgânico,Pix,,Concluída,101,83,SP,São Paulo
MLB2026-001454,2026-05-05,CAP-GA55-CRI,Capa Galaxy A55 Cristal Ultra Fino,Cristal,Transparente,1,26.9,26.9,9.71,8.16,30.3,12.9,9.03,0.0,0.0,0,0,Orgânico,Cartão de crédito,6,Concluída,101,82,SP,Guarulhos
MLB2026-001455,2026-05-05,CAP-GA54-TPU,Capa Galaxy A54 TPU Antirrisco,TPU,Cinza,1,15.9,15.9,6.27,-4.3,-27.0,19.9,13.93,0.0,0.0,0,0,Orgânico,Cartão de crédito,9,Concluída,35,141,GO,Anápolis
MLB2026-001456,2026-05-05,CAP-GA54-TPU,Capa Galaxy A54 TPU Antirrisco,TPU,Cinza,2,15.9,31.8,14.42,1.19,3.7,19.9,13.93,0.0,2.26,3218,27,Anúncios,Boleto,,Concluída,35,139,SP,São Bernardo do Campo
MLB2026-001457,2026-05-05,CAP-RN14-SIL,Capa Redmi Note 14 Silicone,Silicone,Preto,2,18.9,37.8,18.48,9.35,24.7,12.9,9.03,0.0,0.94,2909,64,Anúncios,Boleto,,Concluída,36,89,SP,Osasco
MLB2026-001458,2026-05-05,CAP-R12-SIL,Capa realme 12 Silicone Fosca,Silicone,Branco,1,20.9,20.9,8.54,3.33,15.9,12.9,9.03,0.0,0.0,0,0,Orgânico,Pix,,Concluída,63,144,GO,Goiânia
MLB2026-001459,2026-05-05,CAP-R11-PLU,Capa realme 11 Pelúcia Fofinha,Pelúcia,Rosa,1,34.9,34.9,17.13,16.91,48.5,0.0,0.0,0.0,0.86,1989,16,Anúncios,Cartão de débito,,Pendente,11,68,SP,São Bernardo do Campo
MLB2026-001460,2026-05-05,CAP-R11-PLU,Capa realme 11 Pelúcia Fofinha,Pelúcia,Rosa,1,34.9,34.9,17.43,17.47,50.1,0.0,0.0,0.0,0.0,0,0,Orgânico,Pix,,Concluída,11,67,SP,Guarulhos
MLB2026-001461,2026-05-05,CAP-R12-CRI,Capa realme 12 Cristal Transparente,Cristal,Transparente,1,24.9,24.9,11.94,-0.97,-3.9,19.9,13.93,0.0,0.0,0,0,Orgânico,Pix,,Concluída,36,0,MG,Juiz de Fora
MLB2026-001462,2026-05-05,CAP-R12-CRI,Capa realme 12 Cristal Transparente,Cristal,Transparente,1,24.9,24.9,9.62,2.67,10.7,12.9,9.03,0.0,3.58,2976,61,Anúncios,Pix,,Concluída,36,0,AM,Parintins
MLB2026-001463,2026-05-05,CAP-RN14-PLU,Capa Redmi Note 14 Pelúcia,Pelúcia,Rosa,1,32.9,32.9,14.72,1.91,5.8,19.9,13.93,0.0,2.34,2291,45,Anúncios,Cartão de crédito,6,Pendente,12,16,PE,Olinda
MLB2026-001464,2026-05-05,CAP-RN14-PLU,Capa Redmi Note 14 Pelúcia,Pelúcia,Rosa,1,32.9,32.9,15.34,8.53,25.9,12.9,9.03,0.0,0.0,0,0,Orgânico,Pix,,Concluída,12,15,MG,Juiz de Fora
MLB2026-001465,2026-05-05,CAP-R12-SUP,Capa realme 12 com Suporte,Com Suporte,Cinza,1,33.9,33.9,14.41,10.46,30.9,12.9,9.03,0.0,0.0,0,0,Orgânico,Pix,,Concluída,20,199,RJ,Rio de Janeiro
MLB2026-001466,2026-05-05,CAP-R13C-SIL,Capa Redmi 13C Silicone Azul,Silicone,Azul,2,17.9,35.8,16.18,18.35,51.3,0.0,0.0,0.0,1.27,1830,48,Anúncios,Cartão de crédito,3,Concluída,43,18,BA,Feira de Santana
MLB2026-001467,2026-05-06,CAP-IP16-MAG,Capa iPhone 16 Silicone com MagSafe,MagSafe,Azul,1,49.9,49.9,22.44,27.46,55.0,0.0,0.0,0.0,0.0,0,0,Orgânico,Pix,,Concluída,54,123,RJ,Rio de Janeiro
MLB2026-001468,2026-05-06,CAP-IP14-COU,Capa iPhone 14 Couro Sintético Premium,Couro,Marrom,1,44.9,44.9,20.18,21.47,47.8,0.0,0.0,0.0,3.25,3415,21,Anúncios,Boleto,,Concluída,33,93,PR,Cascavel
MLB2026-001469,2026-05-06,CAP-GA55-CRI,Capa Galaxy A55 Cristal Ultra Fino,Cristal,Transparente,1,26.9,26.9,11.26,6.61,24.6,12.9,9.03,0.0,0.0,0,0,Orgânico,Cartão de crédito,,Concluída,50,81,SC,Chapecó
MLB2026-001470,2026-05-06,CAP-GA54-TPU,Capa Galaxy A54 TPU Antirrisco,TPU,Cinza,1,15.9,15.9,6.19,5.46,34.3,0.0,0.0,0.64,3.61,2327,53,Anúncios,Pix,,Concluída,43,138,RJ,Niterói
MLB2026-001471,2026-05-06,CAP-GS25-COU,Capa Galaxy S25 Ultra Couro Premium,Couro,Marrom,1,69.9,69.9,34.59,35.31,50.5,0.0,0.0,0.0,0.0,0,0,Orgânico,Cartão de crédito,6,Concluída,21,154,RJ,Rio de Janeiro
MLB2026-001472,2026-05-06,CAP-GS23-TPU,Capa Galaxy S23 TPU Camuflada,TPU,Camuflado,1,19.9,19.9,7.75,-1.1,-5.5,12.9,9.03,0.0,4.22,1049,25,Anúncios,Pix,,Concluída,11,183,PR,Curitiba
MLB2026-001473,2026-05-06,CAP-RN13-TPU,Capa Redmi Note 13 TPU Cristal,TPU,Transparente,1,14.9,14.9,6.51,-7.45,-50.0,19.9,13.93,0.0,1.91,1701,30,Anúncios,Cartão de crédito,6,Concluída,36,192,MG,Uberlândia
MLB2026-001474,2026-05-06,CAP-R12-SIL,Capa realme 12 Silicone Fosca,Silicone,Branco,1,20.9,20.9,8.78,-1.81,-8.7,19.9,13.93,0.0,0.0,0,0,Orgânico,Cartão de crédito,3,Concluída,25,143,SC,Blumenau
MLB2026-001475,2026-05-06,CAP-MG84-TPU,Capa Moto G84 TPU Transparente,TPU,Transparente,2,15.9,31.8,12.46,19.34,60.8,0.0,0.0,0.0,0.0,0,0,Orgânico,Pix,,Concluída,21,131,SP,São Bernardo do Campo
MLB2026-001476,2026-05-06,CAP-MG84-TPU,Capa Moto G84 TPU Transparente,TPU,Transparente,1,15.9,15.9,6.36,7.97,50.1,0.0,0.0,0.0,1.57,806,9,Anúncios,Cartão de crédito,,Concluída,21,130,SC,Florianópolis
MLB2026-001477,2026-05-06,CAP-MG85-SIL,Capa Moto G85 Silicone Azul,Silicone,Azul,1,19.9,19.9,7.65,-1.68,-8.4,19.9,13.93,0.0,0.0,0,0,Orgânico,Cartão de crédito,,Enviada,41,169,RJ,Rio de Janeiro
MLB2026-001478,2026-05-06,CAP-GS25-SIL,Capa Galaxy S25 Ultra Silicone MagSafe,MagSafe,Preto,1,54.9,54.9,19.78,35.12,64.0,0.0,0.0,0.0,0.0,0,0,Orgânico,Pix,,Concluída,12,0,GO,Aparecida de Goiânia
MLB2026-001479,2026-05-06,CAP-R12-CRI,Capa realme 12 Cristal Transparente,Cristal,Transparente,1,24.9,24.9,9.68,15.22,61.1,0.0,0.0,0.0,0.0,0,0,Orgânico,Cartão de crédito,3,Concluída,7,0,MG,Contagem
MLB2026-001480,2026-05-06,CAP-IP13-MAG,Capa iPhone 13 Silicone MagSafe,MagSafe,Branco,1,44.9,44.9,19.14,22.31,49.7,0.0,0.0,0.0,3.45,1413,42,Anúncios,Pix,,Concluída,8,0,PR,Maringá
MLB2026-001481,2026-05-07,CAP-IP15-SIL,Capa de Celular iPhone 15 Silicone Fosca,Silicone,Preto,1,24.9,24.9,12.25,12.65,50.8,0.0,0.0,0.0,0.0,0,0,Orgânico,Cartão de crédito,9,Concluída,53,20,BA,Feira de Santana
MLB2026-001482,2026-05-07,CAP-IP15-CRI,Capa iPhone 15 Acrílico Cristal Transparente,Cristal,Transparente,1,29.9,29.9,10.61,10.26,34.3,12.9,9.03,0.0,0.0,0,0,Orgânico,Pix,,Concluída,17,0,RS,Pelotas
MLB2026-001483,2026-05-07,CAP-IP14-COU,Capa iPhone 14 Couro Sintético Premium,Couro,Marrom,1,44.9,44.9,22.28,22.62,50.4,0.0,0.0,0.0,0.0,0,0,Orgânico,Pix,,Concluída,35,92,SP,Campinas
MLB2026-001484,2026-05-07,CAP-IP14-COU,Capa iPhone 14 Couro Sintético Premium,Couro,Marrom,1,44.9,44.9,18.2,23.66,52.7,0.0,0.0,0.0,3.04,396,4,Anúncios,Boleto,,Concluída,35,91,ES,Vila Velha
MLB2026-001485,2026-05-07,CAP-IP14-COU,Capa iPhone 14 Couro Sintético Premium,Couro,Marrom,3,44.9,134.7,55.86,78.84,58.5,0.0,0.0,0.0,0.0,0,0,Orgânico,Boleto,,Concluída,35,88,SP,São Bernardo do Campo
MLB2026-001486,2026-05-07,CAP-IP13-SIL,Capa iPhone 13 Silicone Colorida,Silicone,Rosa,1,21.9,21.9,10.61,2.26,10.3,12.9,9.03,0.0,0.0,0,0,Orgânico,Cartão de crédito,,Concluída,21,198,SP,São Bernardo do Campo
MLB2026-001487,2026-05-07,CAP-IP12-TPU,Capa iPhone 12 TPU Transparente,TPU,Transparente,1,16.9,16.9,8.35,-2.98,-17.6,12.9,9.03,0.0,2.5,1874,24,Anúncios,Pix,,Concluída,16,24,DF,Brasília
MLB2026-001488,2026-05-07,CAP-IP11-SIL,Capinha iPhone 11 Silicone Antichoque,Silicone,Preto,2,15.9,31.8,12.32,5.55,17.5,19.9,13.93,0.0,0.0,0,0,Orgânico,Pix,,Concluída,29,4,BA,Salvador
MLB2026-001489,2026-05-07,CAP-GA55-SIL,Capa Galaxy A55 Silicone Fosca,Silicone,Verde,1,22.9,22.9,11.04,-2.07,-9.0,19.9,13.93,0.0,0.0,0,0,Orgânico,Pix,,Concluída,30,85,DF,Brasília
MLB2026-001490,2026-05-07,CAP-GA55-CRI,Capa Galaxy A55 Cristal Ultra Fino,Cristal,Transparente,1,26.9,26.9,9.43,7.36,27.4,12.9,9.03,1.08,0.0,0,0,Orgânico,Cartão de crédito,3,Concluída,29,80,PA,Ananindeua
MLB2026-001491,2026-05-07,CAP-GA55-CRI,Capa Galaxy A55 Cristal Ultra Fino,Cristal,Transparente,1,26.9,26.9,12.95,0.42,1.6,12.9,9.03,4.5,0.0,0,0,Orgânico,Boleto,,Cancelada,29,79,BA,Feira de Santana
MLB2026-001492,2026-05-07,CAP-GS25-COU,Capa Galaxy S25 Ultra Couro Premium,Couro,Marrom,1,69.9,69.9,25.18,42.68,61.1,0.0,0.0,0.0,2.04,1432,11,Anúncios,Pix,,Enviada,9,153,PA,Ananindeua
MLB2026-001493,2026-05-07,CAP-GS25-COU,Capa Galaxy S25 Ultra Couro Premium,Couro,Marrom,1,69.9,69.9,29.61,40.29,57.6,0.0,0.0,0.0,0.0,0,0,Orgânico,Pix,,Concluída,9,152,SP,Osasco
MLB2026-001494,2026-05-07,CAP-GS25-COU,Capa Galaxy S25 Ultra Couro Premium,Couro,Marrom,1,69.9,69.9,28.04,41.86,59.9,0.0,0.0,0.0,0.0,0,0,Orgânico,Pix,,Concluída,9,151,PR,Maringá
MLB2026-001495,2026-05-07,CAP-GS24-SIL,Capa Galaxy S24 Silicone com Anel,Silicone,Azul,1,29.9,29.9,13.52,4.67,15.6,12.9,9.03,0.0,2.68,2660,26,Anúncios,Cartão de crédito,12,Concluída,39,117,PR,Londrina
MLB2026-001496,2026-05-07,CAP-RN13-SUP,Capa Redmi Note 13 com Suporte,Com Suporte,Preto,1,32.9,32.9,14.5,18.4,55.9,0.0,0.0,0.0,0.0,0,0,Orgânico,Pix,,Concluída,29,164,SP,Campinas
MLB2026-001497,2026-05-07,CAP-R12-SIL,Capa realme 12 Silicone Fosca,Silicone,Branco,1,20.9,20.9,9.93,7.06,33.8,0.0,0.0,3.91,0.0,0,0,Orgânico,Pix,,Concluída,95,142,AM,Manaus
MLB2026-001498,2026-05-07,CAP-MG85-SIL,Capa Moto G85 Silicone Azul,Silicone,Azul,1,19.9,19.9,7.14,-2.99,-15.0,19.9,13.93,0.0,1.82,1608,28,Anúncios,Cartão de crédito,3,Concluída,45,168,SP,Guarulhos
MLB2026-001499,2026-05-07,CAP-IP15-PLU,Capa iPhone 15 Pelúcia Colorida,Pelúcia,Rosa,1,39.9,39.9,18.2,17.43,43.7,0.0,0.0,4.27,0.0,0,0,Orgânico,Pix,,Concluída,4,120,RJ,Rio de Janeiro
MLB2026-001500,2026-05-07,CAP-IP15-PLU,Capa iPhone 15 Pelúcia Colorida,Pelúcia,Rosa,1,39.9,39.9,17.05,13.82,34.6,12.9,9.03,0.0,0.0,0,0,Orgânico,Cartão de crédito,9,Concluída,4,119,SP,Campinas
MLB2026-001501,2026-05-07,CAP-GA55-SUP,Capa Galaxy A55 com Suporte e Anel,Com Suporte,Preto,1,35.9,35.9,12.87,21.41,59.6,0.0,0.0,0.0,1.62,3259,69,Anúncios,Pix,,Concluída,28,50,RJ,Campos dos Goytacazes
MLB2026-001502,2026-05-07,CAP-GA55-SUP,Capa Galaxy A55 com Suporte e Anel,Com Suporte,Preto,1,35.9,35.9,17.63,5.87,16.4,12.9,9.03,0.0,3.37,3091,72,Anúncios,Pix,,Concluída,28,49,MG,Belo Horizonte
MLB2026-001503,2026-05-07,CAP-IP16-CRI,Capa iPhone 16 Cristal Espelhada,Cristal,Prata,1,37.9,37.9,17.23,20.67,54.5,0.0,0.0,0.0,0.0,0,0,Orgânico,Cartão de crédito,12,Concluída,16,130,RJ,Rio de Janeiro
MLB2026-001504,2026-05-07,CAP-IP16-CRI,Capa iPhone 16 Cristal Espelhada,Cristal,Prata,1,37.9,37.9,15.51,4.74,12.5,19.9,13.93,1.84,1.88,3191,49,Anúncios,Boleto,,Cancelada,16,129,SC,Chapecó
MLB2026-001505,2026-05-07,CAP-GS25-SIL,Capa Galaxy S25 Ultra Silicone MagSafe,MagSafe,Preto,1,54.9,54.9,27.4,27.5,50.1,0.0,0.0,0.0,0.0,0,0,Orgânico,Pix,,Concluída,64,0,CE,Sobral
MLB2026-001506,2026-05-07,CAP-GA54-SIL,Capa Galaxy A54 Silicone Vermelho,Silicone,Vermelho,1,18.9,18.9,7.84,2.03,10.7,12.9,9.03,0.0,0.0,0,0,Orgânico,Cartão de débito,,Concluída,62,172,RJ,Rio de Janeiro
MLB2026-001507,2026-05-07,CAP-GA54-SIL,Capa Galaxy A54 Silicone Vermelho,Silicone,Vermelho,1,18.9,18.9,7.18,11.72,62.0,0.0,0.0,0.0,0.0,0,0,Orgânico,Cartão de crédito,9,Concluída,62,171,SP,Guarulhos
MLB2026-001508,2026-05-07,CAP-R13C-SIL,Capa Redmi 13C Silicone Azul,Silicone,Azul,1,17.9,17.9,7.91,0.96,5.4,12.9,9.03,0.0,0.0,0,0,Orgânico,Pix,,Concluída,21,17,SP,São Bernardo do Campo
MLB2026-001509,2026-05-08,CAP-IP15-SIL,Capa de Celular iPhone 15 Silicone Fosca,Silicone,Preto,2,24.9,49.8,19.68,21.09,42.3,12.9,9.03,0.0,0.0,0,0,Orgânico,Pix,,Concluída,79,18,RJ,Rio de Janeiro
MLB2026-001510,2026-05-08,CAP-IP15-CRI,Capa iPhone 15 Acrílico Cristal Transparente,Cristal,Transparente,1,29.9,29.9,13.19,16.71,55.9,0.0,0.0,0.0,0.0,0,0,Orgânico,Cartão de crédito,9,Concluída,62,0,DF,Taguatinga
MLB2026-001511,2026-05-08,CAP-IP16-MAG,Capa iPhone 16 Silicone com MagSafe,MagSafe,Azul,1,49.9,49.9,22.01,27.89,55.9,0.0,0.0,0.0,0.0,0,0,Orgânico,Pix,,Concluída,42,122,MA,São Luís
MLB2026-001512,2026-05-08,CAP-IP14-COU,Capa iPhone 14 Couro Sintético Premium,Couro,Marrom,2,44.9,89.8,36.26,49.76,55.4,0.0,0.0,0.0,3.78,685,15,Anúncios,Pix,,Concluída,34,86,SC,Joinville
MLB2026-001513,2026-05-08,CAP-IP11-SIL,Capinha iPhone 11 Silicone Antichoque,Silicone,Preto,1,15.9,15.9,6.09,-3.87,-24.3,12.9,9.03,4.65,0.0,0,0,Orgânico,Pix,,Concluída,17,3,GO,Aparecida de Goiânia
MLB2026-001514,2026-05-08,CAP-GA54-TPU,Capa Galaxy A54 TPU Antirrisco,TPU,Cinza,1,15.9,15.9,5.68,1.19,7.5,12.9,9.03,0.0,0.0,0,0,Orgânico,Cartão de crédito,,Concluída,31,137,ES,Serra
MLB2026-001515,2026-05-08,CAP-R12-SIL,Capa realme 12 Silicone Fosca,Silicone,Branco,1,20.9,20.9,9.77,8.02,38.4,0.0,0.0,0.0,3.11,3229,58,Anúncios,Pix,,Concluída,14,141,MG,Contagem
MLB2026-001516,2026-05-08,CAP-R12-SIL,Capa realme 12 Silicone Fosca,Silicone,Branco,1,20.9,20.9,8.32,12.58,60.2,0.0,0.0,0.0,0.0,0,0,Orgânico,Pix,,Enviada,14,140,MG,Contagem
MLB2026-001517,2026-05-08,CAP-MG84-TPU,Capa Moto G84 TPU Transparente,TPU,Transparente,1,15.9,15.9,5.72,10.18,64.0,0.0,0.0,0.0,0.0,0,0,Orgânico,Pix,,Concluída,45,129,RJ,Campos dos Goytacazes
MLB2026-001518,2026-05-08,CAP-MG85-SIL,Capa Moto G85 Silicone Azul,Silicone,Azul,1,19.9,19.9,9.88,-3.91,-19.6,19.9,13.93,0.0,0.0,0,0,Orgânico,Cartão de crédito,3,Concluída,35,167,SP,Campinas
MLB2026-001519,2026-05-08,CAP-MG85-SIL,Capa Moto G85 Silicone Azul,Silicone,Azul,1,19.9,19.9,9.25,1.62,8.1,12.9,9.03,0.0,0.0,0,0,Orgânico,Cartão de crédito,9,Concluída,35,166,SP,Campinas
MLB2026-001520,2026-05-08,CAP-ME50-COU,Capa Moto Edge 50 Couro Sintético,Couro,Marrom,1,59.9,59.9,29.34,30.56,51.0,0.0,0.0,0.0,0.0,0,0,Orgânico,Pix,,Concluída,6,46,SC,Joinville
MLB2026-001521,2026-05-08,CAP-ME50-COU,Capa Moto Edge 50 Couro Sintético,Couro,Marrom,2,59.9,119.8,55.38,60.0,50.1,0.0,0.0,0.0,4.42,3379,37,Anúncios,Cartão de crédito,,Concluída,6,44,ES,Serra
MLB2026-001522,2026-05-08,CAP-GA55-SUP,Capa Galaxy A55 com Suporte e Anel,Com Suporte,Preto,1,35.9,35.9,16.81,3.05,8.5,19.9,13.93,0.0,2.11,3377,48,Anúncios,Cartão de crédito,9,Concluída,31,48,RJ,Duque de Caxias
MLB2026-001523,2026-05-08,CAP-GA55-SUP,Capa Galaxy A55 com Suporte e Anel,Com Suporte,Preto,2,35.9,71.8,32.96,38.84,54.1,0.0,0.0,0.0,0.0,0,0,Orgânico,Cartão de crédito,,Concluída,31,46,BA,Vitória da Conquista
MLB2026-001524,2026-05-08,CAP-GA55-SUP,Capa Galaxy A55 com Suporte e Anel,Com Suporte,Preto,1,35.9,35.9,17.64,18.26,50.9,0.0,0.0,0.0,0.0,0,0,Orgânico,Cartão de crédito,3,Concluída,31,45,SC,Blumenau
MLB2026-001525,2026-05-08,CAP-IP13-MAG,Capa iPhone 13 Silicone MagSafe,MagSafe,Branco,1,44.9,44.9,18.32,26.58,59.2,0.0,0.0,0.0,0.0,0,0,Orgânico,Pix,,Concluída,38,0,SP,Osasco
MLB2026-001526,2026-05-09,CAP-IP15-SIL,Capa de Celular iPhone 15 Silicone Fosca,Silicone,Preto,1,24.9,24.9,11.88,-0.91,-3.7,19.9,13.93,0.0,0.0,0,0,Orgânico,Pix,,Concluída,104,17,RJ,Rio de Janeiro
MLB2026-001527,2026-05-09,CAP-IP15-CRI,Capa iPhone 15 Acrílico Cristal Transparente,Cristal,Transparente,1,29.9,29.9,10.62,19.28,64.5,0.0,0.0,0.0,0.0,0,0,Orgânico,Cartão de crédito,9,Concluída,48,0,MG,Belo Horizonte
MLB2026-001528,2026-05-09,CAP-IP13-SIL,Capa iPhone 13 Silicone Colorida,Silicone,Rosa,1,21.9,21.9,10.45,0.81,3.7,12.9,9.03,0.0,1.61,3440,18,Anúncios,Cartão de crédito,12,Concluída,53,197,MG,Juiz de Fora
MLB2026-001529,2026-05-09,CAP-IP12-TPU,Capa iPhone 12 TPU Transparente,TPU,Transparente,1,16.9,16.9,6.33,-0.97,-5.7,12.9,9.03,2.51,0.0,0,0,Orgânico,Pix,,Concluída,13,23,BA,Vitória da Conquista
MLB2026-001530,2026-05-09,CAP-IP12-TPU,Capa iPhone 12 TPU Transparente,TPU,Transparente,1,16.9,16.9,6.3,10.6,62.7,0.0,0.0,0.0,0.0,0,0,Orgânico,Pix,,Concluída,13,22,SP,Guarulhos
MLB2026-001531,2026-05-09,CAP-IP12-TPU,Capa iPhone 12 TPU Transparente,TPU,Transparente,1,16.9,16.9,6.55,-5.91,-35.0,19.9,13.93,0.0,2.33,333,9,Anúncios,Cartão de crédito,,Concluída,13,21,SP,São Paulo
MLB2026-001532,2026-05-09,CAP-GA55-SIL,Capa Galaxy A55 Silicone Fosca,Silicone,Verde,1,22.9,22.9,9.18,0.79,3.4,12.9,9.03,3.9,0.0,0,0,Orgânico,Cartão de débito,,Concluída,138,84,SP,São Paulo
MLB2026-001533,2026-05-09,CAP-GA55-SIL,Capa Galaxy A55 Silicone Fosca,Silicone,Verde,1,22.9,22.9,10.48,-4.22,-18.4,19.9,13.93,0.0,2.71,2137,33,Anúncios,Pix,,Concluída,138,83,PE,Petrolina
MLB2026-001534,2026-05-09,CAP-GA54-TPU,Capa Galaxy A54 TPU Antirrisco,TPU,Cinza,1,15.9,15.9,5.7,-2.64,-16.6,12.9,9.03,0.0,3.81,3320,83,Anúncios,Pix,,Concluída,65,136,SC,Joinville
MLB2026-001535,2026-05-09,CAP-GS25-COU,Capa Galaxy S25 Ultra Couro Premium,Couro,Marrom,1,69.9,69.9,31.73,36.2,51.8,0.0,0.0,1.97,0.0,0,0,Orgânico,Cartão de crédito,,Concluída,14,150,SP,Osasco
MLB2026-001536,2026-05-09,CAP-GS23-TPU,Capa Galaxy S23 TPU Camuflada,TPU,Camuflado,1,19.9,19.9,7.32,-5.16,-25.9,19.9,13.93,0.0,3.81,1813,12,Anúncios,Pix,,Enviada,51,182,RS,Caxias do Sul
MLB2026-001537,2026-05-09,CAP-GA56-CRI,Capa Galaxy A56 Cristal Espelhada,Cristal,Prata,1,34.9,34.9,17.04,17.86,51.2,0.0,0.0,0.0,0.0,0,0,Orgânico,Cartão de crédito,6,Enviada,37,84,PE,Recife
MLB2026-001538,2026-05-09,CAP-RN14-PLU,Capa Redmi Note 14 Pelúcia,Pelúcia,Rosa,1,32.9,32.9,16.39,7.48,22.7,12.9,9.03,0.0,0.0,0,0,Orgânico,Pix,,Concluída,14,14,RS,Caxias do Sul
MLB2026-001539,2026-05-09,CAP-GS24-COU,Capa Galaxy S24 Couro Premium,Couro,Preto,1,64.9,64.9,31.75,33.15,51.1,0.0,0.0,0.0,0.0,0,0,Orgânico,Pix,,Concluída,12,157,SC,Chapecó
MLB2026-001540,2026-05-09,CAP-IP13-MAG,Capa iPhone 13 Silicone MagSafe,MagSafe,Branco,1,44.9,44.9,18.53,25.03,55.7,0.0,0.0,0.0,1.34,1912,14,Anúncios,Pix,,Concluída,24,0,MG,Contagem
MLB2026-001541,2026-05-09,CAP-IP13-MAG,Capa iPhone 13 Silicone MagSafe,MagSafe,Branco,1,44.9,44.9,18.33,26.57,59.2,0.0,0.0,0.0,0.0,0,0,Orgânico,Pix,,Concluída,24,0,SP,São Bernardo do Campo
MLB2026-001542,2026-05-10,CAP-IP15-CRI,Capa iPhone 15 Acrílico Cristal Transparente,Cristal,Transparente,1,29.9,29.9,12.47,8.4,28.1,12.9,9.03,0.0,0.0,0,0,Orgânico,Pix,,Concluída,75,0,CE,Juazeiro do Norte
MLB2026-001543,2026-05-10,CAP-IP16-MAG,Capa iPhone 16 Silicone com MagSafe,MagSafe,Azul,1,49.9,49.9,19.84,30.06,60.2,0.0,0.0,0.0,0.0,0,0,Orgânico,Pix,,Concluída,42,121,SP,Guarulhos
MLB2026-001544,2026-05-10,CAP-IP14-COU,Capa iPhone 14 Couro Sintético Premium,Couro,Marrom,1,44.9,44.9,18.2,26.7,59.5,0.0,0.0,0.0,0.0,0,0,Orgânico,Boleto,,Concluída,39,85,SC,Chapecó
MLB2026-001545,2026-05-10,CAP-IP13-SIL,Capa iPhone 13 Silicone Colorida,Silicone,Rosa,2,21.9,43.8,17.8,16.97,38.7,12.9,9.03,0.0,0.0,0,0,Orgânico,Pix,,Concluída,51,195,PR,Maringá
MLB2026-001546,2026-05-10,CAP-IP12-TPU,Capa iPhone 12 TPU Transparente,TPU,Transparente,1,16.9,16.9,7.35,0.52,3.1,12.9,9.03,0.0,0.0,0,0,Orgânico,Pix,,Concluída,57,20,RJ,Niterói
MLB2026-001547,2026-05-10,CAP-GA55-SIL,Capa Galaxy A55 Silicone Fosca,Silicone,Verde,1,22.9,22.9,11.02,9.93,43.4,0.0,0.0,1.95,0.0,0,0,Orgânico,Pix,,Concluída,45,82,RS,Canoas
MLB2026-001548,2026-05-10,CAP-RN13-TPU,Capa Redmi Note 13 TPU Cristal,TPU,Transparente,1,14.9,14.9,6.35,-10.34,-69.4,19.9,13.93,4.96,0.0,0,0,Orgânico,Pix,,Concluída,112,191,CE,Juazeiro do Norte
MLB2026-001549,2026-05-10,CAP-MG84-TPU,Capa Moto G84 TPU Transparente,TPU,Transparente,1,15.9,15.9,7.41,8.49,53.4,0.0,0.0,0.0,0.0,0,0,Orgânico,Pix,,Concluída,55,128,RS,Pelotas
MLB2026-001550,2026-05-10,CAP-MG84-TPU,Capa Moto G84 TPU Transparente,TPU,Transparente,1,15.9,15.9,7.82,-5.85,-36.8,19.9,13.93,0.0,0.0,0,0,Orgânico,Cartão de crédito,6,Concluída,55,127,PA,Ananindeua
MLB2026-001551,2026-05-10,CAP-GS25-SIL,Capa Galaxy S25 Ultra Silicone MagSafe,MagSafe,Preto,1,54.9,54.9,19.8,35.1,63.9,0.0,0.0,0.0,0.0,0,0,Orgânico,Pix,,Concluída,8,0,RS,Caxias do Sul
MLB2026-001552,2026-05-10,CAP-IP12-PLU,Capinha iPhone 12 Pelúcia,Pelúcia,Amarelo,1,33.9,33.9,16.76,8.11,23.9,12.9,9.03,0.0,0.0,0,0,Orgânico,Cartão de crédito,6,Concluída,7,222,AM,Parintins
MLB2026-001553,2026-05-10,CAP-IP16-PLU,Capa iPhone 16 Pelúcia Colorida,Pelúcia,Verde,1,41.9,41.9,15.97,12.0,28.6,19.9,13.93,0.0,0.0,0,0,Orgânico,Pix,,Concluída,11,59,SP,Campinas
MLB2026-001554,2026-05-10,CAP-R12-SUP,Capa realme 12 com Suporte,Com Suporte,Cinza,1,33.9,33.9,13.37,6.6,19.5,19.9,13.93,0.0,0.0,0,0,Orgânico,Cartão de crédito,9,Concluída,16,198,PR,Cascavel
MLB2026-001555,2026-05-10,CAP-R12-SUP,Capa realme 12 com Suporte,Com Suporte,Cinza,1,33.9,33.9,13.03,11.84,34.9,12.9,9.03,0.0,0.0,0,0,Orgânico,Cartão de crédito,12,Concluída,16,197,SP,São Paulo
MLB2026-001556,2026-05-11,CAP-IP15-SIL,Capa de Celular iPhone 15 Silicone Fosca,Silicone,Preto,1,24.9,24.9,10.77,14.13,56.7,0.0,0.0,0.0,0.0,0,0,Orgânico,Boleto,,Concluída,35,16,BA,Feira de Santana
MLB2026-001557,2026-05-11,CAP-IP14-COU,Capa iPhone 14 Couro Sintético Premium,Couro,Marrom,2,44.9,89.8,43.06,46.74,52.0,0.0,0.0,0.0,0.0,0,0,Orgânico,Pix,,Concluída,10,83,PR,Cascavel
MLB2026-001558,2026-05-11,CAP-IP14-COU,Capa iPhone 14 Couro Sintético Premium,Couro,Marrom,1,44.9,44.9,20.03,23.39,52.1,0.0,0.0,0.0,1.48,3261,54,Anúncios,Boleto,,Concluída,10,82,MG,Uberlândia
MLB2026-001559,2026-05-11,CAP-IP14-COU,Capa iPhone 14 Couro Sintético Premium,Couro,Marrom,1,44.9,44.9,17.82,23.63,52.6,0.0,0.0,0.0,3.45,3447,63,Anúncios,Pix,,Concluída,10,81,SC,Chapecó
MLB2026-001560,2026-05-11,CAP-IP11-SIL,Capinha iPhone 11 Silicone Antichoque,Silicone,Preto,1,15.9,15.9,7.7,-3.15,-19.8,12.9,9.03,0.0,2.32,2544,74,Anúncios,Cartão de crédito,9,Concluída,25,2,PA,Ananindeua
MLB2026-001561,2026-05-11,CAP-GA56-MAG,Capa Galaxy A56 com MagSafe,MagSafe,Roxo,1,47.9,47.9,21.25,26.65,55.6,0.0,0.0,0.0,0.0,0,0,Orgânico,Boleto,,Concluída,28,63,MA,Imperatriz
MLB2026-001562,2026-05-11,CAP-GS25-COU,Capa Galaxy S25 Ultra Couro Premium,Couro,Marrom,1,69.9,69.9,27.66,42.24,60.4,0.0,0.0,0.0,0.0,0,0,Orgânico,Pix,,Concluída,17,149,MA,Imperatriz
MLB2026-001563,2026-05-11,CAP-GS24-SIL,Capa Galaxy S24 Silicone com Anel,Silicone,Azul,1,29.9,29.9,13.75,7.12,23.8,12.9,9.03,0.0,0.0,0,0,Orgânico,Cartão de crédito,6,Concluída,156,116,PR,Cascavel
MLB2026-001564,2026-05-11,CAP-RN14-SIL,Capa Redmi Note 14 Silicone,Silicone,Preto,2,18.9,37.8,17.72,11.05,29.2,12.9,9.03,0.0,0.0,0,0,Orgânico,Pix,,Concluída,43,87,MG,Juiz de Fora
MLB2026-001565,2026-05-11,CAP-R12-SIL,Capa realme 12 Silicone Fosca,Silicone,Branco,2,20.9,41.8,20.3,12.47,29.8,12.9,9.03,0.0,0.0,0,0,Orgânico,Cartão de crédito,12,Concluída,43,138,SP,Guarulhos
MLB2026-001566,2026-05-11,CAP-R12-SIL,Capa realme 12 Silicone Fosca,Silicone,Branco,2,20.9,41.8,16.04,13.92,33.3,12.9,9.03,0.0,2.81,2159,12,Anúncios,Pix,,Cancelada,43,136,MA,Imperatriz
MLB2026-001567,2026-05-11,CAP-R12-SIL,Capa realme 12 Silicone Fosca,Silicone,Branco,1,20.9,20.9,10.34,-3.37,-16.1,19.9,13.93,0.0,0.0,0,0,Orgânico,Pix,,Concluída,43,135,PR,Curitiba
MLB2026-001568,2026-05-11,CAP-GS25-SIL,Capa Galaxy S25 Ultra Silicone MagSafe,MagSafe,Preto,1,54.9,54.9,22.52,32.38,59.0,0.0,0.0,0.0,0.0,0,0,Orgânico,Pix,,Concluída,20,0,GO,Aparecida de Goiânia
MLB2026-001569,2026-05-11,CAP-GS25-SIL,Capa Galaxy S25 Ultra Silicone MagSafe,MagSafe,Preto,1,54.9,54.9,20.68,34.22,62.3,0.0,0.0,0.0,0.0,0,0,Orgânico,Boleto,,Concluída,20,0,SP,Osasco
MLB2026-001570,2026-05-11,CAP-IP12-PLU,Capinha iPhone 12 Pelúcia,Pelúcia,Amarelo,1,33.9,33.9,16.2,15.57,45.9,0.0,0.0,0.0,2.13,2119,34,Anúncios,Cartão de crédito,12,Concluída,7,221,RS,Caxias do Sul
MLB2026-001571,2026-05-11,CAP-R12-CRI,Capa realme 12 Cristal Transparente,Cristal,Transparente,1,24.9,24.9,10.71,14.19,57.0,0.0,0.0,0.0,0.0,0,0,Orgânico,Cartão de crédito,12,Concluída,34,0,PR,Maringá
MLB2026-001572,2026-05-11,CAP-IP13-MAG,Capa iPhone 13 Silicone MagSafe,MagSafe,Branco,1,44.9,44.9,22.43,19.14,42.6,0.0,0.0,0.0,3.33,518,14,Anúncios,Pix,,Concluída,19,0,PE,Olinda
MLB2026-001573,2026-05-11,CAP-GA54-SIL,Capa Galaxy A54 Silicone Vermelho,Silicone,Vermelho,1,18.9,18.9,7.57,11.33,59.9,0.0,0.0,0.0,0.0,0,0,Orgânico,Pix,,Concluída,17,170,PR,Maringá
MLB2026-001574,2026-05-11,CAP-GA54-SIL,Capa Galaxy A54 Silicone Vermelho,Silicone,Vermelho,1,18.9,18.9,7.63,2.24,11.9,12.9,9.03,0.0,0.0,0,0,Orgânico,Pix,,Concluída,17,169,MG,Belo Horizonte
MLB2026-001575,2026-05-11,CAP-GA54-SIL,Capa Galaxy A54 Silicone Vermelho,Silicone,Vermelho,1,18.9,18.9,8.42,5.6,29.6,0.0,0.0,4.88,0.0,0,0,Orgânico,Pix,,Concluída,17,168,PA,Belém
MLB2026-001576,2026-05-11,CAP-R13C-SIL,Capa Redmi 13C Silicone Azul,Silicone,Azul,2,17.9,35.8,16.7,5.17,14.4,19.9,13.93,0.0,0.0,0,0,Orgânico,Cartão de crédito,,Concluída,43,15,SP,São Paulo
MLB2026-001577,2026-05-11,CAP-R13C-SIL,Capa Redmi 13C Silicone Azul,Silicone,Azul,1,17.9,17.9,7.21,10.69,59.7,0.0,0.0,0.0,0.0,0,0,Orgânico,Cartão de crédito,,Concluída,43,14,SC,Florianópolis
MLB2026-001578,2026-05-12,CAP-IP15-SIL,Capa de Celular iPhone 15 Silicone Fosca,Silicone,Preto,1,24.9,24.9,12.24,12.66,50.8,0.0,0.0,0.0,0.0,0,0,Orgânico,Cartão de crédito,,Concluída,91,15,RJ,Duque de Caxias
MLB2026-001579,2026-05-12,CAP-IP15-SIL,Capa de Celular iPhone 15 Silicone Fosca,Silicone,Preto,1,24.9,24.9,11.17,13.73,55.1,0.0,0.0,0.0,0.0,0,0,Orgânico,Cartão de crédito,3,Concluída,91,14,RJ,Duque de Caxias
MLB2026-001580,2026-05-12,CAP-IP16-MAG,Capa iPhone 16 Silicone com MagSafe,MagSafe,Azul,1,49.9,49.9,23.07,26.83,53.8,0.0,0.0,0.0,0.0,0,0,Orgânico,Pix,,Concluída,46,120,BA,Vitória da Conquista
MLB2026-001581,2026-05-12,CAP-IP14-COU,Capa iPhone 14 Couro Sintético Premium,Couro,Marrom,1,44.9,44.9,17.56,23.87,53.2,0.0,0.0,0.0,3.47,1959,10,Anúncios,Cartão de débito,,Concluída,66,80,DF,Brasília
MLB2026-001582,2026-05-12,CAP-IP14-COU,Capa iPhone 14 Couro Sintético Premium,Couro,Marrom,1,44.9,44.9,21.91,22.99,51.2,0.0,0.0,0.0,0.0,0,0,Orgânico,Pix,,Concluída,66,79,CE,Fortaleza
MLB2026-001583,2026-05-12,CAP-IP12-TPU,Capa iPhone 12 TPU Transparente,TPU,Transparente,1,16.9,16.9,6.99,-3.2,-18.9,12.9,9.03,0.0,4.08,2461,57,Anúncios,Cartão de crédito,3,Concluída,73,19,SP,Osasco
MLB2026-001584,2026-05-12,CAP-GA55-SIL,Capa Galaxy A55 Silicone Fosca,Silicone,Verde,1,22.9,22.9,10.34,1.11,4.8,12.9,9.03,2.42,0.0,0,0,Orgânico,Pix,,Concluída,35,81,RJ,Duque de Caxias
MLB2026-001585,2026-05-12,CAP-GS25-COU,Capa Galaxy S25 Ultra Couro Premium,Couro,Marrom,1,69.9,69.9,28.13,41.77,59.8,0.0,0.0,0.0,0.0,0,0,Orgânico,Cartão de crédito,,Concluída,20,148,SP,São Bernardo do Campo
MLB2026-001586,2026-05-12,CAP-GS24-SIL,Capa Galaxy S24 Silicone com Anel,Silicone,Azul,1,29.9,29.9,11.01,8.3,27.8,12.9,9.03,0.0,1.56,1793,26,Anúncios,Pix,,Concluída,87,115,GO,Goiânia
MLB2026-001587,2026-05-12,CAP-GS24-SIL,Capa Galaxy S24 Silicone com Anel,Silicone,Azul,1,29.9,29.9,13.67,16.23,54.3,0.0,0.0,0.0,0.0,0,0,Orgânico,Boleto,,Concluída,87,114,CE,Juazeiro do Norte
MLB2026-001588,2026-05-12,CAP-GS24-SIL,Capa Galaxy S24 Silicone com Anel,Silicone,Azul,1,29.9,29.9,12.34,16.33,54.6,0.0,0.0,0.0,1.23,3066,58,Anúncios,Pix,,Concluída,87,113,MG,Belo Horizonte
MLB2026-001589,2026-05-12,CAP-RN14-SIL,Capa Redmi Note 14 Silicone,Silicone,Preto,1,18.9,18.9,7.31,-2.34,-12.4,19.9,13.93,0.0,0.0,0,0,Orgânico,Cartão de débito,,Enviada,22,86,MG,Juiz de Fora
MLB2026-001590,2026-05-12,CAP-RN13-SUP,Capa Redmi Note 13 com Suporte,Com Suporte,Preto,3,32.9,98.7,47.37,42.3,42.9,12.9,9.03,0.0,0.0,0,0,Orgânico,Cartão de crédito,,Concluída,3,161,SP,Osasco
MLB2026-001591,2026-05-12,CAP-ME50-COU,Capa Moto Edge 50 Couro Sintético,Couro,Marrom,1,59.9,59.9,23.36,32.79,54.7,0.0,0.0,0.0,3.75,763,11,Anúncios,Pix,,Concluída,11,43,RS,Canoas
MLB2026-001592,2026-05-12,CAP-IP15-PLU,Capa iPhone 15 Pelúcia Colorida,Pelúcia,Rosa,1,39.9,39.9,14.85,11.12,27.9,19.9,13.93,0.0,0.0,0,0,Orgânico,Pix,,Concluída,12,118,SC,Joinville
MLB2026-001593,2026-05-12,CAP-IP15-PLU,Capa iPhone 15 Pelúcia Colorida,Pelúcia,Rosa,1,39.9,39.9,19.31,6.66,16.7,19.9,13.93,0.0,0.0,0,0,Orgânico,Cartão de crédito,12,Concluída,12,117,SP,Osasco
MLB2026-001594,2026-05-12,CAP-IP16-CRI,Capa iPhone 16 Cristal Espelhada,Cristal,Prata,1,37.9,37.9,14.52,10.1,26.6,12.9,9.03,3.27,0.98,3134,41,Anúncios,Pix,,Concluída,8,128,BA,Feira de Santana
MLB2026-001595,2026-05-12,CAP-GS25-SIL,Capa Galaxy S25 Ultra Silicone MagSafe,MagSafe,Preto,1,54.9,54.9,26.59,23.92,43.6,0.0,0.0,0.0,4.39,2651,48,Anúncios,Cartão de crédito,,Concluída,44,0,RJ,Niterói
MLB2026-001596,2026-05-12,CAP-GS25-SIL,Capa Galaxy S25 Ultra Silicone MagSafe,MagSafe,Preto,1,54.9,54.9,19.94,34.96,63.7,0.0,0.0,0.0,0.0,0,0,Orgânico,Pix,,Concluída,44,0,SP,Campinas
MLB2026-001597,2026-05-12,CAP-IP13-MAG,Capa iPhone 13 Silicone MagSafe,MagSafe,Branco,1,44.9,44.9,19.47,21.85,48.7,0.0,0.0,0.0,3.58,2569,53,Anúncios,Cartão de crédito,,Concluída,22,0,SP,Campinas
MLB2026-001598,2026-05-12,CAP-R13C-SIL,Capa Redmi 13C Silicone Azul,Silicone,Azul,1,17.9,17.9,6.52,11.38,63.6,0.0,0.0,0.0,0.0,0,0,Orgânico,Pix,,Concluída,66,13,RJ,Duque de Caxias
MLB2026-001599,2026-05-12,CAP-R13C-SIL,Capa Redmi 13C Silicone Azul,Silicone,Azul,1,17.9,17.9,7.61,1.26,7.0,12.9,9.03,0.0,0.0,0,0,Orgânico,Pix,,Concluída,66,12,CE,Fortaleza
MLB2026-001600,2026-05-13,CAP-IP13-SIL,Capa iPhone 13 Silicone Colorida,Silicone,Rosa,1,21.9,21.9,10.85,11.05,50.5,0.0,0.0,0.0,0.0,0,0,Orgânico,Pix,,Cancelada,46,194,RJ,Niterói
MLB2026-001601,2026-05-13,CAP-IP12-TPU,Capa iPhone 12 TPU Transparente,TPU,Transparente,1,16.9,16.9,8.21,-5.24,-31.0,19.9,13.93,0.0,0.0,0,0,Orgânico,Cartão de crédito,,Concluída,60,18,CE,Juazeiro do Norte
MLB2026-001602,2026-05-13,CAP-GA55-SIL,Capa Galaxy A55 Silicone Fosca,Silicone,Verde,1,22.9,22.9,9.36,2.32,10.1,12.9,9.03,0.0,2.19,1296,27,Anúncios,Pix,,Concluída,56,80,GO,Aparecida de Goiânia
MLB2026-001603,2026-05-13,CAP-GA55-SIL,Capa Galaxy A55 Silicone Fosca,Silicone,Verde,1,22.9,22.9,8.08,-7.39,-32.3,19.9,13.93,4.65,3.63,1128,21,Anúncios,Pix,,Concluída,56,79,SP,Osasco
MLB2026-001604,2026-05-13,CAP-GA55-SIL,Capa Galaxy A55 Silicone Fosca,Silicone,Verde,1,22.9,22.9,10.43,-1.46,-6.4,19.9,13.93,0.0,0.0,0,0,Orgânico,Cartão de crédito,12,Concluída,56,78,RS,Canoas
MLB2026-001605,2026-05-13,CAP-GA56-MAG,Capa Galaxy A56 com MagSafe,MagSafe,Roxo,1,47.9,47.9,18.25,29.65,61.9,0.0,0.0,0.0,0.0,0,0,Orgânico,Pix,,Concluída,19,62,SC,Blumenau
MLB2026-001606,2026-05-13,CAP-GA56-MAG,Capa Galaxy A56 com MagSafe,MagSafe,Roxo,1,47.9,47.9,17.64,29.17,60.9,0.0,0.0,0.0,1.09,1269,13,Anúncios,Cartão de crédito,3,Concluída,19,61,RJ,Duque de Caxias
MLB2026-001607,2026-05-13,CAP-GS25-COU,Capa Galaxy S25 Ultra Couro Premium,Couro,Marrom,1,69.9,69.9,32.46,33.4,47.8,0.0,0.0,4.04,0.0,0,0,Orgânico,Pix,,Concluída,20,147,PR,Curitiba
MLB2026-001608,2026-05-13,CAP-GS25-COU,Capa Galaxy S25 Ultra Couro Premium,Couro,Marrom,1,69.9,69.9,32.84,37.06,53.0,0.0,0.0,0.0,0.0,0,0,Orgânico,Cartão de crédito,,Concluída,20,146,RJ,Niterói
MLB2026-001609,2026-05-13,CAP-GS24-SIL,Capa Galaxy S24 Silicone com Anel,Silicone,Azul,1,29.9,29.9,13.34,3.28,11.0,12.9,9.03,0.0,4.25,1020,21,Anúncios,Pix,,Concluída,32,112,SP,Campinas
MLB2026-001610,2026-05-13,CAP-RN13-SUP,Capa Redmi Note 13 com Suporte,Com Suporte,Preto,1,32.9,32.9,13.79,4.17,12.7,19.9,13.93,0.0,1.01,612,16,Anúncios,Cartão de crédito,,Concluída,29,160,ES,Vila Velha
MLB2026-001611,2026-05-13,CAP-R12-SIL,Capa realme 12 Silicone Fosca,Silicone,Branco,1,20.9,20.9,8.28,-2.89,-13.8,19.9,13.93,0.0,1.58,2902,50,Anúncios,Cartão de crédito,,Concluída,21,134,SP,Osasco
MLB2026-001612,2026-05-13,CAP-MG84-TPU,Capa Moto G84 TPU Transparente,TPU,Transparente,1,15.9,15.9,7.2,-0.33,-2.1,12.9,9.03,0.0,0.0,0,0,Orgânico,Pix,,Concluída,20,126,RJ,Duque de Caxias
MLB2026-001613,2026-05-13,CAP-MG84-TPU,Capa Moto G84 TPU Transparente,TPU,Transparente,1,15.9,15.9,5.81,10.09,63.5,0.0,0.0,0.0,0.0,0,0,Orgânico,Pix,,Concluída,20,125,MG,Belo Horizonte
MLB2026-001614,2026-05-13,CAP-MG84-TPU,Capa Moto G84 TPU Transparente,TPU,Transparente,1,15.9,15.9,7.35,7.36,46.3,0.0,0.0,0.0,1.19,1422,24,Anúncios,Pix,,Cancelada,20,124,SP,São Paulo
MLB2026-001615,2026-05-13,CAP-GS25-SIL,Capa Galaxy S25 Ultra Silicone MagSafe,MagSafe,Preto,1,54.9,54.9,19.65,35.25,64.2,0.0,0.0,0.0,0.0,0,0,Orgânico,Cartão de crédito,12,Enviada,17,0,RJ,Campos dos Goytacazes
MLB2026-001616,2026-05-13,CAP-MG84-SUP,Capa Moto G84 com Suporte,Com Suporte,Preto,1,29.9,29.9,12.18,13.1,43.8,0.0,0.0,2.26,2.36,1855,53,Anúncios,Pix,,Concluída,11,167,RJ,Rio de Janeiro
MLB2026-001617,2026-05-13,CAP-MG84-SUP,Capa Moto G84 com Suporte,Com Suporte,Preto,2,29.9,59.8,25.3,20.57,34.4,19.9,13.93,0.0,0.0,0,0,Orgânico,Pix,,Concluída,11,165,SP,Guarulhos
MLB2026-001618,2026-05-13,CAP-MG84-SUP,Capa Moto G84 com Suporte,Com Suporte,Preto,1,29.9,29.9,11.52,4.45,14.9,19.9,13.93,0.0,0.0,0,0,Orgânico,Pix,,Concluída,11,164,GO,Anápolis
MLB2026-001619,2026-05-13,CAP-GS24-COU,Capa Galaxy S24 Couro Premium,Couro,Preto,1,64.9,64.9,27.26,37.64,58.0,0.0,0.0,0.0,0.0,0,0,Orgânico,Pix,,Concluída,11,156,SP,São Paulo
MLB2026-001620,2026-05-14,CAP-IP14-COU,Capa iPhone 14 Couro Sintético Premium,Couro,Marrom,1,44.9,44.9,17.4,27.5,61.2,0.0,0.0,0.0,0.0,0,0,Orgânico,Cartão de crédito,12,Concluída,18,78,SP,Campinas
MLB2026-001621,2026-05-14,CAP-IP13-SIL,Capa iPhone 13 Silicone Colorida,Silicone,Rosa,1,21.9,21.9,9.8,-3.67,-16.8,19.9,13.93,0.0,1.84,2217,28,Anúncios,Pix,,Concluída,52,193,SP,Guarulhos
MLB2026-001622,2026-05-14,CAP-IP12-TPU,Capa iPhone 12 TPU Transparente,TPU,Transparente,3,16.9,50.7,23.49,17.21,33.9,12.9,9.03,0.0,0.97,2374,17,Anúncios,Cartão de crédito,6,Concluída,22,15,RJ,Niterói
MLB2026-001623,2026-05-14,CAP-IP12-TPU,Capa iPhone 12 TPU Transparente,TPU,Transparente,1,16.9,16.9,8.06,8.84,52.3,0.0,0.0,0.0,0.0,0,0,Orgânico,Pix,,Cancelada,22,14,SC,Blumenau
MLB2026-001624,2026-05-14,CAP-IP12-TPU,Capa iPhone 12 TPU Transparente,TPU,Transparente,1,16.9,16.9,7.51,-4.54,-26.9,19.9,13.93,0.0,0.0,0,0,Orgânico,Pix,,Concluída,22,13,PR,Maringá
MLB2026-001625,2026-05-14,CAP-GA55-SIL,Capa Galaxy A55 Silicone Fosca,Silicone,Verde,1,22.9,22.9,8.8,5.07,22.1,12.9,9.03,0.0,0.0,0,0,Orgânico,Pix,,Concluída,20,77,SP,Campinas
MLB2026-001626,2026-05-14,CAP-GA55-SIL,Capa Galaxy A55 Silicone Fosca,Silicone,Verde,1,22.9,22.9,9.26,13.64,59.6,0.0,0.0,0.0,0.0,0,0,Orgânico,Pix,,Concluída,20,76,PE,Olinda
MLB2026-001627,2026-05-14,CAP-R12-SIL,Capa realme 12 Silicone Fosca,Silicone,Branco,1,20.9,20.9,7.33,-3.41,-16.3,19.9,13.93,0.0,3.05,1131,8,Anúncios,Pix,,Concluída,73,133,SP,São Bernardo do Campo
MLB2026-001628,2026-05-14,CAP-MG84-TPU,Capa Moto G84 TPU Transparente,TPU,Transparente,1,15.9,15.9,7.83,8.07,50.8,0.0,0.0,0.0,0.0,0,0,Orgânico,Pix,,Cancelada,32,123,RS,Pelotas
MLB2026-001629,2026-05-14,CAP-MG84-TPU,Capa Moto G84 TPU Transparente,TPU,Transparente,1,15.9,15.9,7.87,-3.81,-24.0,12.9,9.03,0.0,2.81,2081,25,Anúncios,Pix,,Concluída,32,122,AM,Manaus
MLB2026-001630,2026-05-14,CAP-MG84-SUP,Capa Moto G84 com Suporte,Com Suporte,Preto,1,29.9,29.9,12.48,17.42,58.3,0.0,0.0,0.0,0.0,0,0,Orgânico,Pix,,Concluída,6,163,RJ,Duque de Caxias
MLB2026-001631,2026-05-14,CAP-MG84-SUP,Capa Moto G84 com Suporte,Com Suporte,Preto,1,29.9,29.9,10.92,10.96,36.7,0.0,0.0,4.01,4.01,3203,80,Anúncios,Pix,,Concluída,6,162,ES,Vitória
MLB2026-001632,2026-05-14,CAP-MG84-SUP,Capa Moto G84 com Suporte,Com Suporte,Preto,1,29.9,29.9,14.64,-0.95,-3.2,19.9,13.93,0.0,2.28,3136,87,Anúncios,Boleto,,Concluída,6,161,PE,Petrolina
MLB2026-001633,2026-05-14,CAP-GA56-CRI,Capa Galaxy A56 Cristal Espelhada,Cristal,Prata,1,34.9,34.9,15.35,7.51,21.5,12.9,9.03,0.0,3.01,762,3,Anúncios,Pix,,Concluída,54,83,MG,Juiz de Fora
MLB2026-001634,2026-05-14,CAP-IP13-MAG,Capa iPhone 13 Silicone MagSafe,MagSafe,Branco,1,44.9,44.9,18.82,26.08,58.1,0.0,0.0,0.0,0.0,0,0,Orgânico,Boleto,,Concluída,15,0,RJ,Niterói
MLB2026-001635,2026-05-14,CAP-IP13-MAG,Capa iPhone 13 Silicone MagSafe,MagSafe,Branco,1,44.9,44.9,19.07,25.83,57.5,0.0,0.0,0.0,0.0,0,0,Orgânico,Pix,,Concluída,15,0,SP,São Bernardo do Campo
MLB2026-001636,2026-05-15,CAP-IP14-COU,Capa iPhone 14 Couro Sintético Premium,Couro,Marrom,1,44.9,44.9,16.87,26.48,59.0,0.0,0.0,1.55,0.0,0,0,Orgânico,Pix,,Concluída,53,77,RS,Canoas
MLB2026-001637,2026-05-15,CAP-IP13-SIL,Capa iPhone 13 Silicone Colorida,Silicone,Rosa,1,21.9,21.9,8.73,-4.68,-21.4,19.9,13.93,3.92,0.0,0,0,Orgânico,Pix,,Concluída,88,192,MG,Belo Horizonte
MLB2026-001638,2026-05-15,CAP-IP12-TPU,Capa iPhone 12 TPU Transparente,TPU,Transparente,1,16.9,16.9,7.8,9.1,53.8,0.0,0.0,0.0,0.0,0,0,Orgânico,Boleto,,Concluída,13,12,MG,Belo Horizonte
MLB2026-001639,2026-05-15,CAP-IP11-SIL,Capinha iPhone 11 Silicone Antichoque,Silicone,Preto,1,15.9,15.9,6.82,9.08,57.1,0.0,0.0,0.0,0.0,0,0,Orgânico,Boleto,,Enviada,19,1,SP,São Bernardo do Campo
MLB2026-001640,2026-05-15,CAP-IP11-SIL,Capinha iPhone 11 Silicone Antichoque,Silicone,Preto,1,15.9,15.9,6.65,6.1,38.4,0.0,0.0,3.15,0.0,0,0,Orgânico,Cartão de crédito,,Concluída,19,0,SC,Florianópolis
MLB2026-001641,2026-05-15,CAP-GA55-CRI,Capa Galaxy A55 Cristal Ultra Fino,Cristal,Transparente,1,26.9,26.9,9.79,17.11,63.6,0.0,0.0,0.0,0.0,0,0,Orgânico,Pix,,Concluída,78,78,RJ,Rio de Janeiro
MLB2026-001642,2026-05-15,CAP-GA55-CRI,Capa Galaxy A55 Cristal Ultra Fino,Cristal,Transparente,2,26.9,53.8,23.06,21.71,40.4,12.9,9.03,0.0,0.0,0,0,Orgânico,Pix,,Concluída,78,76,SC,Joinville
MLB2026-001643,2026-05-15,CAP-GA55-CRI,Capa Galaxy A55 Cristal Ultra Fino,Cristal,Transparente,1,26.9,26.9,12.74,5.13,19.1,12.9,9.03,0.0,0.0,0,0,Orgânico,Pix,,Concluída,78,75,SP,São Bernardo do Campo
MLB2026-001644,2026-05-15,CAP-GA54-TPU,Capa Galaxy A54 TPU Antirrisco,TPU,Cinza,1,15.9,15.9,7.74,8.16,51.3,0.0,0.0,0.0,0.0,0,0,Orgânico,Cartão de crédito,9,Concluída,24,135,RJ,Duque de Caxias
MLB2026-001645,2026-05-15,CAP-IP16-CRI,Capa iPhone 16 Cristal Espelhada,Cristal,Prata,1,37.9,37.9,17.16,9.24,24.4,12.9,9.03,0.0,2.47,2340,56,Anúncios,Cartão de crédito,,Concluída,30,127,SP,Campinas
MLB2026-001646,2026-05-15,CAP-IP16-CRI,Capa iPhone 16 Cristal Espelhada,Cristal,Prata,1,37.9,37.9,13.61,10.36,27.3,19.9,13.93,0.0,0.0,0,0,Orgânico,Pix,,Concluída,30,126,PR,Londrina
MLB2026-001647,2026-05-15,CAP-GS25-SIL,Capa Galaxy S25 Ultra Silicone MagSafe,MagSafe,Preto,1,54.9,54.9,25.44,28.14,51.3,0.0,0.0,0.0,1.32,3317,82,Anúncios,Pix,,Concluída,23,0,SC,Blumenau
MLB2026-001648,2026-05-15,CAP-MG84-SUP,Capa Moto G84 com Suporte,Com Suporte,Preto,2,29.9,59.8,22.86,36.94,61.8,0.0,0.0,0.0,0.0,0,0,Orgânico,Pix,,Concluída,7,159,SP,Osasco
MLB2026-001649,2026-05-15,CAP-MG84-SUP,Capa Moto G84 com Suporte,Com Suporte,Preto,1,29.9,29.9,13.21,16.69,55.8,0.0,0.0,0.0,0.0,0,0,Orgânico,Cartão de crédito,,Cancelada,7,158,PA,Ananindeua
MLB2026-001650,2026-05-15,CAP-MG85-TPU,Capa Moto G85 TPU Cinza,TPU,Cinza,1,16.9,16.9,6.67,1.2,7.1,12.9,9.03,0.0,0.0,0,0,Orgânico,Cartão de débito,,Concluída,4,9,RJ,Duque de Caxias
MLB2026-001651,2026-05-15,CAP-GA54-SIL,Capa Galaxy A54 Silicone Vermelho,Silicone,Vermelho,1,18.9,18.9,8.51,1.36,7.2,12.9,9.03,0.0,0.0,0,0,Orgânico,Cartão de crédito,6,Concluída,16,167,PR,Maringá
MLB2026-001652,2026-05-16,CAP-IP15-CRI,Capa iPhone 15 Acrílico Cristal Transparente,Cristal,Transparente,1,29.9,29.9,11.89,8.98,30.0,12.9,9.03,0.0,0.0,0,0,Orgânico,Boleto,,Concluída,36,0,SP,Guarulhos
MLB2026-001653,2026-05-16,CAP-IP13-SIL,Capa iPhone 13 Silicone Colorida,Silicone,Rosa,1,21.9,21.9,9.98,2.89,13.2,12.9,9.03,0.0,0.0,0,0,Orgânico,Pix,,Concluída,20,191,SC,Joinville
MLB2026-001654,2026-05-16,CAP-IP12-TPU,Capa iPhone 12 TPU Transparente,TPU,Transparente,1,16.9,16.9,6.4,-4.48,-26.5,19.9,13.93,0.0,1.05,2497,57,Anúncios,Cartão de crédito,,Concluída,11,11,SP,Campinas
MLB2026-001655,2026-05-16,CAP-GA55-CRI,Capa Galaxy A55 Cristal Ultra Fino,Cristal,Transparente,2,26.9,53.8,23.72,25.84,48.0,0.0,0.0,4.24,0.0,0,0,Orgânico,Cartão de crédito,9,Concluída,36,73,RJ,Rio de Janeiro
MLB2026-001656,2026-05-16,CAP-GS25-COU,Capa Galaxy S25 Ultra Couro Premium,Couro,Marrom,1,69.9,69.9,28.46,39.01,55.8,0.0,0.0,0.0,2.43,1655,41,Anúncios,Pix,,Cancelada,36,145,RJ,Niterói
MLB2026-001657,2026-05-16,CAP-GS24-SIL,Capa Galaxy S24 Silicone com Anel,Silicone,Azul,1,29.9,29.9,12.72,3.25,10.9,19.9,13.93,0.0,0.0,0,0,Orgânico,Pix,,Concluída,87,111,SP,Osasco
MLB2026-001658,2026-05-16,CAP-RN13-SUP,Capa Redmi Note 13 com Suporte,Com Suporte,Preto,1,32.9,32.9,14.03,9.84,29.9,12.9,9.03,0.0,0.0,0,0,Orgânico,Pix,,Concluída,5,159,MA,São Luís
MLB2026-001659,2026-05-16,CAP-R11-PLU,Capa realme 11 Pelúcia Fofinha,Pelúcia,Rosa,1,34.9,34.9,12.67,5.13,14.7,19.9,13.93,0.0,3.17,773,10,Anúncios,Cartão de crédito,9,Concluída,7,66,SP,Campinas
MLB2026-001660,2026-05-16,CAP-R11-PLU,Capa realme 11 Pelúcia Fofinha,Pelúcia,Rosa,1,34.9,34.9,12.45,22.45,64.3,0.0,0.0,0.0,0.0,0,0,Orgânico,Pix,,Concluída,7,65,MG,Juiz de Fora
MLB2026-001661,2026-05-16,CAP-IP15-PLU,Capa iPhone 15 Pelúcia Colorida,Pelúcia,Rosa,1,39.9,39.9,18.15,21.75,54.5,0.0,0.0,0.0,0.0,0,0,Orgânico,Pix,,Concluída,33,116,MA,São Luís
MLB2026-001662,2026-05-16,CAP-IP15-PLU,Capa iPhone 15 Pelúcia Colorida,Pelúcia,Rosa,1,39.9,39.9,16.38,9.59,24.0,19.9,13.93,0.0,0.0,0,0,Orgânico,Cartão de crédito,6,Concluída,33,115,SP,Osasco
MLB2026-001663,2026-05-16,CAP-IP16-CRI,Capa iPhone 16 Cristal Espelhada,Cristal,Prata,1,37.9,37.9,17.87,9.97,26.3,12.9,9.03,0.0,1.03,2514,71,Anúncios,Pix,,Concluída,9,125,PR,Curitiba
MLB2026-001664,2026-05-16,CAP-GS25-SIL,Capa Galaxy S25 Ultra Silicone MagSafe,MagSafe,Preto,1,54.9,54.9,19.22,35.68,65.0,0.0,0.0,0.0,0.0,0,0,Orgânico,Pix,,Concluída,51,0,SP,Campinas
MLB2026-001665,2026-05-16,CAP-IP16-PLU,Capa iPhone 16 Pelúcia Colorida,Pelúcia,Verde,1,41.9,41.9,17.36,15.51,37.0,12.9,9.03,0.0,0.0,0,0,Orgânico,Pix,,Cancelada,28,58,DF,Brasília
MLB2026-001666,2026-05-16,CAP-GA56-CRI,Capa Galaxy A56 Cristal Espelhada,Cristal,Prata,1,34.9,34.9,13.61,7.36,21.1,19.9,13.93,0.0,0.0,0,0,Orgânico,Cartão de crédito,,Concluída,26,82,RJ,Duque de Caxias
MLB2026-001667,2026-05-16,CAP-GA56-CRI,Capa Galaxy A56 Cristal Espelhada,Cristal,Prata,1,34.9,34.9,14.49,3.44,9.9,19.9,13.93,0.0,3.04,480,12,Anúncios,Pix,,Concluída,26,81,RJ,Rio de Janeiro
MLB2026-001668,2026-05-16,CAP-IP13-MAG,Capa iPhone 13 Silicone MagSafe,MagSafe,Branco,1,44.9,44.9,18.89,21.98,49.0,0.0,0.0,0.0,4.03,858,5,Anúncios,Cartão de crédito,9,Concluída,17,0,ES,Serra
MLB2026-001669,2026-05-17,CAP-IP14-COU,Capa iPhone 14 Couro Sintético Premium,Couro,Marrom,1,44.9,44.9,20.25,20.64,46.0,0.0,0.0,0.0,4.01,511,3,Anúncios,Pix,,Concluída,58,76,DF,Brasília
MLB2026-001670,2026-05-17,CAP-GA56-MAG,Capa Galaxy A56 com MagSafe,MagSafe,Roxo,1,47.9,47.9,18.49,29.41,61.4,0.0,0.0,0.0,0.0,0,0,Orgânico,Cartão de crédito,,Concluída,6,60,PR,Curitiba
MLB2026-001671,2026-05-17,CAP-GS23-TPU,Capa Galaxy S23 TPU Camuflada,TPU,Camuflado,1,19.9,19.9,9.44,-4.56,-22.9,19.9,13.93,0.0,1.09,1336,10,Anúncios,Pix,,Concluída,18,181,PE,Petrolina
MLB2026-001672,2026-05-17,CAP-GS23-TPU,Capa Galaxy S23 TPU Camuflada,TPU,Camuflado,1,19.9,19.9,8.69,-0.94,-4.7,12.9,9.03,0.0,3.12,930,20,Anúncios,Pix,,Concluída,18,180,RJ,Campos dos Goytacazes
MLB2026-001673,2026-05-17,CAP-GS23-TPU,Capa Galaxy S23 TPU Camuflada,TPU,Camuflado,3,19.9,59.7,28.38,17.39,29.1,19.9,13.93,0.0,0.0,0,0,Orgânico,Pix,,Concluída,18,177,MG,Uberlândia
MLB2026-001674,2026-05-17,CAP-RN13-SUP,Capa Redmi Note 13 com Suporte,Com Suporte,Preto,2,32.9,65.8,32.74,33.06,50.2,0.0,0.0,0.0,0.0,0,0,Orgânico,Pix,,Concluída,24,157,SP,Campinas
MLB2026-001675,2026-05-17,CAP-RN13-SUP,Capa Redmi Note 13 com Suporte,Com Suporte,Preto,1,32.9,32.9,13.69,15.1,45.9,0.0,0.0,0.0,4.11,1975,38,Anúncios,Cartão de crédito,6,Concluída,24,156,RJ,Rio de Janeiro
MLB2026-001676,2026-05-17,CAP-R12-SIL,Capa realme 12 Silicone Fosca,Silicone,Branco,1,20.9,20.9,8.54,10.94,52.3,0.0,0.0,0.0,1.42,3041,14,Anúncios,Cartão de crédito,,Concluída,45,132,GO,Aparecida de Goiânia
MLB2026-001677,2026-05-17,CAP-R11-PLU,Capa realme 11 Pelúcia Fofinha,Pelúcia,Rosa,1,34.9,34.9,13.9,19.66,56.3,0.0,0.0,0.0,1.34,1810,11,Anúncios,Pix,,Concluída,30,64,SP,São Bernardo do Campo
MLB2026-001678,2026-05-17,CAP-ME50-COU,Capa Moto Edge 50 Couro Sintético,Couro,Marrom,1,59.9,59.9,22.81,33.38,55.7,0.0,0.0,0.0,3.71,1988,27,Anúncios,Pix,,Concluída,16,42,PR,Curitiba
MLB2026-001679,2026-05-17,CAP-IP16-CRI,Capa iPhone 16 Cristal Espelhada,Cristal,Prata,1,37.9,37.9,16.21,21.69,57.2,0.0,0.0,0.0,0.0,0,0,Orgânico,Pix,,Concluída,21,124,SP,Campinas
MLB2026-001680,2026-05-17,CAP-IP16-CRI,Capa iPhone 16 Cristal Espelhada,Cristal,Prata,2,37.9,75.8,32.44,25.22,33.3,19.9,13.93,0.0,4.21,595,16,Anúncios,Pix,,Pendente,21,122,MG,Juiz de Fora
MLB2026-001681,2026-05-17,CAP-R12-CRI,Capa realme 12 Cristal Transparente,Cristal,Transparente,1,24.9,24.9,11.48,0.03,0.1,12.9,9.03,4.36,0.0,0,0,Orgânico,Pix,,Concluída,18,0,AM,Parintins
MLB2026-001682,2026-05-17,CAP-IP15-AGU,Capa iPhone 15 À Prova d'Água,À Prova d'Água,Preto,1,57.9,57.9,28.62,25.29,43.7,0.0,0.0,0.0,3.99,842,22,Anúncios,Cartão de crédito,,Concluída,7,89,RJ,Campos dos Goytacazes
MLB2026-001683,2026-05-18,CAP-IP15-SIL,Capa de Celular iPhone 15 Silicone Fosca,Silicone,Preto,1,24.9,24.9,11.32,13.58,54.5,0.0,0.0,0.0,0.0,0,0,Orgânico,Pix,,Concluída,50,13,SP,Osasco
MLB2026-001684,2026-05-18,CAP-IP11-SIL,Capinha iPhone 11 Silicone Antichoque,Silicone,Preto,1,15.9,15.9,5.68,-3.71,-23.3,19.9,13.93,0.0,0.0,0,0,Orgânico,Pix,,Concluída,93,0,MG,Contagem
MLB2026-001685,2026-05-18,CAP-GA55-SIL,Capa Galaxy A55 Silicone Fosca,Silicone,Verde,1,22.9,22.9,10.69,-0.34,-1.5,12.9,9.03,0.0,3.52,599,16,Anúncios,Boleto,,Concluída,67,75,AM,Parintins
MLB2026-001686,2026-05-18,CAP-GA55-CRI,Capa Galaxy A55 Cristal Ultra Fino,Cristal,Transparente,1,26.9,26.9,13.09,13.81,51.3,0.0,0.0,0.0,0.0,0,0,Orgânico,Pix,,Concluída,46,72,SP,Campinas
MLB2026-001687,2026-05-18,CAP-GA55-CRI,Capa Galaxy A55 Cristal Ultra Fino,Cristal,Transparente,1,26.9,26.9,12.35,11.56,43.0,0.0,0.0,0.0,2.99,1434,27,Anúncios,Pix,,Concluída,46,71,GO,Goiânia
MLB2026-001688,2026-05-18,CAP-RN14-SIL,Capa Redmi Note 14 Silicone,Silicone,Preto,1,18.9,18.9,9.36,9.54,50.5,0.0,0.0,0.0,0.0,0,0,Orgânico,Boleto,,Concluída,58,85,MG,Belo Horizonte
MLB2026-001689,2026-05-18,CAP-RN14-SIL,Capa Redmi Note 14 Silicone,Silicone,Preto,1,18.9,18.9,7.53,1.2,6.3,12.9,9.03,0.0,1.14,2744,75,Anúncios,Pix,,Concluída,58,84,RJ,Niterói
MLB2026-001690,2026-05-18,CAP-R12-SIL,Capa realme 12 Silicone Fosca,Silicone,Branco,1,20.9,20.9,7.33,-1.99,-9.5,19.9,13.93,1.63,0.0,0,0,Orgânico,Boleto,,Pendente,45,131,AM,Manaus
MLB2026-001691,2026-05-18,CAP-ME50-COU,Capa Moto Edge 50 Couro Sintético,Couro,Marrom,1,59.9,59.9,26.34,33.56,56.0,0.0,0.0,0.0,0.0,0,0,Orgânico,Cartão de crédito,,Concluída,9,41,BA,Salvador
MLB2026-001692,2026-05-18,CAP-GS25-SIL,Capa Galaxy S25 Ultra Silicone MagSafe,MagSafe,Preto,1,54.9,54.9,20.15,32.24,58.7,0.0,0.0,0.0,2.51,3224,50,Anúncios,Cartão de crédito,,Concluída,21,0,MG,Uberlândia
MLB2026-001693,2026-05-18,CAP-GS25-SIL,Capa Galaxy S25 Ultra Silicone MagSafe,MagSafe,Preto,1,54.9,54.9,24.63,30.27,55.1,0.0,0.0,0.0,0.0,0,0,Orgânico,Pix,,Concluída,21,0,SP,São Paulo
MLB2026-001694,2026-05-18,CAP-IP16-PLU,Capa iPhone 16 Pelúcia Colorida,Pelúcia,Verde,1,41.9,41.9,20.18,7.79,18.6,19.9,13.93,0.0,0.0,0,0,Orgânico,Cartão de crédito,12,Concluída,18,57,MG,Juiz de Fora
MLB2026-001695,2026-05-18,CAP-IP16-PLU,Capa iPhone 16 Pelúcia Colorida,Pelúcia,Verde,1,41.9,41.9,19.53,13.34,31.8,12.9,9.03,0.0,0.0,0,0,Orgânico,Pix,,Cancelada,18,56,PR,Maringá
MLB2026-001696,2026-05-18,CAP-GS24-COU,Capa Galaxy S24 Couro Premium,Couro,Preto,1,64.9,64.9,23.21,41.69,64.2,0.0,0.0,0.0,0.0,0,0,Orgânico,Cartão de crédito,,Concluída,42,155,PE,Petrolina
MLB2026-001697,2026-05-18,CAP-R13C-SIL,Capa Redmi 13C Silicone Azul,Silicone,Azul,1,17.9,17.9,8.29,-4.32,-24.1,19.9,13.93,0.0,0.0,0,0,Orgânico,Cartão de crédito,,Concluída,17,11,MG,Belo Horizonte
MLB2026-001698,2026-05-19,CAP-IP15-SIL,Capa de Celular iPhone 15 Silicone Fosca,Silicone,Preto,1,24.9,24.9,10.92,0.05,0.2,19.9,13.93,0.0,0.0,0,0,Orgânico,Pix,,Concluída,48,12,MG,Contagem
MLB2026-001699,2026-05-19,CAP-IP15-SIL,Capa de Celular iPhone 15 Silicone Fosca,Silicone,Preto,1,24.9,24.9,9.06,-0.33,-1.3,12.9,9.03,4.17,2.97,1258,8,Anúncios,Pix,,Concluída,48,11,SC,Blumenau
MLB2026-001700,2026-05-19,CAP-IP14-COU,Capa iPhone 14 Couro Sintético Premium,Couro,Marrom,1,44.9,44.9,15.95,28.95,64.5,0.0,0.0,0.0,0.0,0,0,Orgânico,Cartão de crédito,6,Concluída,26,75,MG,Uberlândia
MLB2026-001701,2026-05-19,CAP-IP14-COU,Capa iPhone 14 Couro Sintético Premium,Couro,Marrom,1,44.9,44.9,16.7,28.2,62.8,0.0,0.0,0.0,0.0,0,0,Orgânico,Pix,,Concluída,26,74,PE,Recife
MLB2026-001702,2026-05-19,CAP-GA55-SIL,Capa Galaxy A55 Silicone Fosca,Silicone,Verde,1,22.9,22.9,10.69,-6.09,-26.6,19.9,13.93,4.37,0.0,0,0,Orgânico,Pix,,Concluída,99,74,SP,Guarulhos
MLB2026-001703,2026-05-19,CAP-GS24-SIL,Capa Galaxy S24 Silicone com Anel,Silicone,Azul,1,29.9,29.9,14.37,-1.27,-4.2,19.9,13.93,0.0,2.87,2985,13,Anúncios,Pix,,Concluída,45,110,PR,Maringá
MLB2026-001704,2026-05-19,CAP-GS24-SIL,Capa Galaxy S24 Silicone com Anel,Silicone,Azul,1,29.9,29.9,14.69,1.28,4.3,19.9,13.93,0.0,0.0,0,0,Orgânico,Pix,,Concluída,45,109,BA,Vitória da Conquista
MLB2026-001705,2026-05-19,CAP-RN13-TPU,Capa Redmi Note 13 TPU Cristal,TPU,Transparente,1,14.9,14.9,7.43,7.47,50.1,0.0,0.0,0.0,0.0,0,0,Orgânico,Cartão de crédito,,Concluída,57,190,PR,Londrina
MLB2026-001706,2026-05-19,CAP-RN13-SUP,Capa Redmi Note 13 com Suporte,Com Suporte,Preto,1,32.9,32.9,14.18,9.69,29.5,12.9,9.03,0.0,0.0,0,0,Orgânico,Pix,,Concluída,26,155,SP,Campinas
MLB2026-001707,2026-05-19,CAP-R12-SIL,Capa realme 12 Silicone Fosca,Silicone,Branco,1,20.9,20.9,9.95,1.92,9.2,12.9,9.03,0.0,0.0,0,0,Orgânico,Pix,,Concluída,88,130,PR,Curitiba
MLB2026-001708,2026-05-19,CAP-ME50-COU,Capa Moto Edge 50 Couro Sintético,Couro,Marrom,1,59.9,59.9,26.41,27.75,46.3,0.0,0.0,1.41,4.33,2157,39,Anúncios,Cartão de crédito,9,Concluída,20,40,MG,Belo Horizonte
MLB2026-001709,2026-05-19,CAP-ME50-COU,Capa Moto Edge 50 Couro Sintético,Couro,Marrom,1,59.9,59.9,24.04,35.86,59.9,0.0,0.0,0.0,0.0,0,0,Orgânico,Cartão de crédito,12,Concluída,20,39,RJ,Niterói
MLB2026-001710,2026-05-19,CAP-GA55-SUP,Capa Galaxy A55 com Suporte e Anel,Com Suporte,Preto,1,35.9,35.9,15.08,6.89,19.2,19.9,13.93,0.0,0.0,0,0,Orgânico,Pix,,Concluída,3,44,SP,Guarulhos
MLB2026-001711,2026-05-19,CAP-IP12-PLU,Capinha iPhone 12 Pelúcia,Pelúcia,Amarelo,1,33.9,33.9,13.49,20.41,60.2,0.0,0.0,0.0,0.0,0,0,Orgânico,Pix,,Concluída,2,220,ES,Serra
MLB2026-001712,2026-05-19,CAP-R12-CRI,Capa realme 12 Cristal Transparente,Cristal,Transparente,1,24.9,24.9,12.31,-1.34,-5.4,19.9,13.93,0.0,0.0,0,0,Orgânico,Pix,,Concluída,28,0,DF,Ceilândia
MLB2026-001713,2026-05-19,CAP-R12-SUP,Capa realme 12 com Suporte,Com Suporte,Cinza,1,33.9,33.9,16.18,8.69,25.6,12.9,9.03,0.0,0.0,0,0,Orgânico,Cartão de crédito,12,Concluída,6,196,DF,Brasília
MLB2026-001714,2026-05-19,CAP-R12-SUP,Capa realme 12 com Suporte,Com Suporte,Cinza,1,33.9,33.9,14.73,5.24,15.5,19.9,13.93,0.0,0.0,0,0,Orgânico,Boleto,,Concluída,6,195,PA,Belém
MLB2026-001715,2026-05-19,CAP-GA54-SIL,Capa Galaxy A54 Silicone Vermelho,Silicone,Vermelho,1,18.9,18.9,7.48,11.42,60.4,0.0,0.0,0.0,0.0,0,0,Orgânico,Pix,,Concluída,50,166,RJ,Niterói
MLB2026-001716,2026-05-19,CAP-GA54-SIL,Capa Galaxy A54 Silicone Vermelho,Silicone,Vermelho,1,18.9,18.9,7.11,-2.14,-11.3,19.9,13.93,0.0,0.0,0,0,Orgânico,Cartão de crédito,,Concluída,50,165,PR,Londrina
MLB2026-001717,2026-05-19,CAP-GA54-SIL,Capa Galaxy A54 Silicone Vermelho,Silicone,Vermelho,1,18.9,18.9,8.1,8.09,42.8,0.0,0.0,2.71,0.0,0,0,Orgânico,Boleto,,Concluída,50,164,GO,Anápolis
MLB2026-001718,2026-05-20,CAP-IP15-CRI,Capa iPhone 15 Acrílico Cristal Transparente,Cristal,Transparente,1,29.9,29.9,12.38,0.83,2.8,19.9,13.93,2.76,0.0,0,0,Orgânico,Pix,,Concluída,60,0,GO,Goiânia
MLB2026-001719,2026-05-20,CAP-IP15-CRI,Capa iPhone 15 Acrílico Cristal Transparente,Cristal,Transparente,1,29.9,29.9,10.89,4.51,15.1,19.9,13.93,0.57,0.0,0,0,Orgânico,Boleto,,Cancelada,60,0,RJ,Campos dos Goytacazes
MLB2026-001720,2026-05-20,CAP-IP16-MAG,Capa iPhone 16 Silicone com MagSafe,MagSafe,Azul,2,49.9,99.8,39.74,60.06,60.2,0.0,0.0,0.0,0.0,0,0,Orgânico,Pix,,Concluída,84,118,PR,Maringá
MLB2026-001721,2026-05-20,CAP-IP13-SIL,Capa iPhone 13 Silicone Colorida,Silicone,Rosa,1,21.9,21.9,9.4,8.32,38.0,0.0,0.0,0.0,4.18,1728,33,Anúncios,Pix,,Concluída,26,190,PA,Ananindeua
MLB2026-001722,2026-05-20,CAP-IP12-TPU,Capa iPhone 12 TPU Transparente,TPU,Transparente,1,16.9,16.9,7.74,-4.77,-28.2,19.9,13.93,0.0,0.0,0,0,Orgânico,Cartão de crédito,,Concluída,46,10,SP,São Bernardo do Campo
MLB2026-001723,2026-05-20,CAP-IP12-TPU,Capa iPhone 12 TPU Transparente,TPU,Transparente,1,16.9,16.9,6.16,1.71,10.1,12.9,9.03,0.0,0.0,0,0,Orgânico,Pix,,Cancelada,46,9,SC,Blumenau
MLB2026-001724,2026-05-20,CAP-GA55-CRI,Capa Galaxy A55 Cristal Ultra Fino,Cristal,Transparente,1,26.9,26.9,10.74,-0.08,-0.3,19.9,13.93,2.31,0.0,0,0,Orgânico,Cartão de crédito,6,Concluída,27,70,RJ,Duque de Caxias
MLB2026-001725,2026-05-20,CAP-GA54-TPU,Capa Galaxy A54 TPU Antirrisco,TPU,Cinza,1,15.9,15.9,6.15,7.07,44.5,0.0,0.0,0.0,2.68,2046,47,Anúncios,Pix,,Concluída,23,134,RJ,Campos dos Goytacazes
MLB2026-001726,2026-05-20,CAP-GA56-MAG,Capa Galaxy A56 com MagSafe,MagSafe,Roxo,1,47.9,47.9,21.31,22.76,47.5,0.0,0.0,0.0,3.83,1618,47,Anúncios,Pix,,Enviada,30,59,SP,Osasco
MLB2026-001727,2026-05-20,CAP-GS25-COU,Capa Galaxy S25 Ultra Couro Premium,Couro,Marrom,1,69.9,69.9,28.45,39.38,56.3,0.0,0.0,2.07,0.0,0,0,Orgânico,Cartão de crédito,,Concluída,30,144,SP,São Paulo
MLB2026-001728,2026-05-20,CAP-GS25-COU,Capa Galaxy S25 Ultra Couro Premium,Couro,Marrom,1,69.9,69.9,33.24,35.74,51.1,0.0,0.0,0.92,0.0,0,0,Orgânico,Pix,,Concluída,30,143,SP,Campinas
MLB2026-001729,2026-05-20,CAP-GA55-SUP,Capa Galaxy A55 com Suporte e Anel,Com Suporte,Preto,1,35.9,35.9,17.83,4.14,11.5,19.9,13.93,0.0,0.0,0,0,Orgânico,Pix,,Concluída,17,43,PE,Petrolina
MLB2026-001730,2026-05-20,CAP-GA55-SUP,Capa Galaxy A55 com Suporte e Anel,Com Suporte,Preto,1,35.9,35.9,16.94,18.96,52.8,0.0,0.0,0.0,0.0,0,0,Orgânico,Cartão de crédito,,Concluída,17,42,ES,Vila Velha
MLB2026-001731,2026-05-20,CAP-MG84-SUP,Capa Moto G84 com Suporte,Com Suporte,Preto,1,29.9,29.9,12.43,3.54,11.8,19.9,13.93,0.0,0.0,0,0,Orgânico,Boleto,,Concluída,7,157,RS,Canoas
MLB2026-001732,2026-05-20,CAP-MG84-SUP,Capa Moto G84 com Suporte,Com Suporte,Preto,1,29.9,29.9,13.64,12.26,41.0,0.0,0.0,4.0,0.0,0,0,Orgânico,Cartão de crédito,,Concluída,7,156,SC,Joinville
MLB2026-001733,2026-05-20,CAP-RN14-PLU,Capa Redmi Note 14 Pelúcia,Pelúcia,Rosa,1,32.9,32.9,13.2,19.7,59.9,0.0,0.0,0.0,0.0,0,0,Orgânico,Cartão de crédito,12,Concluída,1,13,PR,Cascavel
MLB2026-001734,2026-05-20,CAP-RN14-PLU,Capa Redmi Note 14 Pelúcia,Pelúcia,Rosa,1,32.9,32.9,15.88,12.56,38.2,0.0,0.0,0.0,4.46,681,13,Anúncios,Cartão de crédito,,Enviada,1,12,SP,Guarulhos
MLB2026-001735,2026-05-20,CAP-GA54-SIL,Capa Galaxy A54 Silicone Vermelho,Silicone,Vermelho,1,18.9,18.9,6.86,10.82,57.2,0.0,0.0,0.0,1.22,1070,11,Anúncios,Pix,,Concluída,66,163,SP,São Paulo
MLB2026-001736,2026-05-21,CAP-IP15-SIL,Capa de Celular iPhone 15 Silicone Fosca,Silicone,Preto,1,24.9,24.9,11.34,13.56,54.5,0.0,0.0,0.0,0.0,0,0,Orgânico,Pix,,Concluída,20,10,CE,Juazeiro do Norte
MLB2026-001737,2026-05-21,CAP-IP16-MAG,Capa iPhone 16 Silicone com MagSafe,MagSafe,Azul,2,49.9,99.8,45.74,54.06,54.2,0.0,0.0,0.0,0.0,0,0,Orgânico,Pix,,Concluída,63,116,PR,Maringá
MLB2026-001738,2026-05-21,CAP-IP12-TPU,Capa iPhone 12 TPU Transparente,TPU,Transparente,2,16.9,33.8,13.3,11.47,33.9,12.9,9.03,0.0,0.0,0,0,Orgânico,Pix,,Concluída,40,7,RJ,Duque de Caxias
MLB2026-001739,2026-05-21,CAP-IP11-SIL,Capinha iPhone 11 Silicone Antichoque,Silicone,Preto,1,15.9,15.9,6.51,-8.18,-51.4,19.9,13.93,0.0,3.64,3174,92,Anúncios,Pix,,Concluída,83,0,MG,Contagem
MLB2026-001740,2026-05-21,CAP-GA55-SIL,Capa Galaxy A55 Silicone Fosca,Silicone,Verde,1,22.9,22.9,8.38,12.35,53.9,0.0,0.0,0.0,2.17,1364,29,Anúncios,Pix,,Concluída,49,73,SP,Osasco
MLB2026-001741,2026-05-21,CAP-GA55-SIL,Capa Galaxy A55 Silicone Fosca,Silicone,Verde,1,22.9,22.9,10.11,-4.64,-20.3,19.9,13.93,0.0,3.5,2612,24,Anúncios,Cartão de crédito,3,Concluída,49,72,ES,Vila Velha
MLB2026-001742,2026-05-21,CAP-GA55-SIL,Capa Galaxy A55 Silicone Fosca,Silicone,Verde,2,22.9,45.8,18.7,27.1,59.2,0.0,0.0,0.0,0.0,0,0,Orgânico,Cartão de crédito,6,Cancelada,49,70,MG,Juiz de Fora
MLB2026-001743,2026-05-21,CAP-GA54-TPU,Capa Galaxy A54 TPU Antirrisco,TPU,Cinza,1,15.9,15.9,6.0,0.87,5.5,12.9,9.03,0.0,0.0,0,0,Orgânico,Boleto,,Concluída,62,133,SC,Florianópolis
MLB2026-001744,2026-05-21,CAP-GS25-COU,Capa Galaxy S25 Ultra Couro Premium,Couro,Marrom,1,69.9,69.9,30.96,38.94,55.7,0.0,0.0,0.0,0.0,0,0,Orgânico,Pix,,Concluída,5,142,BA,Feira de Santana
MLB2026-001745,2026-05-21,CAP-GS25-COU,Capa Galaxy S25 Ultra Couro Premium,Couro,Marrom,1,69.9,69.9,26.86,40.52,58.0,0.0,0.0,0.0,2.52,2157,36,Anúncios,Pix,,Concluída,5,141,CE,Fortaleza
MLB2026-001746,2026-05-21,CAP-GS24-SIL,Capa Galaxy S24 Silicone com Anel,Silicone,Azul,1,29.9,29.9,10.62,14.58,48.8,0.0,0.0,3.75,0.95,1228,22,Anúncios,Pix,,Concluída,8,108,SP,Guarulhos
MLB2026-001747,2026-05-21,CAP-R12-SIL,Capa realme 12 Silicone Fosca,Silicone,Branco,1,20.9,20.9,9.63,11.27,53.9,0.0,0.0,0.0,0.0,0,0,Orgânico,Pix,,Concluída,51,129,RJ,Rio de Janeiro
MLB2026-001748,2026-05-21,CAP-ME50-COU,Capa Moto Edge 50 Couro Sintético,Couro,Marrom,1,59.9,59.9,22.06,37.01,61.8,0.0,0.0,0.83,0.0,0,0,Orgânico,Pix,,Concluída,24,38,PA,Belém
MLB2026-001749,2026-05-21,CAP-GA55-SUP,Capa Galaxy A55 com Suporte e Anel,Com Suporte,Preto,1,35.9,35.9,16.19,18.13,50.5,0.0,0.0,0.0,1.58,1072,29,Anúncios,Cartão de crédito,6,Concluída,8,41,MG,Juiz de Fora
MLB2026-001750,2026-05-21,CAP-GA55-SUP,Capa Galaxy A55 com Suporte e Anel,Com Suporte,Preto,1,35.9,35.9,13.4,13.47,37.5,12.9,9.03,0.0,0.0,0,0,Orgânico,Pix,,Concluída,8,40,RS,Pelotas
MLB2026-001751,2026-05-21,CAP-IP16-CRI,Capa iPhone 16 Cristal Espelhada,Cristal,Prata,1,37.9,37.9,16.22,7.75,20.4,19.9,13.93,0.0,0.0,0,0,Orgânico,Cartão de crédito,,Concluída,73,121,GO,Anápolis
MLB2026-001752,2026-05-21,CAP-IP16-CRI,Capa iPhone 16 Cristal Espelhada,Cristal,Prata,1,37.9,37.9,17.32,20.58,54.3,0.0,0.0,0.0,0.0,0,0,Orgânico,Pix,,Concluída,73,120,RS,Canoas
MLB2026-001753,2026-05-21,CAP-GA54-SIL,Capa Galaxy A54 Silicone Vermelho,Silicone,Vermelho,1,18.9,18.9,7.27,11.63,61.5,0.0,0.0,0.0,0.0,0,0,Orgânico,Cartão de débito,,Concluída,60,162,MG,Belo Horizonte
MLB2026-001754,2026-05-21,CAP-GA54-SIL,Capa Galaxy A54 Silicone Vermelho,Silicone,Vermelho,1,18.9,18.9,7.8,-2.31,-12.2,12.9,9.03,0.0,4.38,849,18,Anúncios,Cartão de crédito,12,Concluída,60,161,AM,Manaus
MLB2026-001755,2026-05-21,CAP-GA54-SIL,Capa Galaxy A54 Silicone Vermelho,Silicone,Vermelho,1,18.9,18.9,7.07,-2.1,-11.1,19.9,13.93,0.0,0.0,0,0,Orgânico,Pix,,Concluída,60,160,SP,São Paulo
MLB2026-001756,2026-05-21,CAP-R13C-SIL,Capa Redmi 13C Silicone Azul,Silicone,Azul,1,17.9,17.9,8.75,0.12,0.7,12.9,9.03,0.0,0.0,0,0,Orgânico,Pix,,Concluída,25,10,SC,Blumenau
MLB2026-001757,2026-05-22,CAP-IP16-MAG,Capa iPhone 16 Silicone com MagSafe,MagSafe,Azul,1,49.9,49.9,24.3,25.6,51.3,0.0,0.0,0.0,0.0,0,0,Orgânico,Boleto,,Concluída,13,115,RJ,Niterói
MLB2026-001758,2026-05-22,CAP-IP16-MAG,Capa iPhone 16 Silicone com MagSafe,MagSafe,Azul,1,49.9,49.9,21.97,27.93,56.0,0.0,0.0,0.0,0.0,0,0,Orgânico,Pix,,Concluída,13,114,SP,São Bernardo do Campo
MLB2026-001759,2026-05-22,CAP-IP12-TPU,Capa iPhone 12 TPU Transparente,TPU,Transparente,1,16.9,16.9,7.7,0.17,1.0,12.9,9.03,0.0,0.0,0,0,Orgânico,Cartão de crédito,,Concluída,14,6,SP,Campinas
MLB2026-001760,2026-05-22,CAP-IP12-TPU,Capa iPhone 12 TPU Transparente,TPU,Transparente,1,16.9,16.9,8.16,-4.01,-23.7,12.9,9.03,0.3,3.42,805,10,Anúncios,Pix,,Concluída,14,5,MG,Contagem
MLB2026-001761,2026-05-22,CAP-IP11-SIL,Capinha iPhone 11 Silicone Antichoque,Silicone,Preto,1,15.9,15.9,6.69,-6.58,-41.4,19.9,13.93,0.0,1.86,3061,64,Anúncios,Pix,,Concluída,105,0,MG,Belo Horizonte
MLB2026-001762,2026-05-22,CAP-GA55-SIL,Capa Galaxy A55 Silicone Fosca,Silicone,Verde,1,22.9,22.9,10.13,-3.41,-14.9,19.9,13.93,0.0,2.25,576,9,Anúncios,Cartão de crédito,,Concluída,79,69,BA,Salvador
MLB2026-001763,2026-05-22,CAP-RN14-SIL,Capa Redmi Note 14 Silicone,Silicone,Preto,1,18.9,18.9,7.76,2.11,11.2,12.9,9.03,0.0,0.0,0,0,Orgânico,Cartão de crédito,6,Concluída,49,83,SP,São Bernardo do Campo
MLB2026-001764,2026-05-22,CAP-RN14-SIL,Capa Redmi Note 14 Silicone,Silicone,Preto,1,18.9,18.9,7.06,-6.35,-33.6,19.9,13.93,0.0,4.26,1006,20,Anúncios,Boleto,,Concluída,49,82,RJ,Duque de Caxias
MLB2026-001765,2026-05-22,CAP-RN13-TPU,Capa Redmi Note 13 TPU Cristal,TPU,Transparente,1,14.9,14.9,6.0,-0.13,-0.9,12.9,9.03,0.0,0.0,0,0,Orgânico,Pix,,Concluída,63,189,MG,Belo Horizonte
MLB2026-001766,2026-05-22,CAP-RN13-TPU,Capa Redmi Note 13 TPU Cristal,TPU,Transparente,1,14.9,14.9,6.11,-1.59,-10.7,12.9,9.03,1.35,0.0,0,0,Orgânico,Pix,,Cancelada,63,188,PR,Maringá
MLB2026-001767,2026-05-22,CAP-RN13-SUP,Capa Redmi Note 13 com Suporte,Com Suporte,Preto,1,32.9,32.9,12.67,20.23,61.5,0.0,0.0,0.0,0.0,0,0,Orgânico,Pix,,Concluída,26,154,SP,Guarulhos
MLB2026-001768,2026-05-22,CAP-R12-SIL,Capa realme 12 Silicone Fosca,Silicone,Branco,1,20.9,20.9,7.47,-0.5,-2.4,19.9,13.93,0.0,0.0,0,0,Orgânico,Pix,,Devolvida,27,128,MG,Contagem
MLB2026-001769,2026-05-22,CAP-R12-SIL,Capa realme 12 Silicone Fosca,Silicone,Branco,1,20.9,20.9,10.32,1.55,7.4,12.9,9.03,0.0,0.0,0,0,Orgânico,Cartão de crédito,9,Concluída,27,127,MG,Belo Horizonte
MLB2026-001770,2026-05-22,CAP-R12-CRI,Capa realme 12 Cristal Transparente,Cristal,Transparente,1,24.9,24.9,11.4,13.5,54.2,0.0,0.0,0.0,0.0,0,0,Orgânico,Pix,,Concluída,57,0,SC,Florianópolis
MLB2026-001771,2026-05-22,CAP-R12-CRI,Capa realme 12 Cristal Transparente,Cristal,Transparente,1,24.9,24.9,11.79,4.08,16.4,12.9,9.03,0.0,0.0,0,0,Orgânico,Pix,,Cancelada,57,0,PR,Curitiba
MLB2026-001772,2026-05-22,CAP-GA56-CRI,Capa Galaxy A56 Cristal Espelhada,Cristal,Prata,1,34.9,34.9,15.09,5.88,16.8,19.9,13.93,0.0,0.0,0,0,Orgânico,Boleto,,Concluída,11,80,PE,Petrolina
MLB2026-001773,2026-05-22,CAP-GA56-CRI,Capa Galaxy A56 Cristal Espelhada,Cristal,Prata,1,34.9,34.9,13.57,20.08,57.5,0.0,0.0,0.0,1.25,1444,20,Anúncios,Pix,,Concluída,11,79,PR,Maringá
MLB2026-001774,2026-05-22,CAP-RN14-PLU,Capa Redmi Note 14 Pelúcia,Pelúcia,Rosa,1,32.9,32.9,14.15,9.72,29.5,12.9,9.03,0.0,0.0,0,0,Orgânico,Pix,,Concluída,7,11,SP,Campinas
MLB2026-001775,2026-05-23,CAP-IP15-SIL,Capa de Celular iPhone 15 Silicone Fosca,Silicone,Preto,3,24.9,74.7,33.12,27.19,36.4,12.9,9.03,2.75,2.61,2832,52,Anúncios,Cartão de crédito,,Concluída,111,7,PR,Londrina
MLB2026-001776,2026-05-23,CAP-IP15-CRI,Capa iPhone 15 Acrílico Cristal Transparente,Cristal,Transparente,1,29.9,29.9,14.51,6.36,21.3,12.9,9.03,0.0,0.0,0,0,Orgânico,Pix,,Concluída,63,0,GO,Goiânia
MLB2026-001777,2026-05-23,CAP-IP16-MAG,Capa iPhone 16 Silicone com MagSafe,MagSafe,Azul,1,49.9,49.9,20.01,26.39,52.9,0.0,0.0,0.0,3.5,553,4,Anúncios,Boleto,,Concluída,53,113,GO,Anápolis
MLB2026-001778,2026-05-23,CAP-IP14-COU,Capa iPhone 14 Couro Sintético Premium,Couro,Marrom,1,44.9,44.9,20.94,20.15,44.9,0.0,0.0,0.0,3.81,2662,45,Anúncios,Pix,,Concluída,44,73,RJ,Duque de Caxias
MLB2026-001779,2026-05-23,CAP-IP13-SIL,Capa iPhone 13 Silicone Colorida,Silicone,Rosa,1,21.9,21.9,8.41,13.49,61.6,0.0,0.0,0.0,0.0,0,0,Orgânico,Pix,,Concluída,29,189,SP,São Bernardo do Campo
MLB2026-001780,2026-05-23,CAP-IP11-SIL,Capinha iPhone 11 Silicone Antichoque,Silicone,Preto,1,15.9,15.9,6.99,8.91,56.0,0.0,0.0,0.0,0.0,0,0,Orgânico,Cartão de crédito,,Concluída,13,0,PE,Caruaru
MLB2026-001781,2026-05-23,CAP-IP11-SIL,Capinha iPhone 11 Silicone Antichoque,Silicone,Preto,1,15.9,15.9,7.67,4.03,25.3,0.0,0.0,1.48,2.72,368,3,Anúncios,Pix,,Concluída,13,0,SP,São Bernardo do Campo
MLB2026-001782,2026-05-23,CAP-GA55-SIL,Capa Galaxy A55 Silicone Fosca,Silicone,Verde,1,22.9,22.9,9.96,8.54,37.3,0.0,0.0,0.0,4.4,3311,73,Anúncios,Pix,,Concluída,73,68,RS,Pelotas
MLB2026-001783,2026-05-23,CAP-GA55-SIL,Capa Galaxy A55 Silicone Fosca,Silicone,Verde,2,22.9,45.8,19.26,26.54,57.9,0.0,0.0,0.0,0.0,0,0,Orgânico,Boleto,,Concluída,73,66,RS,Canoas
MLB2026-001784,2026-05-23,CAP-GA54-TPU,Capa Galaxy A54 TPU Antirrisco,TPU,Cinza,1,15.9,15.9,6.97,4.2,26.4,0.0,0.0,4.73,0.0,0,0,Orgânico,Cartão de crédito,9,Concluída,14,132,MG,Belo Horizonte
MLB2026-001785,2026-05-23,CAP-GA54-TPU,Capa Galaxy A54 TPU Antirrisco,TPU,Cinza,1,15.9,15.9,6.47,0.4,2.5,12.9,9.03,0.0,0.0,0,0,Orgânico,Cartão de crédito,,Enviada,14,131,BA,Feira de Santana
MLB2026-001786,2026-05-23,CAP-GA56-MAG,Capa Galaxy A56 com MagSafe,MagSafe,Roxo,1,47.9,47.9,23.02,24.88,51.9,0.0,0.0,0.0,0.0,0,0,Orgânico,Pix,,Concluída,20,58,SP,Campinas
MLB2026-001787,2026-05-23,CAP-GS25-COU,Capa Galaxy S25 Ultra Couro Premium,Couro,Marrom,1,69.9,69.9,33.71,36.19,51.8,0.0,0.0,0.0,0.0,0,0,Orgânico,Pix,,Concluída,47,140,SP,Guarulhos
MLB2026-001788,2026-05-23,CAP-GS25-COU,Capa Galaxy S25 Ultra Couro Premium,Couro,Marrom,1,69.9,69.9,34.91,34.99,50.1,0.0,0.0,0.0,0.0,0,0,Orgânico,Pix,,Concluída,47,139,AM,Manaus
MLB2026-001789,2026-05-23,CAP-GS25-COU,Capa Galaxy S25 Ultra Couro Premium,Couro,Marrom,1,69.9,69.9,28.91,40.99,58.6,0.0,0.0,0.0,0.0,0,0,Orgânico,Boleto,,Concluída,47,138,SP,São Paulo
MLB2026-001790,2026-05-23,CAP-GS24-SIL,Capa Galaxy S24 Silicone com Anel,Silicone,Azul,1,29.9,29.9,10.74,19.16,64.1,0.0,0.0,0.0,0.0,0,0,Orgânico,Boleto,,Enviada,20,107,PR,Londrina
MLB2026-001791,2026-05-23,CAP-GS24-SIL,Capa Galaxy S24 Silicone com Anel,Silicone,Azul,1,29.9,29.9,14.41,-0.15,-0.5,19.9,13.93,0.0,1.71,778,9,Anúncios,Pix,,Cancelada,20,106,SP,Osasco
MLB2026-001792,2026-05-23,CAP-GS24-SIL,Capa Galaxy S24 Silicone com Anel,Silicone,Azul,1,29.9,29.9,12.23,4.99,16.7,12.9,9.03,0.0,3.65,2380,63,Anúncios,Cartão de crédito,,Concluída,20,105,SP,Campinas
MLB2026-001793,2026-05-23,CAP-RN14-SIL,Capa Redmi Note 14 Silicone,Silicone,Preto,1,18.9,18.9,7.26,-5.76,-30.5,19.9,13.93,0.0,3.47,864,14,Anúncios,Cartão de crédito,,Concluída,25,81,RS,Caxias do Sul
MLB2026-001794,2026-05-23,CAP-R12-SIL,Capa realme 12 Silicone Fosca,Silicone,Branco,1,20.9,20.9,7.81,13.09,62.6,0.0,0.0,0.0,0.0,0,0,Orgânico,Pix,,Concluída,101,126,MG,Belo Horizonte
MLB2026-001795,2026-05-23,CAP-MG85-SIL,Capa Moto G85 Silicone Azul,Silicone,Azul,1,19.9,19.9,7.81,3.06,15.4,12.9,9.03,0.0,0.0,0,0,Orgânico,Pix,,Concluída,38,165,RJ,Campos dos Goytacazes
MLB2026-001796,2026-05-23,CAP-IP16-CRI,Capa iPhone 16 Cristal Espelhada,Cristal,Prata,1,37.9,37.9,14.03,9.94,26.2,19.9,13.93,0.0,0.0,0,0,Orgânico,Cartão de crédito,6,Concluída,23,119,SP,São Bernardo do Campo
MLB2026-001797,2026-05-23,CAP-MG84-SUP,Capa Moto G84 com Suporte,Com Suporte,Preto,1,29.9,29.9,12.12,17.78,59.5,0.0,0.0,0.0,0.0,0,0,Orgânico,Cartão de crédito,3,Cancelada,5,155,CE,Juazeiro do Norte
MLB2026-001798,2026-05-23,CAP-IP16-PLU,Capa iPhone 16 Pelúcia Colorida,Pelúcia,Verde,1,41.9,41.9,19.45,13.42,32.0,12.9,9.03,0.0,0.0,0,0,Orgânico,Pix,,Concluída,25,55,PR,Cascavel
MLB2026-001799,2026-05-23,CAP-IP16-PLU,Capa iPhone 16 Pelúcia Colorida,Pelúcia,Verde,1,41.9,41.9,15.19,21.26,50.7,0.0,0.0,2.97,2.48,760,20,Anúncios,Pix,,Concluída,25,54,MG,Belo Horizonte
MLB2026-001800,2026-05-23,CAP-RN14-PLU,Capa Redmi Note 14 Pelúcia,Pelúcia,Rosa,1,32.9,32.9,13.69,5.28,16.0,19.9,13.93,0.0,0.0,0,0,Orgânico,Cartão de débito,,Concluída,17,10,DF,Ceilândia
MLB2026-001801,2026-05-23,CAP-RN14-PLU,Capa Redmi Note 14 Pelúcia,Pelúcia,Rosa,1,32.9,32.9,14.15,18.75,57.0,0.0,0.0,0.0,0.0,0,0,Orgânico,Pix,,Concluída,17,9,BA,Vitória da Conquista
MLB2026-001802,2026-05-24,CAP-IP15-CRI,Capa iPhone 15 Acrílico Cristal Transparente,Cristal,Transparente,1,29.9,29.9,13.79,4.21,14.1,12.9,9.03,0.0,2.87,2717,81,Anúncios,Cartão de crédito,12,Concluída,56,0,GO,Goiânia
MLB2026-001803,2026-05-24,CAP-IP16-MAG,Capa iPhone 16 Silicone com MagSafe,MagSafe,Azul,1,49.9,49.9,22.83,27.07,54.2,0.0,0.0,0.0,0.0,0,0,Orgânico,Cartão de crédito,6,Concluída,37,112,RJ,Niterói
MLB2026-001804,2026-05-24,CAP-IP16-MAG,Capa iPhone 16 Silicone com MagSafe,MagSafe,Azul,1,49.9,49.9,21.36,28.54,57.2,0.0,0.0,0.0,0.0,0,0,Orgânico,Cartão de débito,,Concluída,37,111,SP,São Bernardo do Campo
MLB2026-001805,2026-05-24,CAP-IP13-SIL,Capa iPhone 13 Silicone Colorida,Silicone,Rosa,1,21.9,21.9,9.65,3.22,14.7,12.9,9.03,0.0,0.0,0,0,Orgânico,Pix,,Concluída,24,188,ES,Vila Velha
MLB2026-001806,2026-05-24,CAP-IP12-TPU,Capa iPhone 12 TPU Transparente,TPU,Transparente,1,16.9,16.9,6.01,1.86,11.0,12.9,9.03,0.0,0.0,0,0,Orgânico,Pix,,Concluída,47,4,MG,Belo Horizonte
MLB2026-001807,2026-05-24,CAP-GA55-SIL,Capa Galaxy A55 Silicone Fosca,Silicone,Verde,1,22.9,22.9,10.09,-1.12,-4.9,19.9,13.93,0.0,0.0,0,0,Orgânico,Pix,,Concluída,68,65,RJ,Campos dos Goytacazes
MLB2026-001808,2026-05-24,CAP-GA55-CRI,Capa Galaxy A55 Cristal Ultra Fino,Cristal,Transparente,1,26.9,26.9,12.35,0.62,2.3,19.9,13.93,0.0,0.0,0,0,Orgânico,Cartão de crédito,3,Cancelada,51,69,PE,Recife
MLB2026-001809,2026-05-24,CAP-GA54-TPU,Capa Galaxy A54 TPU Antirrisco,TPU,Cinza,1,15.9,15.9,7.77,-5.8,-36.5,19.9,13.93,0.0,0.0,0,0,Orgânico,Pix,,Concluída,20,130,PR,Curitiba
MLB2026-001810,2026-05-24,CAP-GA54-TPU,Capa Galaxy A54 TPU Antirrisco,TPU,Cinza,1,15.9,15.9,6.08,6.11,38.4,0.0,0.0,3.71,0.0,0,0,Orgânico,Boleto,,Concluída,20,129,CE,Fortaleza
MLB2026-001811,2026-05-24,CAP-MG84-TPU,Capa Moto G84 TPU Transparente,TPU,Transparente,1,15.9,15.9,7.81,-3.07,-19.3,12.9,9.03,0.0,2.13,2091,20,Anúncios,Pix,,Concluída,22,121,RS,Pelotas
MLB2026-001812,2026-05-24,CAP-MG84-TPU,Capa Moto G84 TPU Transparente,TPU,Transparente,1,15.9,15.9,7.66,-0.79,-5.0,12.9,9.03,0.0,0.0,0,0,Orgânico,Cartão de débito,,Concluída,22,120,SP,São Paulo
MLB2026-001813,2026-05-24,CAP-MG84-TPU,Capa Moto G84 TPU Transparente,TPU,Transparente,1,15.9,15.9,6.04,9.86,62.0,0.0,0.0,0.0,0.0,0,0,Orgânico,Cartão de crédito,,Concluída,22,119,SP,São Bernardo do Campo
MLB2026-001814,2026-05-24,CAP-GS25-SIL,Capa Galaxy S25 Ultra Silicone MagSafe,MagSafe,Preto,1,54.9,54.9,22.68,32.22,58.7,0.0,0.0,0.0,0.0,0,0,Orgânico,Pix,,Concluída,33,0,MG,Juiz de Fora
MLB2026-001815,2026-05-24,CAP-MG84-SUP,Capa Moto G84 com Suporte,Com Suporte,Preto,1,29.9,29.9,11.36,16.93,56.6,0.0,0.0,0.0,1.61,488,10,Anúncios,Pix,,Concluída,7,154,RS,Canoas
MLB2026-001816,2026-05-24,CAP-GA56-CRI,Capa Galaxy A56 Cristal Espelhada,Cristal,Prata,1,34.9,34.9,13.81,12.06,34.6,12.9,9.03,0.0,0.0,0,0,Orgânico,Pix,,Concluída,28,78,SP,Guarulhos
MLB2026-001817,2026-05-24,CAP-GA56-CRI,Capa Galaxy A56 Cristal Espelhada,Cristal,Prata,1,34.9,34.9,12.84,12.15,34.8,12.9,9.03,0.88,0.0,0,0,Orgânico,Cartão de crédito,6,Concluída,28,77,SC,Joinville
MLB2026-001818,2026-05-24,CAP-GS24-COU,Capa Galaxy S24 Couro Premium,Couro,Preto,1,64.9,64.9,27.21,37.69,58.1,0.0,0.0,0.0,0.0,0,0,Orgânico,Cartão de crédito,6,Concluída,13,154,RJ,Rio de Janeiro
MLB2026-001819,2026-05-24,CAP-GA54-SIL,Capa Galaxy A54 Silicone Vermelho,Silicone,Vermelho,1,18.9,18.9,9.34,0.53,2.8,12.9,9.03,0.0,0.0,0,0,Orgânico,Boleto,,Concluída,27,159,MG,Uberlândia
MLB2026-001820,2026-05-25,CAP-IP15-SIL,Capa de Celular iPhone 15 Silicone Fosca,Silicone,Preto,1,24.9,24.9,9.03,15.87,63.7,0.0,0.0,0.0,0.0,0,0,Orgânico,Pix,,Concluída,56,6,SP,São Bernardo do Campo
MLB2026-001821,2026-05-25,CAP-IP16-MAG,Capa iPhone 16 Silicone com MagSafe,MagSafe,Azul,1,49.9,49.9,24.28,25.62,51.3,0.0,0.0,0.0,0.0,0,0,Orgânico,Cartão de crédito,12,Concluída,29,110,RJ,Niterói
MLB2026-001822,2026-05-25,CAP-IP13-SIL,Capa iPhone 13 Silicone Colorida,Silicone,Rosa,1,21.9,21.9,9.66,-8.95,-40.9,19.9,13.93,3.62,3.64,2534,27,Anúncios,Pix,,Concluída,74,187,RJ,Rio de Janeiro
MLB2026-001823,2026-05-25,CAP-IP13-SIL,Capa iPhone 13 Silicone Colorida,Silicone,Rosa,1,21.9,21.9,9.77,12.13,55.4,0.0,0.0,0.0,0.0,0,0,Orgânico,Pix,,Devolvida,74,186,MG,Belo Horizonte
MLB2026-001824,2026-05-25,CAP-IP11-SIL,Capinha iPhone 11 Silicone Antichoque,Silicone,Preto,1,15.9,15.9,6.53,-4.56,-28.7,19.9,13.93,0.0,0.0,0,0,Orgânico,Pix,,Concluída,25,0,RJ,Rio de Janeiro
MLB2026-001825,2026-05-25,CAP-GA55-SIL,Capa Galaxy A55 Silicone Fosca,Silicone,Verde,1,22.9,22.9,9.58,-4.96,-21.7,19.9,13.93,0.0,4.35,3384,34,Anúncios,Pix,,Pendente,22,64,DF,Ceilândia
MLB2026-001826,2026-05-25,CAP-GA56-MAG,Capa Galaxy A56 com MagSafe,MagSafe,Roxo,1,47.9,47.9,20.33,25.66,53.6,0.0,0.0,0.0,1.91,2121,62,Anúncios,Pix,,Concluída,39,57,SP,Campinas
MLB2026-001827,2026-05-25,CAP-GS23-TPU,Capa Galaxy S23 TPU Camuflada,TPU,Camuflado,1,19.9,19.9,9.51,10.29,51.7,0.0,0.0,0.1,0.0,0,0,Orgânico,Pix,,Concluída,39,176,SC,Florianópolis
MLB2026-001828,2026-05-25,CAP-R12-SIL,Capa realme 12 Silicone Fosca,Silicone,Branco,1,20.9,20.9,8.13,3.74,17.9,12.9,9.03,0.0,0.0,0,0,Orgânico,Cartão de débito,,Concluída,90,125,GO,Aparecida de Goiânia
MLB2026-001829,2026-05-25,CAP-R11-PLU,Capa realme 11 Pelúcia Fofinha,Pelúcia,Rosa,1,34.9,34.9,16.07,4.9,14.0,19.9,13.93,0.0,0.0,0,0,Orgânico,Cartão de crédito,,Concluída,13,63,RJ,Duque de Caxias
MLB2026-001830,2026-05-25,CAP-R11-PLU,Capa realme 11 Pelúcia Fofinha,Pelúcia,Rosa,2,34.9,69.8,31.86,27.0,38.7,12.9,9.03,1.91,0.0,0,0,Orgânico,Pix,,Concluída,13,61,MG,Contagem
MLB2026-001831,2026-05-25,CAP-MG85-SIL,Capa Moto G85 Silicone Azul,Silicone,Azul,1,19.9,19.9,9.02,-3.05,-15.3,19.9,13.93,0.0,0.0,0,0,Orgânico,Pix,,Concluída,19,164,RS,Canoas
MLB2026-001832,2026-05-25,CAP-MG85-SIL,Capa Moto G85 Silicone Azul,Silicone,Azul,1,19.9,19.9,8.49,1.3,6.5,12.9,9.03,0.0,1.08,2316,10,Anúncios,Pix,,Concluída,19,163,PR,Londrina
MLB2026-001833,2026-05-25,CAP-GA56-CRI,Capa Galaxy A56 Cristal Espelhada,Cristal,Prata,1,34.9,34.9,16.15,15.43,44.2,0.0,0.0,0.0,3.32,1361,32,Anúncios,Pix,,Pendente,28,76,RS,Canoas
MLB2026-001834,2026-05-25,CAP-GA56-CRI,Capa Galaxy A56 Cristal Espelhada,Cristal,Prata,2,34.9,69.8,32.24,23.51,33.7,19.9,13.93,0.12,0.0,0,0,Orgânico,Pix,,Concluída,28,74,BA,Vitória da Conquista
MLB2026-001835,2026-05-25,CAP-RN14-PLU,Capa Redmi Note 14 Pelúcia,Pelúcia,Rosa,1,32.9,32.9,13.74,9.94,30.2,12.9,9.03,0.19,0.0,0,0,Orgânico,Pix,,Cancelada,3,8,SP,Osasco
MLB2026-001836,2026-05-25,CAP-IP13-MAG,Capa iPhone 13 Silicone MagSafe,MagSafe,Branco,1,44.9,44.9,18.36,26.54,59.1,0.0,0.0,0.0,0.0,0,0,Orgânico,Pix,,Concluída,18,0,PR,Cascavel
MLB2026-001837,2026-05-25,CAP-IP13-MAG,Capa iPhone 13 Silicone MagSafe,MagSafe,Branco,1,44.9,44.9,16.33,28.57,63.6,0.0,0.0,0.0,0.0,0,0,Orgânico,Pix,,Concluída,18,0,SC,Blumenau
MLB2026-001838,2026-05-25,CAP-IP13-MAG,Capa iPhone 13 Silicone MagSafe,MagSafe,Branco,1,44.9,44.9,21.43,21.94,48.9,0.0,0.0,0.0,1.53,2967,68,Anúncios,Cartão de crédito,,Concluída,18,0,MG,Juiz de Fora
MLB2026-001839,2026-05-25,CAP-GA54-SIL,Capa Galaxy A54 Silicone Vermelho,Silicone,Vermelho,1,18.9,18.9,6.88,2.99,15.8,12.9,9.03,0.0,0.0,0,0,Orgânico,Cartão de crédito,3,Concluída,47,158,SC,Florianópolis
MLB2026-001840,2026-05-26,CAP-IP15-CRI,Capa iPhone 15 Acrílico Cristal Transparente,Cristal,Transparente,1,29.9,29.9,12.37,17.53,58.6,0.0,0.0,0.0,0.0,0,0,Orgânico,Cartão de crédito,9,Concluída,37,0,SP,Guarulhos
MLB2026-001841,2026-05-26,CAP-IP16-MAG,Capa iPhone 16 Silicone com MagSafe,MagSafe,Azul,1,49.9,49.9,21.42,27.22,54.5,0.0,0.0,1.26,0.0,0,0,Orgânico,Pix,,Concluída,11,109,RS,Canoas
MLB2026-001842,2026-05-26,CAP-IP14-COU,Capa iPhone 14 Couro Sintético Premium,Couro,Marrom,2,44.9,89.8,33.34,56.46,62.9,0.0,0.0,0.0,0.0,0,0,Orgânico,Pix,,Concluída,177,71,MG,Uberlândia
MLB2026-001843,2026-05-26,CAP-IP14-COU,Capa iPhone 14 Couro Sintético Premium,Couro,Marrom,1,44.9,44.9,20.61,24.29,54.1,0.0,0.0,0.0,0.0,0,0,Orgânico,Pix,,Concluída,177,70,SC,Chapecó
MLB2026-001844,2026-05-26,CAP-IP12-TPU,Capa iPhone 12 TPU Transparente,TPU,Transparente,1,16.9,16.9,6.56,-5.14,-30.4,19.9,13.93,0.0,1.55,1491,35,Anúncios,Pix,,Devolvida,47,3,RJ,Rio de Janeiro
MLB2026-001845,2026-05-26,CAP-IP12-TPU,Capa iPhone 12 TPU Transparente,TPU,Transparente,1,16.9,16.9,6.66,-4.85,-28.7,19.9,13.93,1.16,0.0,0,0,Orgânico,Cartão de crédito,6,Concluída,47,2,SP,Campinas
MLB2026-001846,2026-05-26,CAP-GA55-CRI,Capa Galaxy A55 Cristal Ultra Fino,Cristal,Transparente,1,26.9,26.9,9.77,3.2,11.9,19.9,13.93,0.0,0.0,0,0,Orgânico,Pix,,Concluída,68,68,SP,Campinas
MLB2026-001847,2026-05-26,CAP-GA56-MAG,Capa Galaxy A56 com MagSafe,MagSafe,Roxo,1,47.9,47.9,19.91,24.16,50.4,0.0,0.0,0.0,3.83,1968,40,Anúncios,Pix,,Concluída,17,56,MG,Contagem
MLB2026-001848,2026-05-26,CAP-GS24-SIL,Capa Galaxy S24 Silicone com Anel,Silicone,Azul,1,29.9,29.9,11.02,7.27,24.3,12.9,9.03,0.0,2.58,1463,6,Anúncios,Pix,,Concluída,41,104,SC,Joinville
MLB2026-001849,2026-05-26,CAP-RN13-TPU,Capa Redmi Note 13 TPU Cristal,TPU,Transparente,1,14.9,14.9,6.72,-8.38,-56.2,19.9,13.93,0.0,2.63,2104,39,Anúncios,Cartão de crédito,9,Concluída,23,187,ES,Vila Velha
MLB2026-001850,2026-05-26,CAP-R12-SIL,Capa realme 12 Silicone Fosca,Silicone,Branco,1,20.9,20.9,8.92,9.85,47.1,0.0,0.0,0.0,2.13,1095,11,Anúncios,Pix,,Cancelada,58,124,CE,Fortaleza
MLB2026-001851,2026-05-26,CAP-R12-SIL,Capa realme 12 Silicone Fosca,Silicone,Branco,1,20.9,20.9,7.77,2.88,13.8,12.9,9.03,0.0,1.22,3454,47,Anúncios,Pix,,Concluída,58,123,SP,São Bernardo do Campo
MLB2026-001852,2026-05-26,CAP-MG84-TPU,Capa Moto G84 TPU Transparente,TPU,Transparente,1,15.9,15.9,5.75,1.12,7.0,12.9,9.03,0.0,0.0,0,0,Orgânico,Cartão de crédito,,Concluída,34,118,SP,Osasco
MLB2026-001853,2026-05-26,CAP-MG84-TPU,Capa Moto G84 TPU Transparente,TPU,Transparente,1,15.9,15.9,6.89,-4.92,-30.9,19.9,13.93,0.0,0.0,0,0,Orgânico,Pix,,Concluída,34,117,SC,Chapecó
MLB2026-001854,2026-05-26,CAP-GA55-SUP,Capa Galaxy A55 com Suporte e Anel,Com Suporte,Preto,1,35.9,35.9,16.51,5.46,15.2,19.9,13.93,0.0,0.0,0,0,Orgânico,Cartão de crédito,12,Concluída,15,39,RJ,Duque de Caxias
MLB2026-001855,2026-05-26,CAP-IP16-CRI,Capa iPhone 16 Cristal Espelhada,Cristal,Prata,1,37.9,37.9,13.62,8.74,23.1,19.9,13.93,1.61,0.0,0,0,Orgânico,Pix,,Concluída,36,118,GO,Anápolis
MLB2026-001856,2026-05-26,CAP-IP12-PLU,Capinha iPhone 12 Pelúcia,Pelúcia,Amarelo,1,33.9,33.9,13.77,5.05,14.9,12.9,9.03,3.82,2.23,2699,29,Anúncios,Pix,,Concluída,11,219,BA,Salvador
MLB2026-001857,2026-05-26,CAP-R12-CRI,Capa realme 12 Cristal Transparente,Cristal,Transparente,1,24.9,24.9,9.29,15.61,62.7,0.0,0.0,0.0,0.0,0,0,Orgânico,Pix,,Concluída,41,0,SP,Guarulhos
MLB2026-001858,2026-05-26,CAP-R12-CRI,Capa realme 12 Cristal Transparente,Cristal,Transparente,1,24.9,24.9,9.31,0.46,1.8,19.9,13.93,0.0,1.2,3194,91,Anúncios,Boleto,,Concluída,41,0,PA,Ananindeua
MLB2026-001859,2026-05-26,CAP-R12-SUP,Capa realme 12 com Suporte,Com Suporte,Cinza,1,33.9,33.9,15.34,4.63,13.7,19.9,13.93,0.0,0.0,0,0,Orgânico,Pix,,Concluída,6,194,SP,São Bernardo do Campo
MLB2026-001860,2026-05-26,CAP-R13C-SIL,Capa Redmi 13C Silicone Azul,Silicone,Azul,1,17.9,17.9,6.47,11.43,63.9,0.0,0.0,0.0,0.0,0,0,Orgânico,Boleto,,Concluída,82,9,RJ,Niterói
MLB2026-001861,2026-05-27,CAP-IP15-SIL,Capa de Celular iPhone 15 Silicone Fosca,Silicone,Preto,1,24.9,24.9,10.84,4.31,17.3,12.9,9.03,0.72,0.0,0,0,Orgânico,Pix,,Concluída,39,5,MG,Contagem
MLB2026-001862,2026-05-27,CAP-IP16-MAG,Capa iPhone 16 Silicone com MagSafe,MagSafe,Azul,1,49.9,49.9,23.47,26.43,53.0,0.0,0.0,0.0,0.0,0,0,Orgânico,Cartão de crédito,,Concluída,42,108,PE,Olinda
MLB2026-001863,2026-05-27,CAP-IP14-COU,Capa iPhone 14 Couro Sintético Premium,Couro,Marrom,3,44.9,134.7,47.58,87.12,64.7,0.0,0.0,0.0,0.0,0,0,Orgânico,Pix,,Concluída,49,67,SP,Campinas
MLB2026-001864,2026-05-27,CAP-IP13-SIL,Capa iPhone 13 Silicone Colorida,Silicone,Rosa,1,21.9,21.9,10.65,10.26,46.8,0.0,0.0,0.99,0.0,0,0,Orgânico,Cartão de crédito,,Concluída,203,185,PR,Cascavel
MLB2026-001865,2026-05-27,CAP-GA55-SIL,Capa Galaxy A55 Silicone Fosca,Silicone,Verde,1,22.9,22.9,10.3,-1.33,-5.8,19.9,13.93,0.0,0.0,0,0,Orgânico,Cartão de crédito,3,Concluída,78,63,SP,Osasco
MLB2026-001866,2026-05-27,CAP-GS24-SIL,Capa Galaxy S24 Silicone com Anel,Silicone,Azul,1,29.9,29.9,14.07,15.83,52.9,0.0,0.0,0.0,0.0,0,0,Orgânico,Cartão de débito,,Concluída,48,103,ES,Vila Velha
MLB2026-001867,2026-05-27,CAP-R12-SIL,Capa realme 12 Silicone Fosca,Silicone,Branco,1,20.9,20.9,10.38,-6.91,-33.1,19.9,13.93,2.38,1.12,2167,52,Anúncios,Pix,,Concluída,64,122,PR,Maringá
MLB2026-001868,2026-05-27,CAP-GA55-SUP,Capa Galaxy A55 com Suporte e Anel,Com Suporte,Preto,1,35.9,35.9,16.81,1.41,3.9,19.9,13.93,0.0,3.75,1025,22,Anúncios,Boleto,,Concluída,13,38,MG,Belo Horizonte
MLB2026-001869,2026-05-27,CAP-GA55-SUP,Capa Galaxy A55 com Suporte e Anel,Com Suporte,Preto,2,35.9,71.8,32.9,23.46,32.7,19.9,13.93,0.0,1.51,1370,19,Anúncios,Cartão de crédito,,Concluída,13,36,DF,Ceilândia
MLB2026-001870,2026-05-27,CAP-GA55-SUP,Capa Galaxy A55 com Suporte e Anel,Com Suporte,Preto,1,35.9,35.9,13.62,19.59,54.6,0.0,0.0,0.0,2.69,3339,55,Anúncios,Pix,,Concluída,13,35,RS,Porto Alegre
MLB2026-001871,2026-05-27,CAP-MG85-TPU,Capa Moto G85 TPU Cinza,TPU,Cinza,1,16.9,16.9,7.72,9.18,54.3,0.0,0.0,0.0,0.0,0,0,Orgânico,Cartão de débito,,Concluída,20,8,PA,Belém
MLB2026-001872,2026-05-27,CAP-IP15-AGU,Capa iPhone 15 À Prova d'Água,À Prova d'Água,Preto,1,57.9,57.9,24.52,33.38,57.7,0.0,0.0,0.0,0.0,0,0,Orgânico,Pix,,Concluída,8,88,SP,Campinas
MLB2026-001873,2026-05-27,CAP-R13C-SIL,Capa Redmi 13C Silicone Azul,Silicone,Azul,1,17.9,17.9,6.79,11.11,62.1,0.0,0.0,0.0,0.0,0,0,Orgânico,Pix,,Concluída,11,8,DF,Taguatinga
MLB2026-001874,2026-05-27,CAP-R13C-SIL,Capa Redmi 13C Silicone Azul,Silicone,Azul,2,17.9,35.8,14.76,7.11,19.9,19.9,13.93,0.0,0.0,0,0,Orgânico,Pix,,Concluída,11,6,RS,Caxias do Sul
MLB2026-001875,2026-05-27,CAP-R13C-SIL,Capa Redmi 13C Silicone Azul,Silicone,Azul,1,17.9,17.9,8.88,7.93,44.3,0.0,0.0,0.0,1.09,2086,12,Anúncios,Pix,,Concluída,11,5,GO,Aparecida de Goiânia
MLB2026-001876,2026-05-28,CAP-IP15-SIL,Capa de Celular iPhone 15 Silicone Fosca,Silicone,Preto,1,24.9,24.9,11.23,11.12,44.7,0.0,0.0,0.0,2.55,394,7,Anúncios,Pix,,Concluída,44,4,GO,Aparecida de Goiânia
MLB2026-001877,2026-05-28,CAP-IP12-TPU,Capa iPhone 12 TPU Transparente,TPU,Transparente,1,16.9,16.9,7.71,-10.01,-59.2,19.9,13.93,0.94,4.33,2618,47,Anúncios,Pix,,Concluída,35,1,SP,São Bernardo do Campo
MLB2026-001878,2026-05-28,CAP-GA55-SIL,Capa Galaxy A55 Silicone Fosca,Silicone,Verde,1,22.9,22.9,10.73,3.14,13.7,12.9,9.03,0.0,0.0,0,0,Orgânico,Cartão de débito,,Concluída,60,62,DF,Ceilândia
MLB2026-001879,2026-05-28,CAP-GA55-CRI,Capa Galaxy A55 Cristal Ultra Fino,Cristal,Transparente,1,26.9,26.9,12.48,1.38,5.1,12.9,9.03,0.0,4.01,2716,20,Anúncios,Boleto,,Concluída,88,67,DF,Taguatinga
MLB2026-001880,2026-05-28,CAP-GA54-TPU,Capa Galaxy A54 TPU Antirrisco,TPU,Cinza,1,15.9,15.9,5.83,1.04,6.5,12.9,9.03,0.0,0.0,0,0,Orgânico,Pix,,Concluída,52,128,MG,Uberlândia
MLB2026-001881,2026-05-28,CAP-GA56-MAG,Capa Galaxy A56 com MagSafe,MagSafe,Roxo,1,47.9,47.9,23.35,24.55,51.3,0.0,0.0,0.0,0.0,0,0,Orgânico,Cartão de crédito,,Concluída,32,55,SP,Guarulhos
MLB2026-001882,2026-05-28,CAP-RN13-SUP,Capa Redmi Note 13 com Suporte,Com Suporte,Preto,1,32.9,32.9,11.73,17.02,51.7,0.0,0.0,4.15,0.0,0,0,Orgânico,Cartão de crédito,,Cancelada,22,153,MG,Juiz de Fora
MLB2026-001883,2026-05-28,CAP-RN13-SUP,Capa Redmi Note 13 com Suporte,Com Suporte,Preto,1,32.9,32.9,15.43,7.27,22.1,12.9,9.03,0.0,1.17,3475,50,Anúncios,Cartão de débito,,Concluída,22,152,RJ,Rio de Janeiro
MLB2026-001884,2026-05-28,CAP-R12-SIL,Capa realme 12 Silicone Fosca,Silicone,Branco,1,20.9,20.9,9.11,2.76,13.2,12.9,9.03,0.0,0.0,0,0,Orgânico,Pix,,Concluída,45,121,SC,Blumenau
MLB2026-001885,2026-05-28,CAP-R11-PLU,Capa realme 11 Pelúcia Fofinha,Pelúcia,Rosa,1,34.9,34.9,12.77,13.1,37.5,12.9,9.03,0.0,0.0,0,0,Orgânico,Pix,,Concluída,16,60,GO,Anápolis
MLB2026-001886,2026-05-28,CAP-GA55-SUP,Capa Galaxy A55 com Suporte e Anel,Com Suporte,Preto,1,35.9,35.9,14.43,21.47,59.8,0.0,0.0,0.0,0.0,0,0,Orgânico,Cartão de débito,,Concluída,23,34,RS,Caxias do Sul
MLB2026-001887,2026-05-28,CAP-R12-CRI,Capa realme 12 Cristal Transparente,Cristal,Transparente,1,24.9,24.9,11.7,13.2,53.0,0.0,0.0,0.0,0.0,0,0,Orgânico,Cartão de crédito,,Concluída,31,0,CE,Juazeiro do Norte
MLB2026-001888,2026-05-28,CAP-R12-CRI,Capa realme 12 Cristal Transparente,Cristal,Transparente,1,24.9,24.9,11.61,11.63,46.7,0.0,0.0,0.0,1.66,1396,6,Anúncios,Cartão de crédito,12,Concluída,31,0,AM,Parintins
MLB2026-001889,2026-05-28,CAP-MG84-SUP,Capa Moto G84 com Suporte,Com Suporte,Preto,2,29.9,59.8,25.82,33.98,56.8,0.0,0.0,0.0,0.0,0,0,Orgânico,Cartão de crédito,9,Concluída,10,152,CE,Juazeiro do Norte
MLB2026-001890,2026-05-29,CAP-IP16-MAG,Capa iPhone 16 Silicone com MagSafe,MagSafe,Azul,1,49.9,49.9,17.54,32.36,64.8,0.0,0.0,0.0,0.0,0,0,Orgânico,Cartão de crédito,,Concluída,19,107,MG,Uberlândia
MLB2026-001891,2026-05-29,CAP-IP12-TPU,Capa iPhone 12 TPU Transparente,TPU,Transparente,3,16.9,50.7,18.3,18.47,36.4,19.9,13.93,0.0,0.0,0,0,Orgânico,Pix,,Concluída,93,0,RJ,Niterói
MLB2026-001892,2026-05-29,CAP-RN14-SIL,Capa Redmi Note 14 Silicone,Silicone,Preto,1,18.9,18.9,8.47,1.4,7.4,12.9,9.03,0.0,0.0,0,0,Orgânico,Cartão de crédito,12,Concluída,26,80,PR,Londrina
MLB2026-001893,2026-05-29,CAP-RN13-TPU,Capa Redmi Note 13 TPU Cristal,TPU,Transparente,1,14.9,14.9,6.78,-8.94,-60.0,19.9,13.93,0.0,3.13,682,10,Anúncios,Pix,,Enviada,46,186,RJ,Niterói
MLB2026-001894,2026-05-29,CAP-RN13-TPU,Capa Redmi Note 13 TPU Cristal,TPU,Transparente,3,14.9,44.7,19.56,16.11,36.0,12.9,9.03,0.0,0.0,0,0,Orgânico,Boleto,,Concluída,46,183,SC,Joinville
MLB2026-001895,2026-05-29,CAP-RN13-TPU,Capa Redmi Note 13 TPU Cristal,TPU,Transparente,1,14.9,14.9,7.0,-9.5,-63.8,19.9,13.93,0.0,3.47,343,4,Anúncios,Pix,,Concluída,46,182,SC,Joinville
MLB2026-001896,2026-05-29,CAP-R11-PLU,Capa realme 11 Pelúcia Fofinha,Pelúcia,Rosa,1,34.9,34.9,15.49,15.28,43.8,0.0,0.0,0.0,4.13,2632,75,Anúncios,Pix,,Concluída,11,59,RJ,Niterói
MLB2026-001897,2026-05-29,CAP-RN14-AGU,Capa Redmi Note 14 À Prova d'Água,À Prova d'Água,Azul,1,54.9,54.9,23.76,31.14,56.7,0.0,0.0,0.0,0.0,0,0,Orgânico,Cartão de crédito,3,Concluída,2,57,MG,Uberlândia
MLB2026-001898,2026-05-29,CAP-GS25-SIL,Capa Galaxy S25 Ultra Silicone MagSafe,MagSafe,Preto,1,54.9,54.9,23.76,27.25,49.6,0.0,0.0,0.0,3.89,3158,70,Anúncios,Pix,,Concluída,29,0,RS,Caxias do Sul
MLB2026-001899,2026-05-29,CAP-IP16-PLU,Capa iPhone 16 Pelúcia Colorida,Pelúcia,Verde,1,41.9,41.9,14.96,8.66,20.7,19.9,13.93,0.0,4.35,2129,41,Anúncios,Cartão de crédito,3,Enviada,3,53,SP,Campinas
MLB2026-001900,2026-05-29,CAP-GA56-CRI,Capa Galaxy A56 Cristal Espelhada,Cristal,Prata,1,34.9,34.9,13.55,7.42,21.3,19.9,13.93,0.0,0.0,0,0,Orgânico,Cartão de crédito,12,Cancelada,30,73,CE,Juazeiro do Norte
MLB2026-001901,2026-05-29,CAP-RN14-PLU,Capa Redmi Note 14 Pelúcia,Pelúcia,Rosa,1,32.9,32.9,11.63,7.34,22.3,19.9,13.93,0.0,0.0,0,0,Orgânico,Pix,,Concluída,27,7,MA,São Luís
MLB2026-001902,2026-05-29,CAP-MG85-TPU,Capa Moto G85 TPU Cinza,TPU,Cinza,1,16.9,16.9,7.22,9.68,57.3,0.0,0.0,0.0,0.0,0,0,Orgânico,Pix,,Concluída,34,7,MG,Contagem
MLB2026-001903,2026-05-29,CAP-IP15-AGU,Capa iPhone 15 À Prova d'Água,À Prova d'Água,Preto,1,57.9,57.9,26.32,30.75,53.1,0.0,0.0,0.0,0.83,722,10,Anúncios,Cartão de crédito,9,Concluída,16,87,MG,Contagem
MLB2026-001904,2026-05-30,CAP-IP15-CRI,Capa iPhone 15 Acrílico Cristal Transparente,Cristal,Transparente,1,29.9,29.9,10.49,19.41,64.9,0.0,0.0,0.0,0.0,0,0,Orgânico,Cartão de crédito,,Concluída,25,0,RS,Caxias do Sul
MLB2026-001905,2026-05-30,CAP-IP15-CRI,Capa iPhone 15 Acrílico Cristal Transparente,Cristal,Transparente,1,29.9,29.9,13.21,2.76,9.2,19.9,13.93,0.0,0.0,0,0,Orgânico,Pix,,Concluída,25,0,MG,Juiz de Fora
MLB2026-001906,2026-05-30,CAP-IP14-COU,Capa iPhone 14 Couro Sintético Premium,Couro,Marrom,1,44.9,44.9,19.99,20.88,46.5,0.0,0.0,0.0,4.03,3377,61,Anúncios,Boleto,,Concluída,14,66,BA,Vitória da Conquista
MLB2026-001907,2026-05-30,CAP-IP12-TPU,Capa iPhone 12 TPU Transparente,TPU,Transparente,1,16.9,16.9,6.04,-6.06,-35.9,19.9,13.93,0.0,2.99,1523,42,Anúncios,Cartão de crédito,,Concluída,109,0,RJ,Duque de Caxias
MLB2026-001908,2026-05-30,CAP-IP12-TPU,Capa iPhone 12 TPU Transparente,TPU,Transparente,1,16.9,16.9,6.84,-6.1,-36.1,19.9,13.93,0.0,2.23,2353,33,Anúncios,Cartão de crédito,,Concluída,109,0,SP,Campinas
MLB2026-001909,2026-05-30,CAP-IP11-SIL,Capinha iPhone 11 Silicone Antichoque,Silicone,Preto,1,15.9,15.9,5.9,-3.93,-24.7,19.9,13.93,0.0,0.0,0,0,Orgânico,Pix,,Concluída,24,0,RS,Canoas
MLB2026-001910,2026-05-30,CAP-GA55-SIL,Capa Galaxy A55 Silicone Fosca,Silicone,Verde,1,22.9,22.9,9.31,13.59,59.3,0.0,0.0,0.0,0.0,0,0,Orgânico,Pix,,Enviada,81,61,RJ,Duque de Caxias
MLB2026-001911,2026-05-30,CAP-GA55-SIL,Capa Galaxy A55 Silicone Fosca,Silicone,Verde,1,22.9,22.9,9.55,-4.1,-17.9,19.9,13.93,0.0,3.52,2003,59,Anúncios,Boleto,,Concluída,81,60,SP,Guarulhos
MLB2026-001912,2026-05-30,CAP-GA56-MAG,Capa Galaxy A56 com MagSafe,MagSafe,Roxo,3,47.9,143.7,69.66,74.04,51.5,0.0,0.0,0.0,0.0,0,0,Orgânico,Pix,,Pendente,14,52,RJ,Campos dos Goytacazes
MLB2026-001913,2026-05-30,CAP-RN14-SIL,Capa Redmi Note 14 Silicone,Silicone,Preto,1,18.9,18.9,8.68,10.22,54.1,0.0,0.0,0.0,0.0,0,0,Orgânico,Pix,,Concluída,67,79,PE,Petrolina
MLB2026-001914,2026-05-30,CAP-RN14-SIL,Capa Redmi Note 14 Silicone,Silicone,Preto,1,18.9,18.9,7.91,7.57,40.1,0.0,0.0,0.0,3.42,1316,22,Anúncios,Pix,,Cancelada,67,78,PR,Londrina
MLB2026-001915,2026-05-30,CAP-R11-PLU,Capa realme 11 Pelúcia Fofinha,Pelúcia,Rosa,1,34.9,34.9,15.21,8.93,25.6,12.9,9.03,0.0,1.73,2229,21,Anúncios,Boleto,,Concluída,16,58,GO,Aparecida de Goiânia
MLB2026-001916,2026-05-30,CAP-MG85-SIL,Capa Moto G85 Silicone Azul,Silicone,Azul,1,19.9,19.9,8.35,-5.38,-27.0,19.9,13.93,0.0,3.0,1894,23,Anúncios,Pix,,Concluída,135,162,SC,Joinville
MLB2026-001917,2026-05-30,CAP-ME50-COU,Capa Moto Edge 50 Couro Sintético,Couro,Marrom,1,59.9,59.9,27.59,30.27,50.5,0.0,0.0,2.04,0.0,0,0,Orgânico,Cartão de crédito,,Concluída,27,37,SP,Campinas
MLB2026-001918,2026-05-30,CAP-ME50-COU,Capa Moto Edge 50 Couro Sintético,Couro,Marrom,1,59.9,59.9,23.65,36.25,60.5,0.0,0.0,0.0,0.0,0,0,Orgânico,Boleto,,Concluída,27,36,MG,Belo Horizonte
MLB2026-001919,2026-05-30,CAP-ME50-COU,Capa Moto Edge 50 Couro Sintético,Couro,Marrom,1,59.9,59.9,22.67,37.23,62.2,0.0,0.0,0.0,0.0,0,0,Orgânico,Cartão de crédito,,Concluída,27,35,MG,Belo Horizonte
MLB2026-001920,2026-05-30,CAP-IP15-PLU,Capa iPhone 15 Pelúcia Colorida,Pelúcia,Rosa,1,39.9,39.9,19.22,20.68,51.8,0.0,0.0,0.0,0.0,0,0,Orgânico,Cartão de crédito,3,Concluída,46,114,CE,Fortaleza
MLB2026-001921,2026-05-30,CAP-IP15-PLU,Capa iPhone 15 Pelúcia Colorida,Pelúcia,Rosa,1,39.9,39.9,19.44,9.56,24.0,12.9,9.03,0.0,1.87,1206,27,Anúncios,Pix,,Concluída,46,113,SC,Florianópolis
MLB2026-001922,2026-05-30,CAP-GA55-SUP,Capa Galaxy A55 com Suporte e Anel,Com Suporte,Preto,3,35.9,107.7,49.11,58.59,54.4,0.0,0.0,0.0,0.0,0,0,Orgânico,Pix,,Enviada,9,31,MG,Uberlândia
MLB2026-001923,2026-05-30,CAP-GS25-SIL,Capa Galaxy S25 Ultra Silicone MagSafe,MagSafe,Preto,1,54.9,54.9,25.16,28.9,52.6,0.0,0.0,0.84,0.0,0,0,Orgânico,Cartão de crédito,12,Concluída,16,0,CE,Juazeiro do Norte
MLB2026-001924,2026-05-30,CAP-GS25-SIL,Capa Galaxy S25 Ultra Silicone MagSafe,MagSafe,Preto,1,54.9,54.9,19.42,35.48,64.6,0.0,0.0,0.0,0.0,0,0,Orgânico,Cartão de crédito,3,Concluída,16,0,RS,Canoas
MLB2026-001925,2026-05-30,CAP-GS25-SIL,Capa Galaxy S25 Ultra Silicone MagSafe,MagSafe,Preto,1,54.9,54.9,25.21,29.69,54.1,0.0,0.0,0.0,0.0,0,0,Orgânico,Pix,,Concluída,16,0,AM,Parintins
MLB2026-001926,2026-05-30,CAP-IP16-PLU,Capa iPhone 16 Pelúcia Colorida,Pelúcia,Verde,1,41.9,41.9,17.79,24.11,57.5,0.0,0.0,0.0,0.0,0,0,Orgânico,Pix,,Concluída,8,52,MG,Belo Horizonte
MLB2026-001927,2026-05-30,CAP-GA54-SIL,Capa Galaxy A54 Silicone Vermelho,Silicone,Vermelho,1,18.9,18.9,9.36,3.12,16.5,0.0,0.0,4.12,2.3,2911,64,Anúncios,Pix,,Cancelada,16,157,GO,Goiânia
MLB2026-001928,2026-05-30,CAP-R13C-SIL,Capa Redmi 13C Silicone Azul,Silicone,Azul,1,17.9,17.9,7.27,10.63,59.4,0.0,0.0,0.0,0.0,0,0,Orgânico,Pix,,Cancelada,13,4,SC,Joinville
MLB2026-001929,2026-05-31,CAP-IP15-CRI,Capa iPhone 15 Acrílico Cristal Transparente,Cristal,Transparente,1,29.9,29.9,12.39,13.93,46.6,0.0,0.0,0.0,3.58,2973,79,Anúncios,Pix,,Concluída,58,0,SP,Campinas
MLB2026-001930,2026-05-31,CAP-IP15-CRI,Capa iPhone 15 Acrílico Cristal Transparente,Cristal,Transparente,1,29.9,29.9,13.78,16.12,53.9,0.0,0.0,0.0,0.0,0,0,Orgânico,Pix,,Concluída,58,0,MG,Contagem
MLB2026-001931,2026-05-31,CAP-IP13-SIL,Capa iPhone 13 Silicone Colorida,Silicone,Rosa,1,21.9,21.9,7.82,0.15,0.7,19.9,13.93,0.0,0.0,0,0,Orgânico,Cartão de crédito,,Concluída,42,184,ES,Vitória
MLB2026-001932,2026-05-31,CAP-IP13-SIL,Capa iPhone 13 Silicone Colorida,Silicone,Rosa,3,21.9,65.7,26.07,39.63,60.3,0.0,0.0,0.0,0.0,0,0,Orgânico,Pix,,Concluída,42,181,MG,Contagem
MLB2026-001933,2026-05-31,CAP-GA56-MAG,Capa Galaxy A56 com MagSafe,MagSafe,Roxo,1,47.9,47.9,23.36,24.54,51.2,0.0,0.0,0.0,0.0,0,0,Orgânico,Cartão de crédito,6,Concluída,7,51,DF,Ceilândia
MLB2026-001934,2026-05-31,CAP-GA56-MAG,Capa Galaxy A56 com MagSafe,MagSafe,Roxo,1,47.9,47.9,18.46,29.44,61.5,0.0,0.0,0.0,0.0,0,0,Orgânico,Pix,,Concluída,7,50,SP,Osasco
MLB2026-001935,2026-05-31,CAP-GS25-COU,Capa Galaxy S25 Ultra Couro Premium,Couro,Marrom,1,69.9,69.9,34.82,32.23,46.1,0.0,0.0,0.0,2.85,1616,15,Anúncios,Cartão de crédito,,Concluída,28,137,RS,Pelotas
MLB2026-001936,2026-05-31,CAP-R12-SIL,Capa realme 12 Silicone Fosca,Silicone,Branco,1,20.9,20.9,7.88,-3.82,-18.3,19.9,13.93,0.0,2.91,1303,8,Anúncios,Cartão de crédito,,Concluída,30,120,RJ,Duque de Caxias
MLB2026-001937,2026-05-31,CAP-ME50-COU,Capa Moto Edge 50 Couro Sintético,Couro,Marrom,1,59.9,59.9,28.58,31.32,52.3,0.0,0.0,0.0,0.0,0,0,Orgânico,Pix,,Concluída,5,34,SC,Joinville
MLB2026-001938,2026-05-31,CAP-ME50-COU,Capa Moto Edge 50 Couro Sintético,Couro,Marrom,1,59.9,59.9,21.8,38.1,63.6,0.0,0.0,0.0,0.0,0,0,Orgânico,Pix,,Concluída,5,33,CE,Sobral
MLB2026-001939,2026-05-31,CAP-ME50-COU,Capa Moto Edge 50 Couro Sintético,Couro,Marrom,1,59.9,59.9,29.46,30.44,50.8,0.0,0.0,0.0,0.0,0,0,Orgânico,Pix,,Concluída,5,32,SP,Guarulhos
MLB2026-001940,2026-05-31,CAP-RN14-AGU,Capa Redmi Note 14 À Prova d'Água,À Prova d'Água,Azul,1,54.9,54.9,24.25,30.65,55.8,0.0,0.0,0.0,0.0,0,0,Orgânico,Cartão de crédito,,Concluída,12,56,SP,Guarulhos
MLB2026-001941,2026-05-31,CAP-R12-CRI,Capa realme 12 Cristal Transparente,Cristal,Transparente,1,24.9,24.9,9.62,1.35,5.4,19.9,13.93,0.0,0.0,0,0,Orgânico,Pix,,Concluída,23,0,MG,Uberlândia
MLB2026-001942,2026-05-31,CAP-R12-CRI,Capa realme 12 Cristal Transparente,Cristal,Transparente,1,24.9,24.9,10.37,14.53,58.4,0.0,0.0,0.0,0.0,0,0,Orgânico,Cartão de crédito,,Concluída,23,0,MG,Juiz de Fora
MLB2026-001943,2026-05-31,CAP-MG84-SUP,Capa Moto G84 com Suporte,Com Suporte,Preto,2,29.9,59.8,27.78,19.95,33.4,12.9,9.03,0.0,3.04,2451,29,Anúncios,Pix,,Concluída,10,150,RS,Caxias do Sul
MLB2026-001944,2026-05-31,CAP-GS24-COU,Capa Galaxy S24 Couro Premium,Couro,Preto,1,64.9,64.9,26.8,38.1,58.7,0.0,0.0,0.0,0.0,0,0,Orgânico,Boleto,,Enviada,22,153,SP,Campinas
MLB2026-001945,2026-05-31,CAP-IP15-AGU,Capa iPhone 15 À Prova d'Água,À Prova d'Água,Preto,2,57.9,115.8,56.5,55.72,48.1,0.0,0.0,1.22,2.36,582,13,Anúncios,Pix,,Concluída,21,85,GO,Goiânia
MLB2026-001946,2026-06-01,CAP-IP15-SIL,Capa de Celular iPhone 15 Silicone Fosca,Silicone,Preto,1,24.9,24.9,11.49,13.41,53.9,0.0,0.0,0.0,0.0,0,0,Orgânico,Pix,,Concluída,10,3,SP,São Bernardo do Campo
MLB2026-001947,2026-06-01,CAP-IP15-SIL,Capa de Celular iPhone 15 Silicone Fosca,Silicone,Preto,1,24.9,24.9,11.31,13.59,54.6,0.0,0.0,0.0,0.0,0,0,Orgânico,Pix,,Concluída,10,2,MG,Uberlândia
MLB2026-001948,2026-06-01,CAP-IP13-SIL,Capa iPhone 13 Silicone Colorida,Silicone,Rosa,1,21.9,21.9,10.37,-2.4,-11.0,19.9,13.93,0.0,0.0,0,0,Orgânico,Cartão de débito,,Concluída,15,180,SP,Osasco
MLB2026-001949,2026-06-01,CAP-IP13-SIL,Capa iPhone 13 Silicone Colorida,Silicone,Rosa,2,21.9,43.8,16.58,14.01,32.0,12.9,9.03,4.18,0.0,0,0,Orgânico,Boleto,,Concluída,15,178,MG,Belo Horizonte
MLB2026-001950,2026-06-01,CAP-IP13-SIL,Capa iPhone 13 Silicone Colorida,Silicone,Rosa,1,21.9,21.9,9.8,12.1,55.3,0.0,0.0,0.0,0.0,0,0,Orgânico,Boleto,,Concluída,15,177,SC,Blumenau
MLB2026-001951,2026-06-01,CAP-IP12-TPU,Capa iPhone 12 TPU Transparente,TPU,Transparente,1,16.9,16.9,7.45,-4.48,-26.5,19.9,13.93,0.0,0.0,0,0,Orgânico,Pix,,Concluída,18,0,SP,Campinas
MLB2026-001952,2026-06-01,CAP-IP11-SIL,Capinha iPhone 11 Silicone Antichoque,Silicone,Preto,1,15.9,15.9,7.57,4.47,28.1,0.0,0.0,0.0,3.86,2000,22,Anúncios,Cartão de crédito,12,Concluída,26,0,SP,Campinas
MLB2026-001953,2026-06-01,CAP-GA54-TPU,Capa Galaxy A54 TPU Antirrisco,TPU,Cinza,1,15.9,15.9,7.0,8.9,56.0,0.0,0.0,0.0,0.0,0,0,Orgânico,Pix,,Concluída,138,127,RS,Porto Alegre
MLB2026-001954,2026-06-01,CAP-GA54-TPU,Capa Galaxy A54 TPU Antirrisco,TPU,Cinza,1,15.9,15.9,7.25,4.08,25.7,0.0,0.0,4.57,0.0,0,0,Orgânico,Pix,,Concluída,138,126,PR,Maringá
MLB2026-001955,2026-06-01,CAP-GA54-TPU,Capa Galaxy A54 TPU Antirrisco,TPU,Cinza,3,15.9,47.7,21.9,11.9,24.9,12.9,9.03,4.87,0.0,0,0,Orgânico,Cartão de débito,,Concluída,138,123,SP,São Paulo
MLB2026-001956,2026-06-01,CAP-GA56-MAG,Capa Galaxy A56 com MagSafe,MagSafe,Roxo,1,47.9,47.9,18.16,29.74,62.1,0.0,0.0,0.0,0.0,0,0,Orgânico,Pix,,Concluída,15,49,BA,Salvador
MLB2026-001957,2026-06-01,CAP-GS24-SIL,Capa Galaxy S24 Silicone com Anel,Silicone,Azul,1,29.9,29.9,11.71,18.19,60.8,0.0,0.0,0.0,0.0,0,0,Orgânico,Cartão de crédito,9,Concluída,34,102,ES,Serra
MLB2026-001958,2026-06-01,CAP-GS24-SIL,Capa Galaxy S24 Silicone com Anel,Silicone,Azul,1,29.9,29.9,12.82,17.08,57.1,0.0,0.0,0.0,0.0,0,0,Orgânico,Boleto,,Concluída,34,101,RJ,Niterói
MLB2026-001959,2026-06-01,CAP-GS23-TPU,Capa Galaxy S23 TPU Camuflada,TPU,Camuflado,1,19.9,19.9,8.28,11.62,58.4,0.0,0.0,0.0,0.0,0,0,Orgânico,Cartão de crédito,,Concluída,7,175,RJ,Campos dos Goytacazes
MLB2026-001960,2026-06-01,CAP-GS23-TPU,Capa Galaxy S23 TPU Camuflada,TPU,Camuflado,1,19.9,19.9,9.23,-5.42,-27.2,19.9,13.93,0.0,2.16,2807,11,Anúncios,Boleto,,Concluída,7,174,SP,Guarulhos
MLB2026-001961,2026-06-01,CAP-RN14-SIL,Capa Redmi Note 14 Silicone,Silicone,Preto,1,18.9,18.9,8.96,-3.99,-21.1,19.9,13.93,0.0,0.0,0,0,Orgânico,Pix,,Concluída,22,77,BA,Vitória da Conquista
MLB2026-001962,2026-06-01,CAP-R12-SIL,Capa realme 12 Silicone Fosca,Silicone,Branco,1,20.9,20.9,9.16,11.74,56.2,0.0,0.0,0.0,0.0,0,0,Orgânico,Boleto,,Concluída,16,119,SP,São Paulo
MLB2026-001963,2026-06-01,CAP-R12-SIL,Capa realme 12 Silicone Fosca,Silicone,Branco,1,20.9,20.9,9.28,8.73,41.8,0.0,0.0,0.0,2.89,1766,35,Anúncios,Cartão de débito,,Concluída,16,118,PE,Caruaru
MLB2026-001964,2026-06-01,CAP-MG84-TPU,Capa Moto G84 TPU Transparente,TPU,Transparente,1,15.9,15.9,7.69,8.21,51.6,0.0,0.0,0.0,0.0,0,0,Orgânico,Cartão de crédito,,Concluída,33,116,SP,Guarulhos
MLB2026-001965,2026-06-01,CAP-MG85-SIL,Capa Moto G85 Silicone Azul,Silicone,Azul,1,19.9,19.9,9.29,-2.36,-11.9,12.9,9.03,0.0,3.94,2152,23,Anúncios,Cartão de crédito,,Concluída,21,161,RS,Caxias do Sul
MLB2026-001966,2026-06-01,CAP-ME50-COU,Capa Moto Edge 50 Couro Sintético,Couro,Marrom,1,59.9,59.9,27.7,32.2,53.8,0.0,0.0,0.0,0.0,0,0,Orgânico,Cartão de crédito,,Concluída,16,31,RS,Canoas
MLB2026-001967,2026-06-01,CAP-RN14-AGU,Capa Redmi Note 14 À Prova d'Água,À Prova d'Água,Azul,1,54.9,54.9,26.73,28.09,51.2,0.0,0.0,0.08,0.0,0,0,Orgânico,Pix,,Concluída,3,55,BA,Vitória da Conquista
MLB2026-001968,2026-06-01,CAP-RN14-AGU,Capa Redmi Note 14 À Prova d'Água,À Prova d'Água,Azul,2,54.9,109.8,46.12,59.88,54.5,0.0,0.0,0.0,3.8,1759,30,Anúncios,Pix,,Concluída,3,53,MG,Contagem
MLB2026-001969,2026-06-01,CAP-MG84-SUP,Capa Moto G84 com Suporte,Com Suporte,Preto,1,29.9,29.9,14.33,15.57,52.1,0.0,0.0,0.0,0.0,0,0,Orgânico,Cartão de crédito,9,Pendente,17,149,SC,Blumenau
MLB2026-001970,2026-06-01,CAP-IP16-PLU,Capa iPhone 16 Pelúcia Colorida,Pelúcia,Verde,1,41.9,41.9,19.1,12.44,29.7,12.9,9.03,0.0,1.33,1424,36,Anúncios,Pix,,Concluída,34,51,BA,Salvador
MLB2026-001971,2026-06-01,CAP-GA56-CRI,Capa Galaxy A56 Cristal Espelhada,Cristal,Prata,1,34.9,34.9,16.38,4.59,13.2,19.9,13.93,0.0,0.0,0,0,Orgânico,Pix,,Concluída,14,72,RS,Caxias do Sul
MLB2026-001972,2026-06-01,CAP-RN14-PLU,Capa Redmi Note 14 Pelúcia,Pelúcia,Rosa,2,32.9,65.8,25.5,26.37,40.1,19.9,13.93,0.0,0.0,0,0,Orgânico,Pix,,Concluída,20,5,SP,São Bernardo do Campo
MLB2026-001973,2026-06-01,CAP-RN14-PLU,Capa Redmi Note 14 Pelúcia,Pelúcia,Rosa,1,32.9,32.9,12.89,10.98,33.4,12.9,9.03,0.0,0.0,0,0,Orgânico,Pix,,Enviada,20,4,RJ,Campos dos Goytacazes
MLB2026-001974,2026-06-01,CAP-GS24-COU,Capa Galaxy S24 Couro Premium,Couro,Preto,3,64.9,194.7,76.92,117.78,60.5,0.0,0.0,0.0,0.0,0,0,Orgânico,Pix,,Enviada,27,150,SP,Campinas
MLB2026-001975,2026-06-02,CAP-IP15-CRI,Capa iPhone 15 Acrílico Cristal Transparente,Cristal,Transparente,1,29.9,29.9,13.13,1.01,3.4,19.9,13.93,0.0,1.83,1502,13,Anúncios,Cartão de crédito,9,Concluída,23,0,SP,Osasco
MLB2026-001976,2026-06-02,CAP-IP16-MAG,Capa iPhone 16 Silicone com MagSafe,MagSafe,Azul,1,49.9,49.9,17.62,31.38,62.9,0.0,0.0,0.0,0.9,2055,52,Anúncios,Pix,,Concluída,74,106,MA,São Luís
MLB2026-001977,2026-06-02,CAP-IP16-MAG,Capa iPhone 16 Silicone com MagSafe,MagSafe,Azul,1,49.9,49.9,18.48,28.74,57.6,0.0,0.0,1.21,1.47,571,12,Anúncios,Cartão de crédito,9,Concluída,74,105,RJ,Niterói
MLB2026-001978,2026-06-02,CAP-IP13-SIL,Capa iPhone 13 Silicone Colorida,Silicone,Rosa,1,21.9,21.9,9.93,-1.96,-8.9,19.9,13.93,0.0,0.0,0,0,Orgânico,Pix,,Concluída,16,176,SP,São Bernardo do Campo
MLB2026-001979,2026-06-02,CAP-IP13-SIL,Capa iPhone 13 Silicone Colorida,Silicone,Rosa,2,21.9,43.8,16.78,27.02,61.7,0.0,0.0,0.0,0.0,0,0,Orgânico,Pix,,Concluída,16,174,PR,Cascavel
MLB2026-001980,2026-06-02,CAP-IP12-TPU,Capa iPhone 12 TPU Transparente,TPU,Transparente,1,16.9,16.9,6.53,-3.56,-21.1,19.9,13.93,0.0,0.0,0,0,Orgânico,Pix,,Concluída,35,0,PE,Olinda
MLB2026-001981,2026-06-02,CAP-GA55-SIL,Capa Galaxy A55 Silicone Fosca,Silicone,Verde,1,22.9,22.9,8.54,7.59,33.1,0.0,0.0,3.38,3.39,3171,30,Anúncios,Cartão de crédito,12,Concluída,62,59,PA,Belém
MLB2026-001982,2026-06-02,CAP-GA56-MAG,Capa Galaxy A56 com MagSafe,MagSafe,Roxo,1,47.9,47.9,17.91,29.99,62.6,0.0,0.0,0.0,0.0,0,0,Orgânico,Boleto,,Concluída,14,48,SP,São Paulo
MLB2026-001983,2026-06-02,CAP-GS23-TPU,Capa Galaxy S23 TPU Camuflada,TPU,Camuflado,3,19.9,59.7,29.64,27.31,45.7,0.0,0.0,0.0,2.75,1267,28,Anúncios,Pix,,Concluída,21,171,PR,Londrina
MLB2026-001984,2026-06-02,CAP-RN14-SIL,Capa Redmi Note 14 Silicone,Silicone,Preto,1,18.9,18.9,9.36,7.76,41.1,0.0,0.0,0.0,1.78,2039,42,Anúncios,Pix,,Concluída,68,76,SP,Osasco
MLB2026-001985,2026-06-02,CAP-RN13-SUP,Capa Redmi Note 13 com Suporte,Com Suporte,Preto,1,32.9,32.9,12.3,6.67,20.3,19.9,13.93,0.0,0.0,0,0,Orgânico,Pix,,Concluída,24,151,DF,Taguatinga
MLB2026-001986,2026-06-02,CAP-RN13-SUP,Capa Redmi Note 13 com Suporte,Com Suporte,Preto,1,32.9,32.9,15.06,14.6,44.4,0.0,0.0,0.0,3.24,332,7,Anúncios,Pix,,Concluída,24,150,CE,Juazeiro do Norte
MLB2026-001987,2026-06-02,CAP-R12-SIL,Capa realme 12 Silicone Fosca,Silicone,Branco,1,20.9,20.9,9.08,0.37,1.8,12.9,9.03,0.0,2.42,2665,65,Anúncios,Boleto,,Concluída,62,117,PR,Londrina
MLB2026-001988,2026-06-02,CAP-IP15-PLU,Capa iPhone 15 Pelúcia Colorida,Pelúcia,Rosa,1,39.9,39.9,17.39,22.51,56.4,0.0,0.0,0.0,0.0,0,0,Orgânico,Cartão de crédito,,Concluída,3,112,RJ,Duque de Caxias
MLB2026-001989,2026-06-02,CAP-IP16-CRI,Capa iPhone 16 Cristal Espelhada,Cristal,Prata,1,37.9,37.9,14.82,9.15,24.1,19.9,13.93,0.0,0.0,0,0,Orgânico,Cartão de crédito,,Concluída,57,117,RS,Caxias do Sul
MLB2026-001990,2026-06-02,CAP-IP12-PLU,Capinha iPhone 12 Pelúcia,Pelúcia,Amarelo,2,33.9,67.8,23.84,40.37,59.5,0.0,0.0,0.0,3.59,3127,70,Anúncios,Pix,,Concluída,6,217,DF,Taguatinga
MLB2026-001991,2026-06-02,CAP-IP12-PLU,Capinha iPhone 12 Pelúcia,Pelúcia,Amarelo,1,33.9,33.9,16.71,16.27,48.0,0.0,0.0,0.0,0.92,1928,11,Anúncios,Pix,,Concluída,6,216,RS,Pelotas
MLB2026-001992,2026-06-02,CAP-MG84-SUP,Capa Moto G84 com Suporte,Com Suporte,Preto,1,29.9,29.9,12.47,2.43,8.1,19.9,13.93,0.0,1.07,1855,50,Anúncios,Cartão de crédito,,Concluída,6,148,MG,Juiz de Fora
MLB2026-001993,2026-06-02,CAP-IP16-PLU,Capa iPhone 16 Pelúcia Colorida,Pelúcia,Verde,1,41.9,41.9,19.96,11.77,28.1,12.9,9.03,0.0,1.14,3445,102,Anúncios,Boleto,,Concluída,16,50,SP,Osasco
MLB2026-001994,2026-06-02,CAP-IP16-PLU,Capa iPhone 16 Pelúcia Colorida,Pelúcia,Verde,1,41.9,41.9,19.75,9.1,21.7,12.9,9.03,0.0,4.02,1197,28,Anúncios,Pix,,Concluída,16,49,DF,Ceilândia
MLB2026-001995,2026-06-02,CAP-MG85-TPU,Capa Moto G85 TPU Cinza,TPU,Cinza,1,16.9,16.9,5.96,-2.99,-17.7,19.9,13.93,0.0,0.0,0,0,Orgânico,Cartão de crédito,12,Concluída,31,6,RJ,Duque de Caxias
MLB2026-001996,2026-06-02,CAP-MG85-TPU,Capa Moto G85 TPU Cinza,TPU,Cinza,1,16.9,16.9,6.04,10.86,64.3,0.0,0.0,0.0,0.0,0,0,Orgânico,Pix,,Concluída,31,5,GO,Aparecida de Goiânia
MLB2026-001997,2026-06-02,CAP-R13C-SIL,Capa Redmi 13C Silicone Azul,Silicone,Azul,1,17.9,17.9,8.2,9.7,54.2,0.0,0.0,0.0,0.0,0,0,Orgânico,Boleto,,Concluída,18,3,PE,Olinda
MLB2026-001998,2026-06-03,CAP-IP15-SIL,Capa de Celular iPhone 15 Silicone Fosca,Silicone,Preto,1,24.9,24.9,9.31,6.56,26.3,12.9,9.03,0.0,0.0,0,0,Orgânico,Pix,,Enviada,39,1,DF,Brasília
MLB2026-001999,2026-06-03,CAP-IP15-SIL,Capa de Celular iPhone 15 Silicone Fosca,Silicone,Preto,2,24.9,49.8,20.5,15.37,30.9,19.9,13.93,0.0,0.0,0,0,Orgânico,Pix,,Concluída,39,0,RJ,Campos dos Goytacazes
MLB2026-002000,2026-06-03,CAP-IP15-CRI,Capa iPhone 15 Acrílico Cristal Transparente,Cristal,Transparente,1,29.9,29.9,14.73,6.14,20.5,12.9,9.03,0.0,0.0,0,0,Orgânico,Pix,,Concluída,76,0,BA,Vitória da Conquista
MLB2026-002001,2026-06-03,CAP-IP15-CRI,Capa iPhone 15 Acrílico Cristal Transparente,Cristal,Transparente,1,29.9,29.9,13.22,7.65,25.6,12.9,9.03,0.0,0.0,0,0,Orgânico,Pix,,Concluída,76,0,ES,Vitória
MLB2026-002002,2026-06-03,CAP-IP14-COU,Capa iPhone 14 Couro Sintético Premium,Couro,Marrom,1,44.9,44.9,16.78,24.76,55.1,0.0,0.0,3.36,0.0,0,0,Orgânico,Cartão de crédito,,Concluída,59,65,GO,Anápolis
MLB2026-002003,2026-06-03,CAP-IP13-SIL,Capa iPhone 13 Silicone Colorida,Silicone,Rosa,1,21.9,21.9,8.09,-2.99,-13.7,19.9,13.93,2.87,0.0,0,0,Orgânico,Cartão de crédito,3,Concluída,22,173,RJ,Duque de Caxias
MLB2026-002004,2026-06-03,CAP-GA54-TPU,Capa Galaxy A54 TPU Antirrisco,TPU,Cinza,1,15.9,15.9,5.85,-3.88,-24.4,19.9,13.93,0.0,0.0,0,0,Orgânico,Cartão de crédito,,Concluída,54,122,MG,Juiz de Fora
MLB2026-002005,2026-06-03,CAP-GA54-TPU,Capa Galaxy A54 TPU Antirrisco,TPU,Cinza,1,15.9,15.9,5.75,8.77,55.2,0.0,0.0,0.0,1.38,1882,28,Anúncios,Cartão de crédito,6,Concluída,54,121,PA,Ananindeua
MLB2026-002006,2026-06-03,CAP-GA56-MAG,Capa Galaxy A56 com MagSafe,MagSafe,Roxo,1,47.9,47.9,19.1,28.8,60.1,0.0,0.0,0.0,0.0,0,0,Orgânico,Cartão de crédito,3,Concluída,42,47,CE,Sobral
MLB2026-002007,2026-06-03,CAP-RN14-SIL,Capa Redmi Note 14 Silicone,Silicone,Preto,1,18.9,18.9,8.47,-0.26,-1.4,12.9,9.03,0.0,1.66,1614,14,Anúncios,Cartão de débito,,Concluída,25,75,SP,Guarulhos
MLB2026-002008,2026-06-03,CAP-RN13-TPU,Capa Redmi Note 13 TPU Cristal,TPU,Transparente,1,14.9,14.9,6.72,-7.08,-47.5,19.9,13.93,0.0,1.33,312,2,Anúncios,Cartão de crédito,9,Concluída,64,181,RS,Canoas
MLB2026-002009,2026-06-03,CAP-R12-SIL,Capa realme 12 Silicone Fosca,Silicone,Branco,1,20.9,20.9,7.62,-4.21,-20.1,19.9,13.93,0.05,3.51,1890,52,Anúncios,Pix,,Concluída,53,116,SP,Osasco
MLB2026-002010,2026-06-03,CAP-MG84-TPU,Capa Moto G84 TPU Transparente,TPU,Transparente,1,15.9,15.9,7.76,-0.89,-5.6,12.9,9.03,0.0,0.0,0,0,Orgânico,Pix,,Concluída,45,115,SP,Guarulhos
MLB2026-002011,2026-06-03,CAP-MG84-TPU,Capa Moto G84 TPU Transparente,TPU,Transparente,1,15.9,15.9,7.51,-2.66,-16.7,12.9,9.03,0.0,2.02,1674,7,Anúncios,Pix,,Concluída,45,114,SP,Osasco
MLB2026-002012,2026-06-03,CAP-RN14-AGU,Capa Redmi Note 14 À Prova d'Água,À Prova d'Água,Azul,1,54.9,54.9,25.3,29.6,53.9,0.0,0.0,0.0,0.0,0,0,Orgânico,Cartão de crédito,,Concluída,5,52,BA,Salvador
MLB2026-002013,2026-06-03,CAP-IP16-CRI,Capa iPhone 16 Cristal Espelhada,Cristal,Prata,1,37.9,37.9,15.68,22.22,58.6,0.0,0.0,0.0,0.0,0,0,Orgânico,Pix,,Concluída,11,116,MG,Uberlândia
MLB2026-002014,2026-06-03,CAP-MG84-SUP,Capa Moto G84 com Suporte,Com Suporte,Preto,1,29.9,29.9,14.16,15.74,52.6,0.0,0.0,0.0,0.0,0,0,Orgânico,Pix,,Concluída,4,147,BA,Salvador
MLB2026-002015,2026-06-03,CAP-R12-SUP,Capa realme 12 com Suporte,Com Suporte,Cinza,1,33.9,33.9,12.28,21.62,63.8,0.0,0.0,0.0,0.0,0,0,Orgânico,Cartão de crédito,,Concluída,4,193,PE,Recife
MLB2026-002016,2026-06-04,CAP-IP15-SIL,Capa de Celular iPhone 15 Silicone Fosca,Silicone,Preto,1,24.9,24.9,11.69,-0.72,-2.9,19.9,13.93,0.0,0.0,0,0,Orgânico,Boleto,,Concluída,10,0,ES,Serra
MLB2026-002017,2026-06-04,CAP-IP15-CRI,Capa iPhone 15 Acrílico Cristal Transparente,Cristal,Transparente,1,29.9,29.9,11.04,9.83,32.9,12.9,9.03,0.0,0.0,0,0,Orgânico,Cartão de crédito,9,Concluída,53,0,SC,Chapecó
MLB2026-002018,2026-06-04,CAP-IP15-CRI,Capa iPhone 15 Acrílico Cristal Transparente,Cristal,Transparente,1,29.9,29.9,11.12,7.6,25.4,12.9,9.03,0.0,2.15,2245,66,Anúncios,Pix,,Pendente,53,0,MG,Contagem
MLB2026-002019,2026-06-04,CAP-IP16-MAG,Capa iPhone 16 Silicone com MagSafe,MagSafe,Azul,1,49.9,49.9,17.97,29.38,58.9,0.0,0.0,0.0,2.55,2322,36,Anúncios,Pix,,Concluída,75,104,AM,Manaus
MLB2026-002020,2026-06-04,CAP-IP16-MAG,Capa iPhone 16 Silicone com MagSafe,MagSafe,Azul,1,49.9,49.9,24.48,25.42,50.9,0.0,0.0,0.0,0.0,0,0,Orgânico,Pix,,Concluída,75,103,PR,Cascavel
MLB2026-002021,2026-06-04,CAP-IP11-SIL,Capinha iPhone 11 Silicone Antichoque,Silicone,Preto,1,15.9,15.9,5.76,10.14,63.8,0.0,0.0,0.0,0.0,0,0,Orgânico,Cartão de crédito,6,Concluída,62,0,SP,Guarulhos
MLB2026-002022,2026-06-04,CAP-GA55-SIL,Capa Galaxy A55 Silicone Fosca,Silicone,Verde,1,22.9,22.9,8.38,14.52,63.4,0.0,0.0,0.0,0.0,0,0,Orgânico,Pix,,Concluída,70,58,RS,Caxias do Sul
MLB2026-002023,2026-06-04,CAP-GA55-CRI,Capa Galaxy A55 Cristal Ultra Fino,Cristal,Transparente,1,26.9,26.9,12.88,14.02,52.1,0.0,0.0,0.0,0.0,0,0,Orgânico,Boleto,,Concluída,14,66,SP,Campinas
MLB2026-002024,2026-06-04,CAP-GA54-TPU,Capa Galaxy A54 TPU Antirrisco,TPU,Cinza,1,15.9,15.9,7.42,-14.03,-88.2,19.9,13.93,4.24,4.34,3239,58,Anúncios,Pix,,Devolvida,46,120,RJ,Niterói
MLB2026-002025,2026-06-04,CAP-GS24-SIL,Capa Galaxy S24 Silicone com Anel,Silicone,Azul,1,29.9,29.9,12.76,17.14,57.3,0.0,0.0,0.0,0.0,0,0,Orgânico,Pix,,Concluída,36,100,PR,Curitiba
MLB2026-002026,2026-06-04,CAP-MG84-TPU,Capa Moto G84 TPU Transparente,TPU,Transparente,1,15.9,15.9,6.25,5.45,34.3,0.0,0.0,0.0,4.2,2631,62,Anúncios,Pix,,Concluída,63,113,SP,Guarulhos
MLB2026-002027,2026-06-04,CAP-GA55-SUP,Capa Galaxy A55 com Suporte e Anel,Com Suporte,Preto,1,35.9,35.9,14.75,12.12,33.8,12.9,9.03,0.0,0.0,0,0,Orgânico,Cartão de crédito,,Concluída,24,30,SP,Osasco
MLB2026-002028,2026-06-04,CAP-GA55-SUP,Capa Galaxy A55 com Suporte e Anel,Com Suporte,Preto,1,35.9,35.9,17.95,8.76,24.4,12.9,9.03,0.16,0.0,0,0,Orgânico,Cartão de débito,,Concluída,24,29,SC,Chapecó
MLB2026-002029,2026-06-04,CAP-GA55-SUP,Capa Galaxy A55 com Suporte e Anel,Com Suporte,Preto,1,35.9,35.9,15.8,18.18,50.6,0.0,0.0,0.0,1.92,670,9,Anúncios,Cartão de crédito,,Concluída,24,28,RJ,Rio de Janeiro
MLB2026-002030,2026-06-04,CAP-RN14-AGU,Capa Redmi Note 14 À Prova d'Água,À Prova d'Água,Azul,1,54.9,54.9,25.69,25.04,45.6,0.0,0.0,4.17,0.0,0,0,Orgânico,Pix,,Concluída,2,51,PR,Curitiba
MLB2026-002031,2026-06-04,CAP-RN14-AGU,Capa Redmi Note 14 À Prova d'Água,À Prova d'Água,Azul,1,54.9,54.9,19.57,32.33,58.9,0.0,0.0,0.0,3.0,3466,47,Anúncios,Boleto,,Concluída,2,50,BA,Salvador
MLB2026-002032,2026-06-04,CAP-IP16-CRI,Capa iPhone 16 Cristal Espelhada,Cristal,Prata,2,37.9,75.8,37.6,24.27,32.0,19.9,13.93,0.0,0.0,0,0,Orgânico,Pix,,Concluída,55,114,SP,Guarulhos
MLB2026-002033,2026-06-04,CAP-IP16-CRI,Capa iPhone 16 Cristal Espelhada,Cristal,Prata,2,37.9,75.8,35.34,39.59,52.2,0.0,0.0,0.0,0.87,949,25,Anúncios,Cartão de crédito,3,Concluída,55,112,ES,Vitória
MLB2026-002034,2026-06-04,CAP-IP16-CRI,Capa iPhone 16 Cristal Espelhada,Cristal,Prata,1,37.9,37.9,18.88,5.09,13.4,19.9,13.93,0.0,0.0,0,0,Orgânico,Pix,,Concluída,55,111,SP,Guarulhos
MLB2026-002035,2026-06-04,CAP-RN14-PLU,Capa Redmi Note 14 Pelúcia,Pelúcia,Rosa,1,32.9,32.9,16.44,2.53,7.7,19.9,13.93,0.0,0.0,0,0,Orgânico,Pix,,Concluída,25,3,RJ,Niterói
MLB2026-002036,2026-06-04,CAP-GS24-COU,Capa Galaxy S24 Couro Premium,Couro,Preto,1,64.9,64.9,27.19,33.61,51.8,0.0,0.0,0.0,4.1,1097,16,Anúncios,Boleto,,Concluída,98,149,SP,São Bernardo do Campo
MLB2026-002037,2026-06-04,CAP-IP13-MAG,Capa iPhone 13 Silicone MagSafe,MagSafe,Branco,1,44.9,44.9,17.86,25.98,57.9,0.0,0.0,0.0,1.06,3334,59,Anúncios,Cartão de débito,,Concluída,26,0,MG,Juiz de Fora
MLB2026-002038,2026-06-04,CAP-IP13-MAG,Capa iPhone 13 Silicone MagSafe,MagSafe,Branco,1,44.9,44.9,17.54,24.09,53.7,0.0,0.0,0.0,3.27,1708,46,Anúncios,Pix,,Concluída,26,0,RJ,Niterói
MLB2026-002039,2026-06-04,CAP-R13C-SIL,Capa Redmi 13C Silicone Azul,Silicone,Azul,1,17.9,17.9,6.93,-7.32,-40.9,19.9,13.93,0.0,4.36,3064,57,Anúncios,Pix,,Concluída,42,2,MG,Juiz de Fora
MLB2026-002040,2026-06-05,CAP-IP15-CRI,Capa iPhone 15 Acrílico Cristal Transparente,Cristal,Transparente,1,29.9,29.9,13.67,7.2,24.1,12.9,9.03,0.0,0.0,0,0,Orgânico,Pix,,Concluída,51,0,SP,Guarulhos
MLB2026-002041,2026-06-05,CAP-IP14-COU,Capa iPhone 14 Couro Sintético Premium,Couro,Marrom,1,44.9,44.9,16.94,27.96,62.3,0.0,0.0,0.0,0.0,0,0,Orgânico,Cartão de crédito,6,Concluída,41,64,BA,Salvador
MLB2026-002042,2026-06-05,CAP-IP14-COU,Capa iPhone 14 Couro Sintético Premium,Couro,Marrom,1,44.9,44.9,17.72,27.18,60.5,0.0,0.0,0.0,0.0,0,0,Orgânico,Pix,,Concluída,41,63,SP,Guarulhos
MLB2026-002043,2026-06-05,CAP-IP14-COU,Capa iPhone 14 Couro Sintético Premium,Couro,Marrom,1,44.9,44.9,20.2,24.7,55.0,0.0,0.0,0.0,0.0,0,0,Orgânico,Pix,,Enviada,41,62,SP,Campinas
MLB2026-002044,2026-06-05,CAP-IP11-SIL,Capinha iPhone 11 Silicone Antichoque,Silicone,Preto,1,15.9,15.9,6.67,9.23,58.1,0.0,0.0,0.0,0.0,0,0,Orgânico,Pix,,Enviada,33,0,RJ,Duque de Caxias
MLB2026-002045,2026-06-05,CAP-GA55-SIL,Capa Galaxy A55 Silicone Fosca,Silicone,Verde,1,22.9,22.9,10.16,-0.05,-0.2,12.9,9.03,0.0,3.76,732,17,Anúncios,Cartão de crédito,,Concluída,71,57,BA,Vitória da Conquista
MLB2026-002046,2026-06-05,CAP-GA55-SIL,Capa Galaxy A55 Silicone Fosca,Silicone,Verde,1,22.9,22.9,9.83,4.04,17.6,12.9,9.03,0.0,0.0,0,0,Orgânico,Pix,,Concluída,71,56,GO,Anápolis
MLB2026-002047,2026-06-05,CAP-GA56-MAG,Capa Galaxy A56 com MagSafe,MagSafe,Roxo,1,47.9,47.9,16.86,27.02,56.4,0.0,0.0,0.0,4.02,3368,86,Anúncios,Cartão de crédito,,Concluída,48,46,SC,Joinville
MLB2026-002048,2026-06-05,CAP-GS25-COU,Capa Galaxy S25 Ultra Couro Premium,Couro,Marrom,1,69.9,69.9,29.81,36.01,51.5,0.0,0.0,0.0,4.08,1745,24,Anúncios,Pix,,Concluída,34,136,ES,Serra
MLB2026-002049,2026-06-05,CAP-GS25-COU,Capa Galaxy S25 Ultra Couro Premium,Couro,Marrom,1,69.9,69.9,29.43,38.11,54.5,0.0,0.0,0.0,2.36,2974,82,Anúncios,Boleto,,Concluída,34,135,PR,Maringá
MLB2026-002050,2026-06-05,CAP-GS23-TPU,Capa Galaxy S23 TPU Camuflada,TPU,Camuflado,1,19.9,19.9,8.36,7.97,40.1,0.0,0.0,3.57,0.0,0,0,Orgânico,Pix,,Cancelada,38,170,SC,Blumenau
MLB2026-002051,2026-06-05,CAP-RN13-TPU,Capa Redmi Note 13 TPU Cristal,TPU,Transparente,3,14.9,44.7,19.26,16.41,36.7,12.9,9.03,0.0,0.0,0,0,Orgânico,Cartão de crédito,,Concluída,50,178,RJ,Campos dos Goytacazes
MLB2026-002052,2026-06-05,CAP-R11-PLU,Capa realme 11 Pelúcia Fofinha,Pelúcia,Rosa,1,34.9,34.9,17.21,17.69,50.7,0.0,0.0,0.0,0.0,0,0,Orgânico,Pix,,Concluída,18,57,CE,Juazeiro do Norte
MLB2026-002053,2026-06-05,CAP-MG84-TPU,Capa Moto G84 TPU Transparente,TPU,Transparente,2,15.9,31.8,12.72,19.08,60.0,0.0,0.0,0.0,0.0,0,0,Orgânico,Pix,,Concluída,9,111,PR,Curitiba
MLB2026-002054,2026-06-05,CAP-MG85-SIL,Capa Moto G85 Silicone Azul,Silicone,Azul,1,19.9,19.9,7.16,-5.07,-25.5,19.9,13.93,0.0,3.88,1684,35,Anúncios,Pix,,Concluída,59,160,SP,Campinas
MLB2026-002055,2026-06-05,CAP-GA56-CRI,Capa Galaxy A56 Cristal Espelhada,Cristal,Prata,1,34.9,34.9,14.99,8.41,24.1,12.9,9.03,0.0,2.47,636,15,Anúncios,Cartão de crédito,,Concluída,39,71,SP,Guarulhos
MLB2026-002056,2026-06-06,CAP-IP15-CRI,Capa iPhone 15 Acrílico Cristal Transparente,Cristal,Transparente,1,29.9,29.9,13.88,16.02,53.6,0.0,0.0,0.0,0.0,0,0,Orgânico,Cartão de crédito,9,Concluída,68,0,PE,Olinda
MLB2026-002057,2026-06-06,CAP-IP15-CRI,Capa iPhone 15 Acrílico Cristal Transparente,Cristal,Transparente,1,29.9,29.9,14.36,5.05,16.9,12.9,9.03,0.0,1.46,1586,12,Anúncios,Pix,,Concluída,68,0,CE,Juazeiro do Norte
MLB2026-002058,2026-06-06,CAP-IP15-CRI,Capa iPhone 15 Acrílico Cristal Transparente,Cristal,Transparente,1,29.9,29.9,14.31,1.66,5.6,19.9,13.93,0.0,0.0,0,0,Orgânico,Cartão de crédito,,Concluída,68,0,SC,Chapecó
MLB2026-002059,2026-06-06,CAP-IP13-SIL,Capa iPhone 13 Silicone Colorida,Silicone,Rosa,1,21.9,21.9,9.64,9.96,45.5,0.0,0.0,0.0,2.3,348,4,Anúncios,Cartão de crédito,9,Concluída,62,172,DF,Ceilândia
MLB2026-002060,2026-06-06,CAP-GA55-SIL,Capa Galaxy A55 Silicone Fosca,Silicone,Verde,1,22.9,22.9,8.32,0.65,2.8,19.9,13.93,0.0,0.0,0,0,Orgânico,Cartão de débito,,Concluída,54,55,DF,Ceilândia
MLB2026-002061,2026-06-06,CAP-GA56-MAG,Capa Galaxy A56 com MagSafe,MagSafe,Roxo,2,47.9,95.8,36.82,58.98,61.6,0.0,0.0,0.0,0.0,0,0,Orgânico,Pix,,Concluída,55,44,MG,Contagem
MLB2026-002062,2026-06-06,CAP-RN13-TPU,Capa Redmi Note 13 TPU Cristal,TPU,Transparente,2,14.9,29.8,11.4,4.47,15.0,19.9,13.93,0.0,0.0,0,0,Orgânico,Pix,,Concluída,65,176,BA,Salvador
MLB2026-002063,2026-06-06,CAP-RN13-TPU,Capa Redmi Note 13 TPU Cristal,TPU,Transparente,1,14.9,14.9,5.4,9.5,63.8,0.0,0.0,0.0,0.0,0,0,Orgânico,Pix,,Concluída,65,175,PE,Caruaru
MLB2026-002064,2026-06-06,CAP-R12-SIL,Capa realme 12 Silicone Fosca,Silicone,Branco,1,20.9,20.9,10.13,1.74,8.3,12.9,9.03,0.0,0.0,0,0,Orgânico,Cartão de crédito,,Concluída,60,115,SC,Florianópolis
MLB2026-002065,2026-06-06,CAP-ME50-COU,Capa Moto Edge 50 Couro Sintético,Couro,Marrom,1,59.9,59.9,29.18,28.52,47.6,0.0,0.0,2.2,0.0,0,0,Orgânico,Pix,,Concluída,25,30,SP,Campinas
MLB2026-002066,2026-06-06,CAP-GS25-SIL,Capa Galaxy S25 Ultra Silicone MagSafe,MagSafe,Preto,1,54.9,54.9,25.07,27.14,49.4,0.0,0.0,0.0,2.69,2292,62,Anúncios,Pix,,Concluída,37,0,PR,Londrina
MLB2026-002067,2026-06-06,CAP-IP16-PLU,Capa iPhone 16 Pelúcia Colorida,Pelúcia,Verde,1,41.9,41.9,19.73,20.47,48.9,0.0,0.0,0.0,1.7,2936,71,Anúncios,Pix,,Pendente,25,48,SC,Joinville
MLB2026-002068,2026-06-06,CAP-GA56-CRI,Capa Galaxy A56 Cristal Espelhada,Cristal,Prata,1,34.9,34.9,13.86,5.31,15.2,19.9,13.93,0.0,1.8,518,5,Anúncios,Cartão de crédito,9,Concluída,28,70,SP,Campinas
MLB2026-002069,2026-06-06,CAP-GA54-SIL,Capa Galaxy A54 Silicone Vermelho,Silicone,Vermelho,1,18.9,18.9,8.63,-0.15,-0.8,12.9,9.03,0.0,1.39,611,4,Anúncios,Pix,,Concluída,31,156,BA,Salvador
MLB2026-002070,2026-06-07,CAP-IP15-SIL,Capa de Celular iPhone 15 Silicone Fosca,Silicone,Preto,1,24.9,24.9,12.07,-1.1,-4.4,19.9,13.93,0.0,0.0,0,0,Orgânico,Pix,,Concluída,119,0,SP,São Bernardo do Campo
MLB2026-002071,2026-06-07,CAP-IP15-CRI,Capa iPhone 15 Acrílico Cristal Transparente,Cristal,Transparente,1,29.9,29.9,14.67,14.18,47.4,0.0,0.0,0.0,1.05,563,9,Anúncios,Cartão de crédito,6,Concluída,43,0,RJ,Niterói
MLB2026-002072,2026-06-07,CAP-IP15-CRI,Capa iPhone 15 Acrílico Cristal Transparente,Cristal,Transparente,1,29.9,29.9,13.69,16.21,54.2,0.0,0.0,0.0,0.0,0,0,Orgânico,Cartão de crédito,,Concluída,43,0,SP,São Bernardo do Campo
MLB2026-002073,2026-06-07,CAP-IP15-CRI,Capa iPhone 15 Acrílico Cristal Transparente,Cristal,Transparente,1,29.9,29.9,14.61,15.29,51.1,0.0,0.0,0.0,0.0,0,0,Orgânico,Pix,,Concluída,43,0,DF,Brasília
MLB2026-002074,2026-06-07,CAP-IP13-SIL,Capa iPhone 13 Silicone Colorida,Silicone,Rosa,1,21.9,21.9,10.68,-4.66,-21.3,19.9,13.93,1.95,0.0,0,0,Orgânico,Boleto,,Concluída,40,171,CE,Fortaleza
MLB2026-002075,2026-06-07,CAP-IP13-SIL,Capa iPhone 13 Silicone Colorida,Silicone,Rosa,1,21.9,21.9,10.89,11.01,50.3,0.0,0.0,0.0,0.0,0,0,Orgânico,Cartão de crédito,,Concluída,40,170,SP,São Bernardo do Campo
MLB2026-002076,2026-06-07,CAP-GA55-CRI,Capa Galaxy A55 Cristal Ultra Fino,Cristal,Transparente,1,26.9,26.9,12.96,13.94,51.8,0.0,0.0,0.0,0.0,0,0,Orgânico,Pix,,Concluída,54,65,SP,São Paulo
MLB2026-002077,2026-06-07,CAP-GA54-TPU,Capa Galaxy A54 TPU Antirrisco,TPU,Cinza,2,15.9,31.8,12.22,10.55,33.2,12.9,9.03,0.0,0.0,0,0,Orgânico,Boleto,,Concluída,64,118,RS,Pelotas
MLB2026-002078,2026-06-07,CAP-GS24-SIL,Capa Galaxy S24 Silicone com Anel,Silicone,Azul,1,29.9,29.9,12.32,4.76,15.9,12.9,9.03,0.0,3.79,3477,37,Anúncios,Pix,,Concluída,16,99,PA,Ananindeua
MLB2026-002079,2026-06-07,CAP-RN14-SIL,Capa Redmi Note 14 Silicone,Silicone,Preto,1,18.9,18.9,8.55,10.35,54.8,0.0,0.0,0.0,0.0,0,0,Orgânico,Boleto,,Cancelada,68,74,PR,Maringá
MLB2026-002080,2026-06-07,CAP-RN14-SIL,Capa Redmi Note 14 Silicone,Silicone,Preto,2,18.9,37.8,18.74,19.06,50.4,0.0,0.0,0.0,0.0,0,0,Orgânico,Cartão de débito,,Concluída,68,72,SP,São Bernardo do Campo
MLB2026-002081,2026-06-07,CAP-RN14-SIL,Capa Redmi Note 14 Silicone,Silicone,Preto,1,18.9,18.9,7.34,10.53,55.7,0.0,0.0,0.0,1.03,771,4,Anúncios,Pix,,Concluída,68,71,SP,São Paulo
MLB2026-002082,2026-06-07,CAP-R12-SIL,Capa realme 12 Silicone Fosca,Silicone,Branco,2,20.9,41.8,19.28,13.49,32.3,12.9,9.03,0.0,0.0,0,0,Orgânico,Pix,,Concluída,19,113,SP,Guarulhos
MLB2026-002083,2026-06-07,CAP-R11-PLU,Capa realme 11 Pelúcia Fofinha,Pelúcia,Rosa,1,34.9,34.9,14.13,6.84,19.6,19.9,13.93,0.0,0.0,0,0,Orgânico,Pix,,Concluída,19,56,PE,Caruaru
MLB2026-002084,2026-06-07,CAP-R11-PLU,Capa realme 11 Pelúcia Fofinha,Pelúcia,Rosa,1,34.9,34.9,15.39,5.58,16.0,19.9,13.93,0.0,0.0,0,0,Orgânico,Cartão de crédito,,Concluída,19,55,SP,Guarulhos
MLB2026-002085,2026-06-07,CAP-MG84-TPU,Capa Moto G84 TPU Transparente,TPU,Transparente,1,15.9,15.9,7.74,6.59,41.4,0.0,0.0,0.0,1.57,1757,37,Anúncios,Cartão de crédito,3,Concluída,115,110,MG,Belo Horizonte
MLB2026-002086,2026-06-07,CAP-ME50-COU,Capa Moto Edge 50 Couro Sintético,Couro,Marrom,1,59.9,59.9,24.61,35.29,58.9,0.0,0.0,0.0,0.0,0,0,Orgânico,Pix,,Concluída,31,29,PR,Curitiba
MLB2026-002087,2026-06-07,CAP-ME50-COU,Capa Moto Edge 50 Couro Sintético,Couro,Marrom,1,59.9,59.9,21.72,38.18,63.7,0.0,0.0,0.0,0.0,0,0,Orgânico,Cartão de crédito,12,Concluída,31,28,SP,Campinas
MLB2026-002088,2026-06-07,CAP-IP15-PLU,Capa iPhone 15 Pelúcia Colorida,Pelúcia,Rosa,1,39.9,39.9,17.32,21.48,53.8,0.0,0.0,0.0,1.1,1698,24,Anúncios,Cartão de crédito,,Concluída,13,111,PR,Curitiba
MLB2026-002089,2026-06-07,CAP-RN14-AGU,Capa Redmi Note 14 À Prova d'Água,À Prova d'Água,Azul,1,54.9,54.9,23.93,30.97,56.4,0.0,0.0,0.0,0.0,0,0,Orgânico,Pix,,Concluída,15,49,RJ,Rio de Janeiro
MLB2026-002090,2026-06-07,CAP-IP16-CRI,Capa iPhone 16 Cristal Espelhada,Cristal,Prata,2,37.9,75.8,27.18,39.59,52.2,12.9,9.03,0.0,0.0,0,0,Orgânico,Pix,,Concluída,12,109,SP,São Bernardo do Campo
MLB2026-002091,2026-06-07,CAP-GS25-SIL,Capa Galaxy S25 Ultra Silicone MagSafe,MagSafe,Preto,1,54.9,54.9,22.68,28.19,51.3,0.0,0.0,0.0,4.03,2935,52,Anúncios,Cartão de crédito,,Concluída,6,0,PR,Curitiba
MLB2026-002092,2026-06-07,CAP-GS25-SIL,Capa Galaxy S25 Ultra Silicone MagSafe,MagSafe,Preto,1,54.9,54.9,23.8,31.1,56.6,0.0,0.0,0.0,0.0,0,0,Orgânico,Pix,,Concluída,6,0,SP,Campinas
MLB2026-002093,2026-06-07,CAP-R12-CRI,Capa realme 12 Cristal Transparente,Cristal,Transparente,1,24.9,24.9,10.89,4.98,20.0,12.9,9.03,0.0,0.0,0,0,Orgânico,Cartão de crédito,9,Concluída,8,0,MG,Juiz de Fora
MLB2026-002094,2026-06-07,CAP-IP13-MAG,Capa iPhone 13 Silicone MagSafe,MagSafe,Branco,1,44.9,44.9,17.75,24.49,54.5,0.0,0.0,2.66,0.0,0,0,Orgânico,Cartão de crédito,,Enviada,16,0,MA,São Luís
MLB2026-002095,2026-06-07,CAP-MG85-TPU,Capa Moto G85 TPU Cinza,TPU,Cinza,1,16.9,16.9,7.74,9.16,54.2,0.0,0.0,0.0,0.0,0,0,Orgânico,Pix,,Concluída,20,4,PR,Londrina
MLB2026-002096,2026-06-07,CAP-IP15-AGU,Capa iPhone 15 À Prova d'Água,À Prova d'Água,Preto,2,57.9,115.8,45.9,69.9,60.4,0.0,0.0,0.0,0.0,0,0,Orgânico,Pix,,Enviada,18,83,ES,Vitória
MLB2026-002097,2026-06-07,CAP-GA54-SIL,Capa Galaxy A54 Silicone Vermelho,Silicone,Vermelho,1,18.9,18.9,6.9,2.97,15.7,12.9,9.03,0.0,0.0,0,0,Orgânico,Pix,,Concluída,57,155,RS,Porto Alegre
MLB2026-002098,2026-06-08,CAP-IP15-SIL,Capa de Celular iPhone 15 Silicone Fosca,Silicone,Preto,1,24.9,24.9,9.54,11.0,44.2,0.0,0.0,0.0,4.36,3419,47,Anúncios,Cartão de crédito,6,Concluída,29,0,RS,Caxias do Sul
MLB2026-002099,2026-06-08,CAP-IP15-CRI,Capa iPhone 15 Acrílico Cristal Transparente,Cristal,Transparente,1,29.9,29.9,13.88,16.02,53.6,0.0,0.0,0.0,0.0,0,0,Orgânico,Pix,,Concluída,217,0,CE,Juazeiro do Norte
MLB2026-002100,2026-06-08,CAP-IP13-SIL,Capa iPhone 13 Silicone Colorida,Silicone,Rosa,1,21.9,21.9,9.35,-5.4,-24.7,19.9,13.93,0.0,4.02,1355,40,Anúncios,Pix,,Concluída,43,169,PR,Cascavel
MLB2026-002101,2026-06-08,CAP-IP12-TPU,Capa iPhone 12 TPU Transparente,TPU,Transparente,1,16.9,16.9,6.61,-6.18,-36.6,19.9,13.93,0.0,2.54,473,4,Anúncios,Pix,,Concluída,39,0,PR,Londrina
MLB2026-002102,2026-06-08,CAP-GA55-SIL,Capa Galaxy A55 Silicone Fosca,Silicone,Verde,1,22.9,22.9,9.86,4.01,17.5,12.9,9.03,0.0,0.0,0,0,Orgânico,Pix,,Concluída,27,54,SP,Campinas
MLB2026-002103,2026-06-08,CAP-GA54-TPU,Capa Galaxy A54 TPU Antirrisco,TPU,Cinza,1,15.9,15.9,6.5,-4.53,-28.5,19.9,13.93,0.0,0.0,0,0,Orgânico,Cartão de crédito,,Enviada,74,117,ES,Vila Velha
MLB2026-002104,2026-06-08,CAP-RN13-SUP,Capa Redmi Note 13 com Suporte,Com Suporte,Preto,1,32.9,32.9,13.96,9.91,30.1,12.9,9.03,0.0,0.0,0,0,Orgânico,Pix,,Concluída,27,149,MG,Juiz de Fora
MLB2026-002105,2026-06-08,CAP-RN13-SUP,Capa Redmi Note 13 com Suporte,Com Suporte,Preto,1,32.9,32.9,12.83,6.14,18.7,19.9,13.93,0.0,0.0,0,0,Orgânico,Pix,,Concluída,27,148,SP,São Bernardo do Campo
MLB2026-002106,2026-06-08,CAP-MG84-TPU,Capa Moto G84 TPU Transparente,TPU,Transparente,2,15.9,31.8,12.8,1.09,3.4,19.9,13.93,0.0,3.98,3394,100,Anúncios,Pix,,Concluída,52,108,PE,Olinda
MLB2026-002107,2026-06-08,CAP-MG84-TPU,Capa Moto G84 TPU Transparente,TPU,Transparente,1,15.9,15.9,7.08,-1.12,-7.0,12.9,9.03,0.91,0.0,0,0,Orgânico,Pix,,Concluída,52,107,RS,Caxias do Sul
MLB2026-002108,2026-06-08,CAP-MG85-SIL,Capa Moto G85 Silicone Azul,Silicone,Azul,1,19.9,19.9,9.71,1.16,5.8,12.9,9.03,0.0,0.0,0,0,Orgânico,Cartão de crédito,6,Concluída,25,159,SP,São Paulo
MLB2026-002109,2026-06-08,CAP-IP16-CRI,Capa iPhone 16 Cristal Espelhada,Cristal,Prata,1,37.9,37.9,13.45,22.84,60.3,0.0,0.0,0.0,1.61,3222,79,Anúncios,Pix,,Concluída,58,108,BA,Feira de Santana
MLB2026-002110,2026-06-08,CAP-R12-CRI,Capa realme 12 Cristal Transparente,Cristal,Transparente,1,24.9,24.9,10.75,10.58,42.5,0.0,0.0,0.0,3.57,2256,60,Anúncios,Cartão de crédito,6,Concluída,25,0,SP,São Paulo
MLB2026-002111,2026-06-08,CAP-IP13-MAG,Capa iPhone 13 Silicone MagSafe,MagSafe,Branco,1,44.9,44.9,17.83,23.5,52.3,0.0,0.0,0.0,3.57,2129,21,Anúncios,Cartão de crédito,6,Devolvida,24,0,MG,Contagem
MLB2026-002112,2026-06-08,CAP-MG85-TPU,Capa Moto G85 TPU Cinza,TPU,Cinza,1,16.9,16.9,6.26,10.64,63.0,0.0,0.0,0.0,0.0,0,0,Orgânico,Cartão de crédito,,Concluída,8,3,RJ,Niterói
MLB2026-002113,2026-06-08,CAP-R13C-SIL,Capa Redmi 13C Silicone Azul,Silicone,Azul,1,17.9,17.9,8.4,0.47,2.6,12.9,9.03,0.0,0.0,0,0,Orgânico,Pix,,Concluída,25,1,MG,Uberlândia
MLB2026-002114,2026-06-09,CAP-IP15-CRI,Capa iPhone 15 Acrílico Cristal Transparente,Cristal,Transparente,1,29.9,29.9,14.31,6.39,21.4,12.9,9.03,0.17,0.0,0,0,Orgânico,Cartão de débito,,Concluída,32,0,SP,Campinas
MLB2026-002115,2026-06-09,CAP-IP15-CRI,Capa iPhone 15 Acrílico Cristal Transparente,Cristal,Transparente,1,29.9,29.9,13.38,16.52,55.3,0.0,0.0,0.0,0.0,0,0,Orgânico,Pix,,Concluída,32,0,SP,Guarulhos
MLB2026-002116,2026-06-09,CAP-IP16-MAG,Capa iPhone 16 Silicone com MagSafe,MagSafe,Azul,1,49.9,49.9,23.28,26.62,53.3,0.0,0.0,0.0,0.0,0,0,Orgânico,Cartão de crédito,,Concluída,71,102,ES,Vila Velha
MLB2026-002117,2026-06-09,CAP-IP12-TPU,Capa iPhone 12 TPU Transparente,TPU,Transparente,1,16.9,16.9,6.4,-3.43,-20.3,19.9,13.93,0.0,0.0,0,0,Orgânico,Pix,,Concluída,73,0,BA,Vitória da Conquista
MLB2026-002118,2026-06-09,CAP-IP12-TPU,Capa iPhone 12 TPU Transparente,TPU,Transparente,1,16.9,16.9,7.31,-4.34,-25.7,19.9,13.93,0.0,0.0,0,0,Orgânico,Pix,,Concluída,73,0,SP,Osasco
MLB2026-002119,2026-06-09,CAP-IP11-SIL,Capinha iPhone 11 Silicone Antichoque,Silicone,Preto,1,15.9,15.9,7.33,8.57,53.9,0.0,0.0,0.0,0.0,0,0,Orgânico,Cartão de crédito,3,Concluída,39,0,PE,Olinda
MLB2026-002120,2026-06-09,CAP-GA55-SIL,Capa Galaxy A55 Silicone Fosca,Silicone,Verde,1,22.9,22.9,8.78,12.46,54.4,0.0,0.0,0.0,1.66,3246,92,Anúncios,Cartão de crédito,9,Devolvida,32,53,SP,Osasco
MLB2026-002121,2026-06-09,CAP-GA55-CRI,Capa Galaxy A55 Cristal Ultra Fino,Cristal,Transparente,1,26.9,26.9,10.6,7.27,27.0,12.9,9.03,0.0,0.0,0,0,Orgânico,Pix,,Concluída,15,64,MG,Belo Horizonte
MLB2026-002122,2026-06-09,CAP-GA55-CRI,Capa Galaxy A55 Cristal Ultra Fino,Cristal,Transparente,1,26.9,26.9,13.04,10.97,40.8,0.0,0.0,2.89,0.0,0,0,Orgânico,Pix,,Pendente,15,63,SP,Guarulhos
MLB2026-002123,2026-06-09,CAP-GS24-SIL,Capa Galaxy S24 Silicone com Anel,Silicone,Azul,1,29.9,29.9,13.39,14.0,46.8,0.0,0.0,0.0,2.51,3434,38,Anúncios,Cartão de crédito,9,Concluída,61,98,CE,Fortaleza
MLB2026-002124,2026-06-09,CAP-GS24-SIL,Capa Galaxy S24 Silicone com Anel,Silicone,Azul,1,29.9,29.9,13.94,2.03,6.8,19.9,13.93,0.0,0.0,0,0,Orgânico,Pix,,Enviada,61,97,SP,São Paulo
MLB2026-002125,2026-06-09,CAP-R11-PLU,Capa realme 11 Pelúcia Fofinha,Pelúcia,Rosa,1,34.9,34.9,13.94,11.93,34.2,12.9,9.03,0.0,0.0,0,0,Orgânico,Pix,,Concluída,12,54,PR,Cascavel
MLB2026-002126,2026-06-09,CAP-R12-CRI,Capa realme 12 Cristal Transparente,Cristal,Transparente,1,24.9,24.9,10.39,5.48,22.0,12.9,9.03,0.0,0.0,0,0,Orgânico,Pix,,Concluída,18,0,SC,Chapecó
MLB2026-002127,2026-06-09,CAP-RN14-PLU,Capa Redmi Note 14 Pelúcia,Pelúcia,Rosa,1,32.9,32.9,12.95,3.93,11.9,12.9,9.03,2.75,4.24,1533,26,Anúncios,Boleto,,Concluída,10,2,BA,Feira de Santana
MLB2026-002128,2026-06-09,CAP-R13C-SIL,Capa Redmi 13C Silicone Azul,Silicone,Azul,1,17.9,17.9,7.26,-3.49,-19.5,19.9,13.93,0.2,0.0,0,0,Orgânico,Pix,,Enviada,30,0,BA,Vitória da Conquista
MLB2026-002129,2026-06-10,CAP-IP14-COU,Capa iPhone 14 Couro Sintético Premium,Couro,Marrom,1,44.9,44.9,16.18,28.72,64.0,0.0,0.0,0.0,0.0,0,0,Orgânico,Pix,,Concluída,17,61,RS,Canoas
MLB2026-002130,2026-06-10,CAP-IP11-SIL,Capinha iPhone 11 Silicone Antichoque,Silicone,Preto,1,15.9,15.9,7.46,-4.18,-26.3,12.9,9.03,0.0,3.59,377,10,Anúncios,Pix,,Concluída,41,0,PR,Cascavel
MLB2026-002131,2026-06-10,CAP-GA54-TPU,Capa Galaxy A54 TPU Antirrisco,TPU,Cinza,1,15.9,15.9,7.18,8.72,54.8,0.0,0.0,0.0,0.0,0,0,Orgânico,Pix,,Concluída,32,116,SC,Blumenau
MLB2026-002132,2026-06-10,CAP-GS24-SIL,Capa Galaxy S24 Silicone com Anel,Silicone,Azul,1,29.9,29.9,11.62,9.25,30.9,12.9,9.03,0.0,0.0,0,0,Orgânico,Cartão de crédito,12,Concluída,33,96,SP,São Paulo
MLB2026-002133,2026-06-10,CAP-GS23-TPU,Capa Galaxy S23 TPU Camuflada,TPU,Camuflado,1,19.9,19.9,7.75,12.15,61.1,0.0,0.0,0.0,0.0,0,0,Orgânico,Cartão de crédito,,Concluída,24,169,RS,Pelotas
MLB2026-002134,2026-06-10,CAP-GS23-TPU,Capa Galaxy S23 TPU Camuflada,TPU,Camuflado,1,19.9,19.9,7.1,0.96,4.8,12.9,9.03,0.0,2.81,1076,7,Anúncios,Pix,,Concluída,24,168,DF,Taguatinga
MLB2026-002135,2026-06-10,CAP-RN14-SIL,Capa Redmi Note 14 Silicone,Silicone,Preto,1,18.9,18.9,7.29,11.61,61.4,0.0,0.0,0.0,0.0,0,0,Orgânico,Boleto,,Concluída,64,70,MA,São Luís
MLB2026-002136,2026-06-10,CAP-R12-SIL,Capa realme 12 Silicone Fosca,Silicone,Branco,1,20.9,20.9,9.33,-2.36,-11.3,19.9,13.93,0.0,0.0,0,0,Orgânico,Pix,,Concluída,43,112,PR,Curitiba
MLB2026-002137,2026-06-10,CAP-MG85-SIL,Capa Moto G85 Silicone Azul,Silicone,Azul,1,19.9,19.9,9.35,1.52,7.6,12.9,9.03,0.0,0.0,0,0,Orgânico,Boleto,,Devolvida,19,158,MG,Contagem
MLB2026-002138,2026-06-10,CAP-MG85-SIL,Capa Moto G85 Silicone Azul,Silicone,Azul,1,19.9,19.9,7.83,12.07,60.7,0.0,0.0,0.0,0.0,0,0,Orgânico,Cartão de débito,,Concluída,19,157,CE,Juazeiro do Norte
MLB2026-002139,2026-06-10,CAP-MG85-SIL,Capa Moto G85 Silicone Azul,Silicone,Azul,1,19.9,19.9,8.32,1.49,7.5,12.9,9.03,0.0,1.06,698,18,Anúncios,Cartão de crédito,6,Concluída,19,156,MG,Juiz de Fora
MLB2026-002140,2026-06-10,CAP-IP16-CRI,Capa iPhone 16 Cristal Espelhada,Cristal,Prata,1,37.9,37.9,14.07,23.83,62.9,0.0,0.0,0.0,0.0,0,0,Orgânico,Pix,,Concluída,48,107,SP,Osasco
MLB2026-002141,2026-06-10,CAP-R12-CRI,Capa realme 12 Cristal Transparente,Cristal,Transparente,1,24.9,24.9,8.91,6.96,28.0,12.9,9.03,0.0,0.0,0,0,Orgânico,Pix,,Concluída,16,0,CE,Sobral
MLB2026-002142,2026-06-10,CAP-MG85-TPU,Capa Moto G85 TPU Cinza,TPU,Cinza,1,16.9,16.9,6.51,-1.85,-10.9,12.9,9.03,3.21,0.0,0,0,Orgânico,Pix,,Concluída,26,2,SC,Chapecó
MLB2026-002143,2026-06-10,CAP-MG85-TPU,Capa Moto G85 TPU Cinza,TPU,Cinza,1,16.9,16.9,5.95,1.92,11.4,12.9,9.03,0.0,0.0,0,0,Orgânico,Pix,,Concluída,26,1,SC,Blumenau
MLB2026-002144,2026-06-10,CAP-GA54-SIL,Capa Galaxy A54 Silicone Vermelho,Silicone,Vermelho,1,18.9,18.9,7.09,-2.12,-11.2,19.9,13.93,0.0,0.0,0,0,Orgânico,Cartão de débito,,Concluída,45,154,MG,Uberlândia
MLB2026-002145,2026-06-11,CAP-IP15-CRI,Capa iPhone 15 Acrílico Cristal Transparente,Cristal,Transparente,1,29.9,29.9,11.14,7.32,24.5,12.9,9.03,1.58,0.83,983,16,Anúncios,Cartão de crédito,12,Concluída,57,0,SP,São Bernardo do Campo
MLB2026-002146,2026-06-11,CAP-IP15-CRI,Capa iPhone 15 Acrílico Cristal Transparente,Cristal,Transparente,1,29.9,29.9,10.61,19.29,64.5,0.0,0.0,0.0,0.0,0,0,Orgânico,Cartão de crédito,3,Concluída,57,0,SC,Blumenau
MLB2026-002147,2026-06-11,CAP-IP13-SIL,Capa iPhone 13 Silicone Colorida,Silicone,Rosa,1,21.9,21.9,8.76,4.11,18.8,12.9,9.03,0.0,0.0,0,0,Orgânico,Pix,,Devolvida,38,168,SP,Guarulhos
MLB2026-002148,2026-06-11,CAP-IP13-SIL,Capa iPhone 13 Silicone Colorida,Silicone,Rosa,1,21.9,21.9,9.88,2.99,13.7,12.9,9.03,0.0,0.0,0,0,Orgânico,Pix,,Concluída,38,167,RJ,Rio de Janeiro
MLB2026-002149,2026-06-11,CAP-IP12-TPU,Capa iPhone 12 TPU Transparente,TPU,Transparente,1,16.9,16.9,6.72,1.15,6.8,12.9,9.03,0.0,0.0,0,0,Orgânico,Cartão de crédito,6,Cancelada,15,0,BA,Salvador
MLB2026-002150,2026-06-11,CAP-IP12-TPU,Capa iPhone 12 TPU Transparente,TPU,Transparente,1,16.9,16.9,7.1,0.77,4.6,12.9,9.03,0.0,0.0,0,0,Orgânico,Pix,,Concluída,15,0,SP,São Paulo
MLB2026-002151,2026-06-11,CAP-IP11-SIL,Capinha iPhone 11 Silicone Antichoque,Silicone,Preto,1,15.9,15.9,6.71,9.19,57.8,0.0,0.0,0.0,0.0,0,0,Orgânico,Pix,,Concluída,40,0,SP,São Bernardo do Campo
MLB2026-002152,2026-06-11,CAP-GA55-SIL,Capa Galaxy A55 Silicone Fosca,Silicone,Verde,1,22.9,22.9,10.35,-3.78,-16.5,19.9,13.93,0.0,2.4,439,9,Anúncios,Cartão de crédito,9,Concluída,40,52,RJ,Niterói
MLB2026-002153,2026-06-11,CAP-GS25-COU,Capa Galaxy S25 Ultra Couro Premium,Couro,Marrom,1,69.9,69.9,27.22,40.03,57.3,0.0,0.0,0.0,2.65,2207,43,Anúncios,Pix,,Concluída,49,134,SP,Campinas
MLB2026-002154,2026-06-11,CAP-GS24-SIL,Capa Galaxy S24 Silicone com Anel,Silicone,Azul,3,29.9,89.7,36.45,39.32,43.8,19.9,13.93,0.0,0.0,0,0,Orgânico,Pix,,Concluída,24,93,BA,Vitória da Conquista
MLB2026-002155,2026-06-11,CAP-GS23-TPU,Capa Galaxy S23 TPU Camuflada,TPU,Camuflado,3,19.9,59.7,27.87,22.8,38.2,12.9,9.03,0.0,0.0,0,0,Orgânico,Pix,,Concluída,17,165,MG,Contagem
MLB2026-002156,2026-06-11,CAP-R11-PLU,Capa realme 11 Pelúcia Fofinha,Pelúcia,Rosa,2,34.9,69.8,27.74,28.13,40.3,19.9,13.93,0.0,0.0,0,0,Orgânico,Pix,,Concluída,9,52,SP,São Bernardo do Campo
MLB2026-002157,2026-06-11,CAP-MG84-TPU,Capa Moto G84 TPU Transparente,TPU,Transparente,1,15.9,15.9,6.31,9.59,60.3,0.0,0.0,0.0,0.0,0,0,Orgânico,Pix,,Concluída,36,106,RJ,Niterói
MLB2026-002158,2026-06-11,CAP-MG85-SIL,Capa Moto G85 Silicone Azul,Silicone,Azul,1,19.9,19.9,7.68,3.19,16.0,12.9,9.03,0.0,0.0,0,0,Orgânico,Cartão de crédito,12,Concluída,5,155,SP,São Bernardo do Campo
MLB2026-002159,2026-06-11,CAP-GA55-SUP,Capa Galaxy A55 com Suporte e Anel,Com Suporte,Preto,1,35.9,35.9,16.54,1.52,4.2,19.9,13.93,1.71,2.2,643,17,Anúncios,Pix,,Concluída,15,27,SP,Osasco
MLB2026-002160,2026-06-11,CAP-RN14-AGU,Capa Redmi Note 14 À Prova d'Água,À Prova d'Água,Azul,1,54.9,54.9,25.65,26.63,48.5,0.0,0.0,0.0,2.62,2056,13,Anúncios,Pix,,Concluída,24,48,ES,Serra
MLB2026-002161,2026-06-11,CAP-IP12-PLU,Capinha iPhone 12 Pelúcia,Pelúcia,Amarelo,1,33.9,33.9,16.1,13.23,39.0,0.0,0.0,4.57,0.0,0,0,Orgânico,Cartão de crédito,12,Enviada,6,215,BA,Feira de Santana
MLB2026-002162,2026-06-11,CAP-R12-CRI,Capa realme 12 Cristal Transparente,Cristal,Transparente,1,24.9,24.9,9.67,1.3,5.2,19.9,13.93,0.0,0.0,0,0,Orgânico,Pix,,Concluída,30,0,PE,Olinda
MLB2026-002163,2026-06-11,CAP-IP16-PLU,Capa iPhone 16 Pelúcia Colorida,Pelúcia,Verde,1,41.9,41.9,19.38,22.52,53.7,0.0,0.0,0.0,0.0,0,0,Orgânico,Pix,,Concluída,22,47,MG,Juiz de Fora
MLB2026-002164,2026-06-11,CAP-IP16-PLU,Capa iPhone 16 Pelúcia Colorida,Pelúcia,Verde,1,41.9,41.9,17.45,10.52,25.1,19.9,13.93,0.0,0.0,0,0,Orgânico,Boleto,,Concluída,22,46,SP,Campinas
MLB2026-002165,2026-06-11,CAP-IP13-MAG,Capa iPhone 13 Silicone MagSafe,MagSafe,Branco,1,44.9,44.9,21.1,23.8,53.0,0.0,0.0,0.0,0.0,0,0,Orgânico,Cartão de débito,,Concluída,8,0,RJ,Rio de Janeiro
MLB2026-002166,2026-06-11,CAP-R12-SUP,Capa realme 12 com Suporte,Com Suporte,Cinza,1,33.9,33.9,15.58,14.19,41.9,0.0,0.0,2.14,1.99,498,11,Anúncios,Pix,,Concluída,3,192,SC,Joinville
MLB2026-002167,2026-06-11,CAP-GA54-SIL,Capa Galaxy A54 Silicone Vermelho,Silicone,Vermelho,1,18.9,18.9,8.69,-5.66,-29.9,19.9,13.93,0.0,1.94,1681,44,Anúncios,Cartão de crédito,6,Enviada,25,153,RS,Porto Alegre
MLB2026-002168,2026-06-11,CAP-GA54-SIL,Capa Galaxy A54 Silicone Vermelho,Silicone,Vermelho,1,18.9,18.9,7.89,11.01,58.3,0.0,0.0,0.0,0.0,0,0,Orgânico,Pix,,Concluída,25,152,SP,Osasco
MLB2026-002169,2026-06-11,CAP-R13C-SIL,Capa Redmi 13C Silicone Azul,Silicone,Azul,1,17.9,17.9,8.84,0.03,0.2,12.9,9.03,0.0,0.0,0,0,Orgânico,Pix,,Concluída,19,0,AM,Parintins
MLB2026-002170,2026-06-12,CAP-IP15-SIL,Capa de Celular iPhone 15 Silicone Fosca,Silicone,Preto,1,24.9,24.9,11.39,4.48,18.0,12.9,9.03,0.0,0.0,0,0,Orgânico,Cartão de crédito,3,Concluída,102,0,SP,Osasco
MLB2026-002171,2026-06-12,CAP-IP16-MAG,Capa iPhone 16 Silicone com MagSafe,MagSafe,Azul,1,49.9,49.9,19.79,22.45,45.0,0.0,0.0,3.35,4.31,2003,22,Anúncios,Pix,,Concluída,56,101,MG,Contagem
MLB2026-002172,2026-06-12,CAP-IP16-MAG,Capa iPhone 16 Silicone com MagSafe,MagSafe,Azul,2,49.9,99.8,49.72,47.94,48.0,0.0,0.0,0.0,2.14,1491,31,Anúncios,Cartão de crédito,6,Concluída,56,99,DF,Ceilândia
MLB2026-002173,2026-06-12,CAP-IP16-MAG,Capa iPhone 16 Silicone com MagSafe,MagSafe,Azul,1,49.9,49.9,24.83,25.07,50.2,0.0,0.0,0.0,0.0,0,0,Orgânico,Pix,,Concluída,56,98,RJ,Rio de Janeiro
MLB2026-002174,2026-06-12,CAP-IP11-SIL,Capinha iPhone 11 Silicone Antichoque,Silicone,Preto,1,15.9,15.9,6.55,-7.74,-48.7,19.9,13.93,0.0,3.16,1887,44,Anúncios,Boleto,,Concluída,13,0,SP,Osasco
MLB2026-002175,2026-06-12,CAP-GA55-CRI,Capa Galaxy A55 Cristal Ultra Fino,Cristal,Transparente,1,26.9,26.9,13.3,13.6,50.6,0.0,0.0,0.0,0.0,0,0,Orgânico,Cartão de crédito,3,Concluída,89,62,RS,Caxias do Sul
MLB2026-002176,2026-06-12,CAP-GA55-CRI,Capa Galaxy A55 Cristal Ultra Fino,Cristal,Transparente,1,26.9,26.9,10.39,2.58,9.6,19.9,13.93,0.0,0.0,0,0,Orgânico,Cartão de débito,,Concluída,89,61,RJ,Campos dos Goytacazes
MLB2026-002177,2026-06-12,CAP-GA54-TPU,Capa Galaxy A54 TPU Antirrisco,TPU,Cinza,1,15.9,15.9,7.53,-6.44,-40.5,19.9,13.93,0.88,0.0,0,0,Orgânico,Pix,,Concluída,14,115,RJ,Rio de Janeiro
MLB2026-002178,2026-06-12,CAP-RN13-TPU,Capa Redmi Note 13 TPU Cristal,TPU,Transparente,1,14.9,14.9,5.54,0.33,2.2,12.9,9.03,0.0,0.0,0,0,Orgânico,Pix,,Concluída,49,174,PR,Curitiba
MLB2026-002179,2026-06-12,CAP-IP16-CRI,Capa iPhone 16 Cristal Espelhada,Cristal,Prata,1,37.9,37.9,13.82,8.59,22.7,19.9,13.93,0.0,1.56,1163,8,Anúncios,Pix,,Concluída,32,106,SC,Chapecó
MLB2026-002180,2026-06-12,CAP-MG84-SUP,Capa Moto G84 com Suporte,Com Suporte,Preto,1,29.9,29.9,13.26,6.33,21.2,12.9,9.03,0.0,1.28,1870,20,Anúncios,Boleto,,Concluída,3,146,RJ,Rio de Janeiro
MLB2026-002181,2026-06-12,CAP-MG84-SUP,Capa Moto G84 com Suporte,Com Suporte,Preto,1,29.9,29.9,12.26,-3.27,-10.9,19.9,13.93,4.44,2.54,3427,63,Anúncios,Cartão de crédito,3,Concluída,3,145,GO,Anápolis
MLB2026-002182,2026-06-12,CAP-IP13-MAG,Capa iPhone 13 Silicone MagSafe,MagSafe,Branco,1,44.9,44.9,15.81,24.86,55.4,0.0,0.0,0.0,4.23,1686,27,Anúncios,Cartão de crédito,,Concluída,51,0,RS,Porto Alegre
MLB2026-002183,2026-06-12,CAP-IP15-AGU,Capa iPhone 15 À Prova d'Água,À Prova d'Água,Preto,1,57.9,57.9,23.46,30.2,52.2,0.0,0.0,0.0,4.24,1594,11,Anúncios,Pix,,Enviada,6,82,RS,Porto Alegre
MLB2026-002184,2026-06-13,CAP-IP13-SIL,Capa iPhone 13 Silicone Colorida,Silicone,Rosa,1,21.9,21.9,8.2,13.7,62.6,0.0,0.0,0.0,0.0,0,0,Orgânico,Pix,,Concluída,21,166,RS,Canoas
MLB2026-002185,2026-06-13,CAP-IP12-TPU,Capa iPhone 12 TPU Transparente,TPU,Transparente,1,16.9,16.9,7.55,-5.56,-32.9,19.9,13.93,0.0,0.98,2925,54,Anúncios,Pix,,Cancelada,64,0,SC,Chapecó
MLB2026-002186,2026-06-13,CAP-GA55-CRI,Capa Galaxy A55 Cristal Ultra Fino,Cristal,Transparente,1,26.9,26.9,12.31,0.66,2.5,19.9,13.93,0.0,0.0,0,0,Orgânico,Cartão de crédito,12,Concluída,20,60,MG,Belo Horizonte
MLB2026-002187,2026-06-13,CAP-GA55-CRI,Capa Galaxy A55 Cristal Ultra Fino,Cristal,Transparente,1,26.9,26.9,13.33,0.16,0.6,12.9,9.03,4.38,0.0,0,0,Orgânico,Cartão de crédito,12,Pendente,20,59,SC,Blumenau
MLB2026-002188,2026-06-13,CAP-GA56-MAG,Capa Galaxy A56 com MagSafe,MagSafe,Roxo,1,47.9,47.9,18.97,28.93,60.4,0.0,0.0,0.0,0.0,0,0,Orgânico,Cartão de crédito,,Concluída,8,43,SC,Florianópolis
MLB2026-002189,2026-06-13,CAP-GS25-COU,Capa Galaxy S25 Ultra Couro Premium,Couro,Marrom,1,69.9,69.9,27.23,41.12,58.8,0.0,0.0,0.0,1.55,2066,23,Anúncios,Cartão de crédito,,Cancelada,25,133,RJ,Rio de Janeiro
MLB2026-002190,2026-06-13,CAP-RN13-TPU,Capa Redmi Note 13 TPU Cristal,TPU,Transparente,1,14.9,14.9,7.34,-2.72,-18.3,12.9,9.03,0.0,1.25,1543,15,Anúncios,Pix,,Concluída,16,173,SP,Campinas
MLB2026-002191,2026-06-13,CAP-R12-SIL,Capa realme 12 Silicone Fosca,Silicone,Branco,1,20.9,20.9,9.97,10.93,52.3,0.0,0.0,0.0,0.0,0,0,Orgânico,Pix,,Pendente,8,111,BA,Feira de Santana
MLB2026-002192,2026-06-13,CAP-MG85-SIL,Capa Moto G85 Silicone Azul,Silicone,Azul,1,19.9,19.9,9.68,10.22,51.4,0.0,0.0,0.0,0.0,0,0,Orgânico,Pix,,Concluída,25,154,SP,Campinas
MLB2026-002193,2026-06-13,CAP-MG85-SIL,Capa Moto G85 Silicone Azul,Silicone,Azul,1,19.9,19.9,8.07,11.83,59.4,0.0,0.0,0.0,0.0,0,0,Orgânico,Cartão de crédito,9,Concluída,25,153,ES,Vila Velha
MLB2026-002194,2026-06-13,CAP-MG84-SUP,Capa Moto G84 com Suporte,Com Suporte,Preto,1,29.9,29.9,14.84,0.45,1.5,19.9,13.93,0.68,0.0,0,0,Orgânico,Cartão de crédito,3,Concluída,4,144,BA,Salvador
MLB2026-002195,2026-06-13,CAP-GA56-CRI,Capa Galaxy A56 Cristal Espelhada,Cristal,Prata,1,34.9,34.9,16.3,5.4,15.5,12.9,9.03,0.0,4.17,2578,32,Anúncios,Boleto,,Concluída,76,69,BA,Salvador
MLB2026-002196,2026-06-13,CAP-IP13-MAG,Capa iPhone 13 Silicone MagSafe,MagSafe,Branco,1,44.9,44.9,22.3,22.6,50.3,0.0,0.0,0.0,0.0,0,0,Orgânico,Cartão de crédito,,Concluída,14,0,SP,São Paulo
MLB2026-002197,2026-06-13,CAP-R12-SUP,Capa realme 12 com Suporte,Com Suporte,Cinza,1,33.9,33.9,13.03,6.94,20.5,19.9,13.93,0.0,0.0,0,0,Orgânico,Pix,,Pendente,13,191,SP,São Paulo
MLB2026-002198,2026-06-13,CAP-R13C-SIL,Capa Redmi 13C Silicone Azul,Silicone,Azul,1,17.9,17.9,6.59,11.31,63.2,0.0,0.0,0.0,0.0,0,0,Orgânico,Cartão de crédito,9,Concluída,8,0,SP,Guarulhos
MLB2026-002199,2026-06-14,CAP-GA54-TPU,Capa Galaxy A54 TPU Antirrisco,TPU,Cinza,1,15.9,15.9,6.73,0.14,0.9,12.9,9.03,0.0,0.0,0,0,Orgânico,Pix,,Concluída,27,114,SP,Osasco
MLB2026-002200,2026-06-14,CAP-GA54-TPU,Capa Galaxy A54 TPU Antirrisco,TPU,Cinza,1,15.9,15.9,6.68,-4.71,-29.6,19.9,13.93,0.0,0.0,0,0,Orgânico,Pix,,Concluída,27,113,RJ,Rio de Janeiro
MLB2026-002201,2026-06-14,CAP-GS24-SIL,Capa Galaxy S24 Silicone com Anel,Silicone,Azul,1,29.9,29.9,14.28,11.91,39.8,0.0,0.0,0.0,3.71,309,3,Anúncios,Cartão de crédito,,Concluída,48,92,SP,Campinas
MLB2026-002202,2026-06-14,CAP-RN13-TPU,Capa Redmi Note 13 TPU Cristal,TPU,Transparente,1,14.9,14.9,6.8,8.1,54.4,0.0,0.0,0.0,0.0,0,0,Orgânico,Cartão de débito,,Concluída,85,172,CE,Sobral
MLB2026-002203,2026-06-14,CAP-R12-SIL,Capa realme 12 Silicone Fosca,Silicone,Branco,1,20.9,20.9,9.96,-0.11,-0.5,12.9,9.03,0.0,2.02,2618,22,Anúncios,Pix,,Concluída,95,110,SP,Osasco
MLB2026-002204,2026-06-14,CAP-ME50-COU,Capa Moto Edge 50 Couro Sintético,Couro,Marrom,1,59.9,59.9,29.25,30.65,51.2,0.0,0.0,0.0,0.0,0,0,Orgânico,Pix,,Concluída,11,27,SP,Campinas
MLB2026-002205,2026-06-14,CAP-ME50-COU,Capa Moto Edge 50 Couro Sintético,Couro,Marrom,1,59.9,59.9,28.91,30.99,51.7,0.0,0.0,0.0,0.0,0,0,Orgânico,Cartão de crédito,,Concluída,11,26,SP,São Paulo
MLB2026-002206,2026-06-14,CAP-GA55-SUP,Capa Galaxy A55 com Suporte e Anel,Com Suporte,Preto,1,35.9,35.9,13.4,13.47,37.5,12.9,9.03,0.0,0.0,0,0,Orgânico,Cartão de crédito,,Concluída,4,26,CE,Sobral
MLB2026-002207,2026-06-14,CAP-RN14-PLU,Capa Redmi Note 14 Pelúcia,Pelúcia,Rosa,1,32.9,32.9,11.61,4.03,12.2,19.9,13.93,0.0,3.33,1963,27,Anúncios,Pix,,Concluída,6,1,SP,São Paulo
MLB2026-002208,2026-06-14,CAP-RN14-PLU,Capa Redmi Note 14 Pelúcia,Pelúcia,Rosa,1,32.9,32.9,13.45,16.74,50.9,0.0,0.0,0.0,2.71,2799,23,Anúncios,Pix,,Concluída,6,0,CE,Sobral
MLB2026-002209,2026-06-14,CAP-GA54-SIL,Capa Galaxy A54 Silicone Vermelho,Silicone,Vermelho,1,18.9,18.9,7.04,-2.07,-11.0,19.9,13.93,0.0,0.0,0,0,Orgânico,Boleto,,Concluída,27,151,SP,Guarulhos
MLB2026-002210,2026-06-15,CAP-IP16-MAG,Capa iPhone 16 Silicone com MagSafe,MagSafe,Azul,1,49.9,49.9,19.12,27.51,55.1,0.0,0.0,0.0,3.27,1761,38,Anúncios,Cartão de débito,,Enviada,58,97,SC,Florianópolis
MLB2026-002211,2026-06-15,CAP-IP12-TPU,Capa iPhone 12 TPU Transparente,TPU,Transparente,1,16.9,16.9,7.87,-2.9,-17.2,12.9,9.03,0.0,2.9,2985,49,Anúncios,Pix,,Concluída,31,0,SP,Osasco
MLB2026-002212,2026-06-15,CAP-IP12-TPU,Capa iPhone 12 TPU Transparente,TPU,Transparente,1,16.9,16.9,7.35,-4.38,-25.9,19.9,13.93,0.0,0.0,0,0,Orgânico,Cartão de crédito,3,Concluída,31,0,MG,Uberlândia
MLB2026-002213,2026-06-15,CAP-IP11-SIL,Capinha iPhone 11 Silicone Antichoque,Silicone,Preto,1,15.9,15.9,6.47,9.43,59.3,0.0,0.0,0.0,0.0,0,0,Orgânico,Cartão de crédito,12,Concluída,80,0,CE,Juazeiro do Norte
MLB2026-002214,2026-06-15,CAP-IP11-SIL,Capinha iPhone 11 Silicone Antichoque,Silicone,Preto,1,15.9,15.9,5.79,10.11,63.6,0.0,0.0,0.0,0.0,0,0,Orgânico,Pix,,Concluída,80,0,SP,Guarulhos
MLB2026-002215,2026-06-15,CAP-GA55-SIL,Capa Galaxy A55 Silicone Fosca,Silicone,Verde,2,22.9,45.8,19.08,12.79,27.9,19.9,13.93,0.0,0.0,0,0,Orgânico,Cartão de crédito,,Concluída,29,50,MG,Uberlândia
MLB2026-002216,2026-06-15,CAP-RN14-SIL,Capa Redmi Note 14 Silicone,Silicone,Preto,1,18.9,18.9,7.5,4.18,22.1,0.0,0.0,3.52,3.7,1174,9,Anúncios,Cartão de crédito,3,Concluída,54,69,SP,Guarulhos
MLB2026-002217,2026-06-15,CAP-RN14-SIL,Capa Redmi Note 14 Silicone,Silicone,Preto,1,18.9,18.9,8.68,-0.83,-4.4,12.9,9.03,0.0,2.02,1292,7,Anúncios,Pix,,Concluída,54,68,SP,São Paulo
MLB2026-002218,2026-06-15,CAP-R12-SIL,Capa realme 12 Silicone Fosca,Silicone,Branco,1,20.9,20.9,7.89,13.01,62.2,0.0,0.0,0.0,0.0,0,0,Orgânico,Cartão de crédito,3,Cancelada,61,109,SP,São Bernardo do Campo
MLB2026-002219,2026-06-15,CAP-GS25-SIL,Capa Galaxy S25 Ultra Silicone MagSafe,MagSafe,Preto,1,54.9,54.9,19.89,35.01,63.8,0.0,0.0,0.0,0.0,0,0,Orgânico,Boleto,,Concluída,17,0,SP,Osasco
MLB2026-002220,2026-06-15,CAP-GS25-SIL,Capa Galaxy S25 Ultra Silicone MagSafe,MagSafe,Preto,1,54.9,54.9,21.19,33.71,61.4,0.0,0.0,0.0,0.0,0,0,Orgânico,Pix,,Concluída,17,0,MG,Belo Horizonte
MLB2026-002221,2026-06-15,CAP-R12-CRI,Capa realme 12 Cristal Transparente,Cristal,Transparente,1,24.9,24.9,9.36,1.61,6.5,19.9,13.93,0.0,0.0,0,0,Orgânico,Pix,,Concluída,20,0,RS,Porto Alegre
MLB2026-002222,2026-06-15,CAP-R12-CRI,Capa realme 12 Cristal Transparente,Cristal,Transparente,1,24.9,24.9,11.24,12.09,48.6,0.0,0.0,0.0,1.57,1138,24,Anúncios,Boleto,,Concluída,20,0,CE,Juazeiro do Norte
MLB2026-002223,2026-06-15,CAP-RN14-PLU,Capa Redmi Note 14 Pelúcia,Pelúcia,Rosa,1,32.9,32.9,14.2,2.63,8.0,19.9,13.93,0.0,2.14,2762,76,Anúncios,Cartão de crédito,6,Concluída,4,0,SP,Campinas
MLB2026-002224,2026-06-15,CAP-RN14-PLU,Capa Redmi Note 14 Pelúcia,Pelúcia,Rosa,1,32.9,32.9,14.38,1.51,4.6,19.9,13.93,0.0,3.08,3107,56,Anúncios,Cartão de crédito,,Devolvida,4,0,SP,Campinas
MLB2026-002225,2026-06-15,CAP-RN14-PLU,Capa Redmi Note 14 Pelúcia,Pelúcia,Rosa,1,32.9,32.9,11.92,7.05,21.4,19.9,13.93,0.0,0.0,0,0,Orgânico,Pix,,Concluída,4,0,PE,Recife
MLB2026-002226,2026-06-15,CAP-IP13-MAG,Capa iPhone 13 Silicone MagSafe,MagSafe,Branco,1,44.9,44.9,18.44,26.46,58.9,0.0,0.0,0.0,0.0,0,0,Orgânico,Pix,,Concluída,27,0,PR,Maringá
MLB2026-002227,2026-06-15,CAP-IP13-MAG,Capa iPhone 13 Silicone MagSafe,MagSafe,Branco,1,44.9,44.9,20.02,20.12,44.8,0.0,0.0,4.76,0.0,0,0,Orgânico,Pix,,Concluída,27,0,SC,Joinville
MLB2026-002228,2026-06-15,CAP-GA54-SIL,Capa Galaxy A54 Silicone Vermelho,Silicone,Vermelho,1,18.9,18.9,8.61,-11.7,-61.9,19.9,13.93,3.94,4.12,2433,64,Anúncios,Boleto,,Concluída,67,150,SP,Osasco
MLB2026-002229,2026-06-16,CAP-IP15-CRI,Capa iPhone 15 Acrílico Cristal Transparente,Cristal,Transparente,1,29.9,29.9,13.52,-1.3,-4.3,19.9,13.93,0.0,3.75,2956,61,Anúncios,Pix,,Concluída,30,0,SP,Guarulhos
MLB2026-002230,2026-06-16,CAP-IP15-CRI,Capa iPhone 15 Acrílico Cristal Transparente,Cristal,Transparente,1,29.9,29.9,11.47,16.78,56.1,0.0,0.0,0.0,1.65,1347,19,Anúncios,Cartão de crédito,,Concluída,30,0,SP,Osasco
MLB2026-002231,2026-06-16,CAP-IP16-MAG,Capa iPhone 16 Silicone com MagSafe,MagSafe,Azul,1,49.9,49.9,24.56,22.82,45.7,0.0,0.0,2.52,0.0,0,0,Orgânico,Pix,,Concluída,25,96,MG,Juiz de Fora
MLB2026-002232,2026-06-16,CAP-IP13-SIL,Capa iPhone 13 Silicone Colorida,Silicone,Rosa,1,21.9,21.9,10.81,2.06,9.4,12.9,9.03,0.0,0.0,0,0,Orgânico,Pix,,Concluída,20,165,SP,São Bernardo do Campo
MLB2026-002233,2026-06-16,CAP-GA55-SIL,Capa Galaxy A55 Silicone Fosca,Silicone,Verde,1,22.9,22.9,9.57,13.33,58.2,0.0,0.0,0.0,0.0,0,0,Orgânico,Pix,,Cancelada,54,49,PR,Curitiba
MLB2026-002234,2026-06-16,CAP-GA54-TPU,Capa Galaxy A54 TPU Antirrisco,TPU,Cinza,1,15.9,15.9,7.16,6.92,43.5,0.0,0.0,0.0,1.82,642,16,Anúncios,Boleto,,Concluída,22,112,AM,Manaus
MLB2026-002235,2026-06-16,CAP-GA54-TPU,Capa Galaxy A54 TPU Antirrisco,TPU,Cinza,1,15.9,15.9,6.0,-4.03,-25.3,19.9,13.93,0.0,0.0,0,0,Orgânico,Pix,,Enviada,22,111,SP,Osasco
MLB2026-002236,2026-06-16,CAP-GA54-TPU,Capa Galaxy A54 TPU Antirrisco,TPU,Cinza,1,15.9,15.9,6.24,-7.4,-46.5,19.9,13.93,0.0,3.13,3057,31,Anúncios,Pix,,Concluída,22,110,SC,Florianópolis
MLB2026-002237,2026-06-16,CAP-GS23-TPU,Capa Galaxy S23 TPU Camuflada,TPU,Camuflado,2,19.9,39.8,19.64,11.13,28.0,12.9,9.03,0.0,0.0,0,0,Orgânico,Pix,,Concluída,13,163,PA,Belém
MLB2026-002238,2026-06-16,CAP-RN14-SIL,Capa Redmi Note 14 Silicone,Silicone,Preto,1,18.9,18.9,9.11,9.79,51.8,0.0,0.0,0.0,0.0,0,0,Orgânico,Pix,,Concluída,60,67,SP,Guarulhos
MLB2026-002239,2026-06-16,CAP-MG85-SIL,Capa Moto G85 Silicone Azul,Silicone,Azul,1,19.9,19.9,7.11,3.76,18.9,12.9,9.03,0.0,0.0,0,0,Orgânico,Pix,,Concluída,28,152,SP,Osasco
MLB2026-002240,2026-06-16,CAP-GA55-SUP,Capa Galaxy A55 com Suporte e Anel,Com Suporte,Preto,1,35.9,35.9,15.26,16.68,46.5,0.0,0.0,0.0,3.96,2951,77,Anúncios,Pix,,Cancelada,13,25,PE,Petrolina
MLB2026-002241,2026-06-16,CAP-GS25-SIL,Capa Galaxy S25 Ultra Silicone MagSafe,MagSafe,Preto,1,54.9,54.9,25.07,25.48,46.4,0.0,0.0,0.0,4.35,1705,49,Anúncios,Pix,,Concluída,31,0,BA,Vitória da Conquista
MLB2026-002242,2026-06-16,CAP-R12-CRI,Capa realme 12 Cristal Transparente,Cristal,Transparente,1,24.9,24.9,11.22,-4.68,-18.8,19.9,13.93,0.0,4.43,769,11,Anúncios,Boleto,,Concluída,31,0,MG,Uberlândia
MLB2026-002243,2026-06-16,CAP-R12-CRI,Capa realme 12 Cristal Transparente,Cristal,Transparente,1,24.9,24.9,11.82,-0.85,-3.4,19.9,13.93,0.0,0.0,0,0,Orgânico,Pix,,Concluída,31,0,SP,São Bernardo do Campo
MLB2026-002244,2026-06-16,CAP-R12-CRI,Capa realme 12 Cristal Transparente,Cristal,Transparente,1,24.9,24.9,11.63,13.27,53.3,0.0,0.0,0.0,0.0,0,0,Orgânico,Pix,,Enviada,31,0,SC,Florianópolis
MLB2026-002245,2026-06-16,CAP-IP13-MAG,Capa iPhone 13 Silicone MagSafe,MagSafe,Branco,1,44.9,44.9,21.67,23.23,51.7,0.0,0.0,0.0,0.0,0,0,Orgânico,Cartão de crédito,12,Concluída,35,0,MG,Contagem
MLB2026-002246,2026-06-16,CAP-MG85-TPU,Capa Moto G85 TPU Cinza,TPU,Cinza,1,16.9,16.9,8.33,6.0,35.5,0.0,0.0,0.0,2.57,1740,23,Anúncios,Pix,,Concluída,9,0,GO,Goiânia
MLB2026-002247,2026-06-16,CAP-IP15-AGU,Capa iPhone 15 À Prova d'Água,À Prova d'Água,Preto,1,57.9,57.9,28.09,29.81,51.5,0.0,0.0,0.0,0.0,0,0,Orgânico,Pix,,Concluída,8,81,DF,Brasília
MLB2026-002248,2026-06-16,CAP-GA54-SIL,Capa Galaxy A54 Silicone Vermelho,Silicone,Vermelho,1,18.9,18.9,7.12,-0.43,-2.3,12.9,9.03,0.0,3.18,2876,74,Anúncios,Pix,,Concluída,23,149,PA,Ananindeua
MLB2026-002249,2026-06-17,CAP-IP16-MAG,Capa iPhone 16 Silicone com MagSafe,MagSafe,Azul,3,49.9,149.7,65.28,84.42,56.4,0.0,0.0,0.0,0.0,0,0,Orgânico,Pix,,Concluída,46,93,PE,Recife
MLB2026-002250,2026-06-17,CAP-IP13-SIL,Capa iPhone 13 Silicone Colorida,Silicone,Rosa,1,21.9,21.9,9.19,-2.42,-11.1,19.9,13.93,0.0,1.2,1626,33,Anúncios,Cartão de crédito,6,Concluída,12,164,PR,Cascavel
MLB2026-002251,2026-06-17,CAP-IP13-SIL,Capa iPhone 13 Silicone Colorida,Silicone,Rosa,1,21.9,21.9,8.73,13.17,60.1,0.0,0.0,0.0,0.0,0,0,Orgânico,Pix,,Concluída,12,163,BA,Salvador
MLB2026-002252,2026-06-17,CAP-IP12-TPU,Capa iPhone 12 TPU Transparente,TPU,Transparente,1,16.9,16.9,7.98,8.92,52.8,0.0,0.0,0.0,0.0,0,0,Orgânico,Pix,,Concluída,18,0,GO,Goiânia
MLB2026-002253,2026-06-17,CAP-IP12-TPU,Capa iPhone 12 TPU Transparente,TPU,Transparente,1,16.9,16.9,7.27,6.91,40.9,0.0,0.0,0.0,2.72,1443,31,Anúncios,Pix,,Concluída,18,0,SP,Guarulhos
MLB2026-002254,2026-06-17,CAP-IP11-SIL,Capinha iPhone 11 Silicone Antichoque,Silicone,Preto,1,15.9,15.9,6.04,-1.32,-8.3,12.9,9.03,0.0,2.15,500,11,Anúncios,Cartão de crédito,,Concluída,67,0,PR,Maringá
MLB2026-002255,2026-06-17,CAP-GA55-CRI,Capa Galaxy A55 Cristal Ultra Fino,Cristal,Transparente,1,26.9,26.9,13.37,13.53,50.3,0.0,0.0,0.0,0.0,0,0,Orgânico,Boleto,,Concluída,34,58,RJ,Niterói
MLB2026-002256,2026-06-17,CAP-GA55-CRI,Capa Galaxy A55 Cristal Ultra Fino,Cristal,Transparente,1,26.9,26.9,12.54,10.51,39.1,0.0,0.0,0.0,3.85,3485,54,Anúncios,Cartão de crédito,12,Concluída,34,57,BA,Salvador
MLB2026-002257,2026-06-17,CAP-GA56-MAG,Capa Galaxy A56 com MagSafe,MagSafe,Roxo,1,47.9,47.9,20.32,27.58,57.6,0.0,0.0,0.0,0.0,0,0,Orgânico,Boleto,,Enviada,25,42,PR,Curitiba
MLB2026-002258,2026-06-17,CAP-GA56-MAG,Capa Galaxy A56 com MagSafe,MagSafe,Roxo,1,47.9,47.9,20.32,27.58,57.6,0.0,0.0,0.0,0.0,0,0,Orgânico,Pix,,Concluída,25,41,SP,Guarulhos
MLB2026-002259,2026-06-17,CAP-GS24-SIL,Capa Galaxy S24 Silicone com Anel,Silicone,Azul,1,29.9,29.9,11.93,4.04,13.5,19.9,13.93,0.0,0.0,0,0,Orgânico,Pix,,Concluída,69,91,SP,Campinas
MLB2026-002260,2026-06-17,CAP-GS24-SIL,Capa Galaxy S24 Silicone com Anel,Silicone,Azul,1,29.9,29.9,13.34,7.53,25.2,12.9,9.03,0.0,0.0,0,0,Orgânico,Pix,,Concluída,69,90,PE,Petrolina
MLB2026-002261,2026-06-17,CAP-GS24-SIL,Capa Galaxy S24 Silicone com Anel,Silicone,Azul,3,29.9,89.7,44.16,39.83,44.4,0.0,0.0,4.74,0.97,1051,18,Anúncios,Cartão de crédito,6,Concluída,69,87,SP,Guarulhos
MLB2026-002262,2026-06-17,CAP-RN14-SIL,Capa Redmi Note 14 Silicone,Silicone,Preto,1,18.9,18.9,7.54,-2.57,-13.6,19.9,13.93,0.0,0.0,0,0,Orgânico,Cartão de débito,,Cancelada,15,66,BA,Vitória da Conquista
MLB2026-002263,2026-06-17,CAP-RN14-SIL,Capa Redmi Note 14 Silicone,Silicone,Preto,1,18.9,18.9,8.45,-3.48,-18.4,19.9,13.93,0.0,0.0,0,0,Orgânico,Cartão de crédito,12,Concluída,15,65,SP,Campinas
MLB2026-002264,2026-06-17,CAP-RN13-TPU,Capa Redmi Note 13 TPU Cristal,TPU,Transparente,3,14.9,44.7,17.07,25.28,56.6,0.0,0.0,0.0,2.35,774,10,Anúncios,Cartão de crédito,6,Concluída,5,169,DF,Taguatinga
MLB2026-002265,2026-06-17,CAP-R12-SIL,Capa realme 12 Silicone Fosca,Silicone,Branco,3,20.9,62.7,29.88,32.82,52.3,0.0,0.0,0.0,0.0,0,0,Orgânico,Pix,,Concluída,21,106,SP,Campinas
MLB2026-002266,2026-06-17,CAP-IP16-CRI,Capa iPhone 16 Cristal Espelhada,Cristal,Prata,3,37.9,113.7,41.13,63.54,55.9,12.9,9.03,0.0,0.0,0,0,Orgânico,Pix,,Concluída,52,103,RJ,Campos dos Goytacazes
MLB2026-002267,2026-06-17,CAP-IP16-CRI,Capa iPhone 16 Cristal Espelhada,Cristal,Prata,1,37.9,37.9,17.25,13.48,35.6,0.0,0.0,4.23,2.94,1626,37,Anúncios,Cartão de crédito,9,Concluída,52,102,SP,Osasco
MLB2026-002268,2026-06-17,CAP-GS25-SIL,Capa Galaxy S25 Ultra Silicone MagSafe,MagSafe,Preto,1,54.9,54.9,19.74,31.87,58.1,0.0,0.0,0.0,3.29,3151,89,Anúncios,Cartão de crédito,9,Concluída,28,0,SP,Guarulhos
MLB2026-002269,2026-06-17,CAP-IP13-MAG,Capa iPhone 13 Silicone MagSafe,MagSafe,Branco,1,44.9,44.9,20.11,24.79,55.2,0.0,0.0,0.0,0.0,0,0,Orgânico,Cartão de crédito,9,Concluída,37,0,PR,Londrina
MLB2026-002270,2026-06-17,CAP-GA54-SIL,Capa Galaxy A54 Silicone Vermelho,Silicone,Vermelho,2,18.9,37.8,15.58,22.22,58.8,0.0,0.0,0.0,0.0,0,0,Orgânico,Pix,,Concluída,17,147,MA,Imperatriz
MLB2026-002271,2026-06-17,CAP-R13C-SIL,Capa Redmi 13C Silicone Azul,Silicone,Azul,1,17.9,17.9,8.31,4.13,23.1,0.0,0.0,2.28,3.18,2337,57,Anúncios,Pix,,Concluída,46,0,GO,Goiânia
MLB2026-002272,2026-06-18,CAP-IP15-SIL,Capa de Celular iPhone 15 Silicone Fosca,Silicone,Preto,1,24.9,24.9,9.55,10.93,43.9,0.0,0.0,0.0,4.42,2678,22,Anúncios,Cartão de crédito,6,Concluída,49,0,DF,Ceilândia
MLB2026-002273,2026-06-18,CAP-IP15-CRI,Capa iPhone 15 Acrílico Cristal Transparente,Cristal,Transparente,1,29.9,29.9,14.93,1.04,3.5,19.9,13.93,0.0,0.0,0,0,Orgânico,Pix,,Devolvida,26,0,ES,Vitória
MLB2026-002274,2026-06-18,CAP-IP16-MAG,Capa iPhone 16 Silicone com MagSafe,MagSafe,Azul,1,49.9,49.9,23.08,19.51,39.1,0.0,0.0,4.72,2.59,2252,28,Anúncios,Boleto,,Concluída,64,92,SP,Guarulhos
MLB2026-002275,2026-06-18,CAP-IP13-SIL,Capa iPhone 13 Silicone Colorida,Silicone,Rosa,2,21.9,43.8,17.32,10.56,24.1,19.9,13.93,0.0,1.99,564,6,Anúncios,Cartão de crédito,9,Devolvida,45,161,MG,Uberlândia
MLB2026-002276,2026-06-18,CAP-GS25-COU,Capa Galaxy S25 Ultra Couro Premium,Couro,Marrom,1,69.9,69.9,28.02,41.88,59.9,0.0,0.0,0.0,0.0,0,0,Orgânico,Cartão de crédito,9,Concluída,48,132,SP,São Paulo
MLB2026-002277,2026-06-18,CAP-GS25-COU,Capa Galaxy S25 Ultra Couro Premium,Couro,Marrom,1,69.9,69.9,24.56,44.37,63.5,0.0,0.0,0.0,0.97,2787,65,Anúncios,Cartão de crédito,12,Pendente,48,131,MG,Contagem
MLB2026-002278,2026-06-18,CAP-GS25-COU,Capa Galaxy S25 Ultra Couro Premium,Couro,Marrom,2,69.9,139.8,56.4,83.4,59.7,0.0,0.0,0.0,0.0,0,0,Orgânico,Cartão de crédito,,Concluída,48,129,RS,Canoas
MLB2026-002279,2026-06-18,CAP-GS24-SIL,Capa Galaxy S24 Silicone com Anel,Silicone,Azul,1,29.9,29.9,13.04,2.93,9.8,19.9,13.93,0.0,0.0,0,0,Orgânico,Cartão de crédito,12,Concluída,22,86,ES,Vitória
MLB2026-002280,2026-06-18,CAP-GS23-TPU,Capa Galaxy S23 TPU Camuflada,TPU,Camuflado,1,19.9,19.9,9.66,10.24,51.5,0.0,0.0,0.0,0.0,0,0,Orgânico,Cartão de crédito,3,Enviada,31,162,PE,Olinda
MLB2026-002281,2026-06-18,CAP-GS23-TPU,Capa Galaxy S23 TPU Camuflada,TPU,Camuflado,1,19.9,19.9,7.93,-1.96,-9.8,19.9,13.93,0.0,0.0,0,0,Orgânico,Pix,,Cancelada,31,161,SP,São Bernardo do Campo
MLB2026-002282,2026-06-18,CAP-GS23-TPU,Capa Galaxy S23 TPU Camuflada,TPU,Camuflado,1,19.9,19.9,8.76,2.11,10.6,12.9,9.03,0.0,0.0,0,0,Orgânico,Boleto,,Concluída,31,160,SP,São Bernardo do Campo
MLB2026-002283,2026-06-18,CAP-MG85-SIL,Capa Moto G85 Silicone Azul,Silicone,Azul,1,19.9,19.9,8.53,-2.56,-12.9,19.9,13.93,0.0,0.0,0,0,Orgânico,Cartão de crédito,3,Concluída,5,151,MG,Belo Horizonte
MLB2026-002284,2026-06-18,CAP-IP12-PLU,Capinha iPhone 12 Pelúcia,Pelúcia,Amarelo,1,33.9,33.9,13.15,8.42,24.8,12.9,9.03,0.0,3.3,2907,79,Anúncios,Cartão de crédito,6,Concluída,9,214,SP,São Bernardo do Campo
MLB2026-002285,2026-06-18,CAP-IP12-PLU,Capinha iPhone 12 Pelúcia,Pelúcia,Amarelo,1,33.9,33.9,12.5,12.37,36.5,12.9,9.03,0.0,0.0,0,0,Orgânico,Pix,,Concluída,9,213,CE,Sobral
MLB2026-002286,2026-06-18,CAP-GS24-COU,Capa Galaxy S24 Couro Premium,Couro,Preto,1,64.9,64.9,29.29,35.61,54.9,0.0,0.0,0.0,0.0,0,0,Orgânico,Cartão de crédito,,Concluída,36,148,SP,São Paulo
MLB2026-002287,2026-06-18,CAP-R13C-SIL,Capa Redmi 13C Silicone Azul,Silicone,Azul,1,17.9,17.9,6.29,2.58,14.4,12.9,9.03,0.0,0.0,0,0,Orgânico,Cartão de crédito,12,Concluída,16,0,PR,Londrina
MLB2026-002288,2026-06-19,CAP-IP13-SIL,Capa iPhone 13 Silicone Colorida,Silicone,Rosa,1,21.9,21.9,10.68,11.22,51.2,0.0,0.0,0.0,0.0,0,0,Orgânico,Pix,,Concluída,66,160,PR,Londrina
MLB2026-002289,2026-06-19,CAP-IP12-TPU,Capa iPhone 12 TPU Transparente,TPU,Transparente,1,16.9,16.9,6.46,-4.32,-25.6,19.9,13.93,0.0,0.83,3061,59,Anúncios,Pix,,Concluída,18,0,AM,Parintins
MLB2026-002290,2026-06-19,CAP-GA55-CRI,Capa Galaxy A55 Cristal Ultra Fino,Cristal,Transparente,1,26.9,26.9,13.09,3.28,12.2,12.9,9.03,0.0,1.5,2636,66,Anúncios,Pix,,Concluída,75,56,BA,Vitória da Conquista
MLB2026-002291,2026-06-19,CAP-GA54-TPU,Capa Galaxy A54 TPU Antirrisco,TPU,Cinza,1,15.9,15.9,6.19,0.68,4.3,12.9,9.03,0.0,0.0,0,0,Orgânico,Cartão de crédito,12,Cancelada,51,109,GO,Aparecida de Goiânia
MLB2026-002292,2026-06-19,CAP-GA54-TPU,Capa Galaxy A54 TPU Antirrisco,TPU,Cinza,1,15.9,15.9,5.62,-6.76,-42.5,19.9,13.93,0.0,3.11,1738,28,Anúncios,Cartão de crédito,,Enviada,51,108,SC,Florianópolis
MLB2026-002293,2026-06-19,CAP-R11-PLU,Capa realme 11 Pelúcia Fofinha,Pelúcia,Rosa,1,34.9,34.9,14.67,11.2,32.1,12.9,9.03,0.0,0.0,0,0,Orgânico,Pix,,Concluída,7,51,SC,Joinville
MLB2026-002294,2026-06-19,CAP-MG84-TPU,Capa Moto G84 TPU Transparente,TPU,Transparente,1,15.9,15.9,6.37,-4.4,-27.7,19.9,13.93,0.0,0.0,0,0,Orgânico,Pix,,Concluída,13,105,PE,Caruaru
MLB2026-002295,2026-06-19,CAP-MG85-SIL,Capa Moto G85 Silicone Azul,Silicone,Azul,1,19.9,19.9,9.04,-3.07,-15.4,19.9,13.93,0.0,0.0,0,0,Orgânico,Pix,,Concluída,41,150,MG,Uberlândia
MLB2026-002296,2026-06-19,CAP-MG85-SIL,Capa Moto G85 Silicone Azul,Silicone,Azul,1,19.9,19.9,9.45,-6.77,-34.0,19.9,13.93,0.0,3.29,2041,9,Anúncios,Pix,,Concluída,41,149,MG,Contagem
MLB2026-002297,2026-06-19,CAP-IP15-PLU,Capa iPhone 15 Pelúcia Colorida,Pelúcia,Rosa,1,39.9,39.9,15.66,24.24,60.8,0.0,0.0,0.0,0.0,0,0,Orgânico,Cartão de crédito,,Concluída,18,110,SP,Campinas
MLB2026-002298,2026-06-19,CAP-IP16-CRI,Capa iPhone 16 Cristal Espelhada,Cristal,Prata,1,37.9,37.9,16.56,21.34,56.3,0.0,0.0,0.0,0.0,0,0,Orgânico,Pix,,Concluída,22,101,PR,Maringá
MLB2026-002299,2026-06-19,CAP-GS25-SIL,Capa Galaxy S25 Ultra Silicone MagSafe,MagSafe,Preto,1,54.9,54.9,23.37,31.53,57.4,0.0,0.0,0.0,0.0,0,0,Orgânico,Boleto,,Concluída,24,0,SP,São Bernardo do Campo
MLB2026-002300,2026-06-19,CAP-IP12-PLU,Capinha iPhone 12 Pelúcia,Pelúcia,Amarelo,1,33.9,33.9,15.56,4.41,13.0,19.9,13.93,0.0,0.0,0,0,Orgânico,Boleto,,Concluída,3,212,RS,Pelotas
MLB2026-002301,2026-06-19,CAP-R12-SUP,Capa realme 12 com Suporte,Com Suporte,Cinza,1,33.9,33.9,15.38,1.41,4.2,19.9,13.93,0.0,3.18,1904,25,Anúncios,Pix,,Concluída,9,190,SP,Osasco
MLB2026-002302,2026-06-19,CAP-IP15-AGU,Capa iPhone 15 À Prova d'Água,À Prova d'Água,Preto,1,57.9,57.9,23.33,34.57,59.7,0.0,0.0,0.0,0.0,0,0,Orgânico,Pix,,Pendente,19,80,RS,Porto Alegre
MLB2026-002303,2026-06-20,CAP-IP14-COU,Capa iPhone 14 Couro Sintético Premium,Couro,Marrom,2,44.9,89.8,39.52,47.65,53.1,0.0,0.0,0.0,2.63,1559,31,Anúncios,Boleto,,Concluída,14,59,CE,Juazeiro do Norte
MLB2026-002304,2026-06-20,CAP-IP12-TPU,Capa iPhone 12 TPU Transparente,TPU,Transparente,1,16.9,16.9,6.12,10.78,63.8,0.0,0.0,0.0,0.0,0,0,Orgânico,Cartão de crédito,9,Concluída,36,0,GO,Aparecida de Goiânia
MLB2026-002305,2026-06-20,CAP-IP11-SIL,Capinha iPhone 11 Silicone Antichoque,Silicone,Preto,1,15.9,15.9,7.46,-0.59,-3.7,12.9,9.03,0.0,0.0,0,0,Orgânico,Pix,,Concluída,40,0,SC,Blumenau
MLB2026-002306,2026-06-20,CAP-IP11-SIL,Capinha iPhone 11 Silicone Antichoque,Silicone,Preto,1,15.9,15.9,7.47,-0.6,-3.8,12.9,9.03,0.0,0.0,0,0,Orgânico,Pix,,Concluída,40,0,DF,Taguatinga
MLB2026-002307,2026-06-20,CAP-GA55-SIL,Capa Galaxy A55 Silicone Fosca,Silicone,Verde,1,22.9,22.9,8.99,-0.02,-0.1,19.9,13.93,0.0,0.0,0,0,Orgânico,Cartão de crédito,6,Enviada,38,48,RJ,Rio de Janeiro
MLB2026-002308,2026-06-20,CAP-GA55-SIL,Capa Galaxy A55 Silicone Fosca,Silicone,Verde,1,22.9,22.9,11.35,-6.49,-28.3,19.9,13.93,0.0,4.11,1241,27,Anúncios,Pix,,Concluída,38,47,ES,Vitória
MLB2026-002309,2026-06-20,CAP-GS25-COU,Capa Galaxy S25 Ultra Couro Premium,Couro,Marrom,1,69.9,69.9,28.1,41.8,59.8,0.0,0.0,0.0,0.0,0,0,Orgânico,Cartão de crédito,12,Concluída,4,128,RS,Canoas
MLB2026-002310,2026-06-20,CAP-GS23-TPU,Capa Galaxy S23 TPU Camuflada,TPU,Camuflado,1,19.9,19.9,8.88,1.99,10.0,12.9,9.03,0.0,0.0,0,0,Orgânico,Boleto,,Concluída,7,159,MG,Belo Horizonte
MLB2026-002311,2026-06-20,CAP-GS23-TPU,Capa Galaxy S23 TPU Camuflada,TPU,Camuflado,1,19.9,19.9,7.23,-4.87,-24.5,19.9,13.93,0.0,3.61,392,8,Anúncios,Pix,,Concluída,7,158,SP,São Paulo
MLB2026-002312,2026-06-20,CAP-GS23-TPU,Capa Galaxy S23 TPU Camuflada,TPU,Camuflado,1,19.9,19.9,9.38,-3.41,-17.1,19.9,13.93,0.0,0.0,0,0,Orgânico,Pix,,Concluída,7,157,PE,Olinda
MLB2026-002313,2026-06-20,CAP-RN13-SUP,Capa Redmi Note 13 com Suporte,Com Suporte,Preto,1,32.9,32.9,14.68,13.98,42.5,0.0,0.0,0.0,4.24,1508,8,Anúncios,Cartão de crédito,,Concluída,17,147,SP,Guarulhos
MLB2026-002314,2026-06-20,CAP-R12-SIL,Capa realme 12 Silicone Fosca,Silicone,Branco,1,20.9,20.9,10.02,8.83,42.2,0.0,0.0,0.0,2.05,2017,8,Anúncios,Pix,,Concluída,14,105,CE,Sobral
MLB2026-002315,2026-06-20,CAP-R11-PLU,Capa realme 11 Pelúcia Fofinha,Pelúcia,Rosa,1,34.9,34.9,13.3,18.69,53.6,0.0,0.0,1.97,0.94,1955,27,Anúncios,Pix,,Enviada,5,50,RJ,Campos dos Goytacazes
MLB2026-002316,2026-06-20,CAP-R11-PLU,Capa realme 11 Pelúcia Fofinha,Pelúcia,Rosa,3,34.9,104.7,44.94,47.66,45.5,12.9,9.03,3.07,0.0,0,0,Orgânico,Pix,,Enviada,5,47,RJ,Niterói
MLB2026-002317,2026-06-20,CAP-MG84-TPU,Capa Moto G84 TPU Transparente,TPU,Transparente,1,15.9,15.9,6.76,0.11,0.7,12.9,9.03,0.0,0.0,0,0,Orgânico,Cartão de crédito,,Concluída,66,104,BA,Feira de Santana
MLB2026-002318,2026-06-20,CAP-MG84-TPU,Capa Moto G84 TPU Transparente,TPU,Transparente,1,15.9,15.9,6.38,-1.6,-10.1,12.9,9.03,2.09,0.0,0,0,Orgânico,Cartão de crédito,3,Concluída,66,103,DF,Ceilândia
MLB2026-002319,2026-06-20,CAP-IP15-PLU,Capa iPhone 15 Pelúcia Colorida,Pelúcia,Rosa,1,39.9,39.9,19.43,16.23,40.7,0.0,0.0,0.0,4.24,913,4,Anúncios,Pix,,Concluída,21,109,SP,Campinas
MLB2026-002320,2026-06-20,CAP-IP16-CRI,Capa iPhone 16 Cristal Espelhada,Cristal,Prata,1,37.9,37.9,15.67,22.23,58.7,0.0,0.0,0.0,0.0,0,0,Orgânico,Cartão de débito,,Concluída,42,100,RS,Caxias do Sul
MLB2026-002321,2026-06-20,CAP-IP16-PLU,Capa iPhone 16 Pelúcia Colorida,Pelúcia,Verde,1,41.9,41.9,18.63,19.49,46.5,0.0,0.0,3.78,0.0,0,0,Orgânico,Cartão de crédito,3,Concluída,14,45,SP,Campinas
MLB2026-002322,2026-06-20,CAP-GS24-COU,Capa Galaxy S24 Couro Premium,Couro,Preto,1,64.9,64.9,26.79,38.11,58.7,0.0,0.0,0.0,0.0,0,0,Orgânico,Pix,,Concluída,20,147,SC,Blumenau
MLB2026-002323,2026-06-20,CAP-IP13-MAG,Capa iPhone 13 Silicone MagSafe,MagSafe,Branco,1,44.9,44.9,15.91,28.99,64.6,0.0,0.0,0.0,0.0,0,0,Orgânico,Cartão de crédito,9,Concluída,57,0,SP,Campinas
MLB2026-002324,2026-06-20,CAP-GA54-SIL,Capa Galaxy A54 Silicone Vermelho,Silicone,Vermelho,1,18.9,18.9,7.54,-6.42,-34.0,19.9,13.93,0.0,3.85,2410,42,Anúncios,Pix,,Concluída,49,146,CE,Sobral
MLB2026-002325,2026-06-21,CAP-IP16-MAG,Capa iPhone 16 Silicone com MagSafe,MagSafe,Azul,1,49.9,49.9,24.11,25.79,51.7,0.0,0.0,0.0,0.0,0,0,Orgânico,Boleto,,Concluída,16,91,PE,Petrolina
MLB2026-002326,2026-06-21,CAP-IP13-SIL,Capa iPhone 13 Silicone Colorida,Silicone,Rosa,1,21.9,21.9,9.46,-4.24,-19.4,19.9,13.93,0.0,2.75,1183,6,Anúncios,Boleto,,Cancelada,27,159,SP,São Bernardo do Campo
MLB2026-002327,2026-06-21,CAP-GA55-CRI,Capa Galaxy A55 Cristal Ultra Fino,Cristal,Transparente,1,26.9,26.9,10.89,12.68,47.1,0.0,0.0,0.0,3.33,1443,25,Anúncios,Pix,,Concluída,33,55,BA,Feira de Santana
MLB2026-002328,2026-06-21,CAP-GA54-TPU,Capa Galaxy A54 TPU Antirrisco,TPU,Cinza,1,15.9,15.9,6.79,-9.1,-57.2,19.9,13.93,0.0,4.28,779,11,Anúncios,Pix,,Cancelada,36,107,SC,Chapecó
MLB2026-002329,2026-06-21,CAP-GA56-MAG,Capa Galaxy A56 com MagSafe,MagSafe,Roxo,1,47.9,47.9,19.72,28.18,58.8,0.0,0.0,0.0,0.0,0,0,Orgânico,Pix,,Cancelada,26,40,SP,Guarulhos
MLB2026-002330,2026-06-21,CAP-RN13-SUP,Capa Redmi Note 13 com Suporte,Com Suporte,Preto,1,32.9,32.9,11.79,10.66,32.4,12.9,9.03,0.0,1.42,854,22,Anúncios,Pix,,Concluída,10,146,BA,Salvador
MLB2026-002331,2026-06-21,CAP-R12-SIL,Capa realme 12 Silicone Fosca,Silicone,Branco,1,20.9,20.9,8.52,-2.68,-12.8,19.9,13.93,0.0,1.13,903,24,Anúncios,Boleto,,Concluída,42,104,BA,Salvador
MLB2026-002332,2026-06-21,CAP-R12-SIL,Capa realme 12 Silicone Fosca,Silicone,Branco,2,20.9,41.8,14.66,23.97,57.3,0.0,0.0,0.0,3.17,1321,15,Anúncios,Pix,,Concluída,42,102,BA,Salvador
MLB2026-002333,2026-06-21,CAP-GS25-SIL,Capa Galaxy S25 Ultra Silicone MagSafe,MagSafe,Preto,1,54.9,54.9,20.58,34.32,62.5,0.0,0.0,0.0,0.0,0,0,Orgânico,Pix,,Concluída,17,0,ES,Vila Velha
MLB2026-002334,2026-06-21,CAP-MG85-TPU,Capa Moto G85 TPU Cinza,TPU,Cinza,1,16.9,16.9,7.48,9.42,55.7,0.0,0.0,0.0,0.0,0,0,Orgânico,Boleto,,Concluída,13,0,MG,Belo Horizonte
MLB2026-002335,2026-06-21,CAP-IP15-AGU,Capa iPhone 15 À Prova d'Água,À Prova d'Água,Preto,2,57.9,115.8,49.34,66.46,57.4,0.0,0.0,0.0,0.0,0,0,Orgânico,Pix,,Concluída,76,78,RJ,Niterói
MLB2026-002336,2026-06-22,CAP-IP15-SIL,Capa de Celular iPhone 15 Silicone Fosca,Silicone,Preto,1,24.9,24.9,11.93,-0.96,-3.9,19.9,13.93,0.0,0.0,0,0,Orgânico,Boleto,,Concluída,28,0,DF,Taguatinga
MLB2026-002337,2026-06-22,CAP-IP15-CRI,Capa iPhone 15 Acrílico Cristal Transparente,Cristal,Transparente,1,29.9,29.9,14.54,15.36,51.4,0.0,0.0,0.0,0.0,0,0,Orgânico,Cartão de crédito,6,Concluída,42,0,SP,São Paulo
MLB2026-002338,2026-06-22,CAP-IP15-CRI,Capa iPhone 15 Acrílico Cristal Transparente,Cristal,Transparente,1,29.9,29.9,12.22,-1.11,-3.7,19.9,13.93,0.73,4.13,2690,24,Anúncios,Pix,,Enviada,42,0,RS,Canoas
MLB2026-002339,2026-06-22,CAP-IP14-COU,Capa iPhone 14 Couro Sintético Premium,Couro,Marrom,1,44.9,44.9,22.06,15.9,35.4,0.0,0.0,2.56,4.38,1178,16,Anúncios,Pix,,Concluída,8,58,MG,Belo Horizonte
MLB2026-002340,2026-06-22,CAP-IP14-COU,Capa iPhone 14 Couro Sintético Premium,Couro,Marrom,3,44.9,134.7,59.22,74.01,54.9,0.0,0.0,0.0,1.47,1724,7,Anúncios,Pix,,Concluída,8,55,RJ,Niterói
MLB2026-002341,2026-06-22,CAP-IP12-TPU,Capa iPhone 12 TPU Transparente,TPU,Transparente,1,16.9,16.9,7.15,-3.17,-18.8,12.9,9.03,3.89,0.0,0,0,Orgânico,Pix,,Concluída,30,0,SP,São Paulo
MLB2026-002342,2026-06-22,CAP-GA55-SIL,Capa Galaxy A55 Silicone Fosca,Silicone,Verde,1,22.9,22.9,9.71,-4.13,-18.0,19.9,13.93,0.0,3.39,3063,56,Anúncios,Pix,,Concluída,18,46,CE,Fortaleza
MLB2026-002343,2026-06-22,CAP-GA55-CRI,Capa Galaxy A55 Cristal Ultra Fino,Cristal,Transparente,1,26.9,26.9,11.36,-0.37,-1.4,12.9,9.03,4.2,2.68,3396,100,Anúncios,Pix,,Concluída,53,54,MG,Uberlândia
MLB2026-002344,2026-06-22,CAP-GA56-MAG,Capa Galaxy A56 com MagSafe,MagSafe,Roxo,1,47.9,47.9,17.0,30.9,64.5,0.0,0.0,0.0,0.0,0,0,Orgânico,Pix,,Concluída,46,39,MG,Uberlândia
MLB2026-002345,2026-06-22,CAP-GA56-MAG,Capa Galaxy A56 com MagSafe,MagSafe,Roxo,1,47.9,47.9,16.82,31.08,64.9,0.0,0.0,0.0,0.0,0,0,Orgânico,Cartão de crédito,3,Concluída,46,38,SC,Florianópolis
MLB2026-002346,2026-06-22,CAP-GS25-COU,Capa Galaxy S25 Ultra Couro Premium,Couro,Marrom,1,69.9,69.9,27.31,38.89,55.6,0.0,0.0,0.0,3.7,2507,35,Anúncios,Pix,,Concluída,28,127,AM,Manaus
MLB2026-002347,2026-06-22,CAP-GS24-SIL,Capa Galaxy S24 Silicone com Anel,Silicone,Azul,1,29.9,29.9,14.38,-1.75,-5.9,19.9,13.93,0.0,3.34,1235,17,Anúncios,Pix,,Concluída,62,85,RS,Canoas
MLB2026-002348,2026-06-22,CAP-GS24-SIL,Capa Galaxy S24 Silicone com Anel,Silicone,Azul,1,29.9,29.9,12.98,7.89,26.4,12.9,9.03,0.0,0.0,0,0,Orgânico,Pix,,Concluída,62,84,PR,Maringá
MLB2026-002349,2026-06-22,CAP-GS23-TPU,Capa Galaxy S23 TPU Camuflada,TPU,Camuflado,1,19.9,19.9,8.57,-2.6,-13.1,19.9,13.93,0.0,0.0,0,0,Orgânico,Pix,,Concluída,16,156,DF,Ceilândia
MLB2026-002350,2026-06-22,CAP-GS23-TPU,Capa Galaxy S23 TPU Camuflada,TPU,Camuflado,1,19.9,19.9,7.22,-1.25,-6.3,19.9,13.93,0.0,0.0,0,0,Orgânico,Boleto,,Concluída,16,155,SP,Campinas
MLB2026-002351,2026-06-22,CAP-R11-PLU,Capa realme 11 Pelúcia Fofinha,Pelúcia,Rosa,1,34.9,34.9,12.22,22.68,65.0,0.0,0.0,0.0,0.0,0,0,Orgânico,Pix,,Concluída,16,46,SC,Joinville
MLB2026-002352,2026-06-22,CAP-MG85-SIL,Capa Moto G85 Silicone Azul,Silicone,Azul,1,19.9,19.9,8.69,11.21,56.3,0.0,0.0,0.0,0.0,0,0,Orgânico,Cartão de crédito,,Concluída,41,148,SP,São Paulo
MLB2026-002353,2026-06-22,CAP-GA55-SUP,Capa Galaxy A55 com Suporte e Anel,Com Suporte,Preto,1,35.9,35.9,13.26,8.71,24.3,19.9,13.93,0.0,0.0,0,0,Orgânico,Pix,,Concluída,8,24,MG,Contagem
MLB2026-002354,2026-06-22,CAP-RN14-AGU,Capa Redmi Note 14 À Prova d'Água,À Prova d'Água,Azul,2,54.9,109.8,40.92,68.88,62.7,0.0,0.0,0.0,0.0,0,0,Orgânico,Pix,,Concluída,9,46,SP,São Paulo
MLB2026-002355,2026-06-22,CAP-RN14-AGU,Capa Redmi Note 14 À Prova d'Água,À Prova d'Água,Azul,1,54.9,54.9,26.35,28.55,52.0,0.0,0.0,0.0,0.0,0,0,Orgânico,Boleto,,Concluída,9,45,AM,Manaus
MLB2026-002356,2026-06-22,CAP-MG84-SUP,Capa Moto G84 com Suporte,Com Suporte,Preto,1,29.9,29.9,13.52,7.35,24.6,12.9,9.03,0.0,0.0,0,0,Orgânico,Pix,,Concluída,10,143,MG,Uberlândia
MLB2026-002357,2026-06-22,CAP-IP13-MAG,Capa iPhone 13 Silicone MagSafe,MagSafe,Branco,1,44.9,44.9,20.67,24.23,54.0,0.0,0.0,0.0,0.0,0,0,Orgânico,Cartão de débito,,Concluída,40,0,AM,Manaus
MLB2026-002358,2026-06-22,CAP-MG85-TPU,Capa Moto G85 TPU Cinza,TPU,Cinza,1,16.9,16.9,6.62,-5.49,-32.5,19.9,13.93,0.0,1.84,777,16,Anúncios,Pix,,Cancelada,6,0,ES,Vitória
MLB2026-002359,2026-06-22,CAP-IP15-AGU,Capa iPhone 15 À Prova d'Água,À Prova d'Água,Preto,1,57.9,57.9,23.41,34.49,59.6,0.0,0.0,0.0,0.0,0,0,Orgânico,Boleto,,Concluída,10,77,SP,Campinas
MLB2026-002360,2026-06-22,CAP-GA54-SIL,Capa Galaxy A54 Silicone Vermelho,Silicone,Vermelho,1,18.9,18.9,7.0,11.9,63.0,0.0,0.0,0.0,0.0,0,0,Orgânico,Pix,,Concluída,57,145,CE,Fortaleza
MLB2026-002361,2026-06-22,CAP-R13C-SIL,Capa Redmi 13C Silicone Azul,Silicone,Azul,1,17.9,17.9,7.23,1.64,9.2,12.9,9.03,0.0,0.0,0,0,Orgânico,Boleto,,Concluída,36,0,SP,Guarulhos
MLB2026-002362,2026-06-22,CAP-R13C-SIL,Capa Redmi 13C Silicone Azul,Silicone,Azul,1,17.9,17.9,7.73,-3.76,-21.0,19.9,13.93,0.0,0.0,0,0,Orgânico,Cartão de crédito,12,Concluída,36,0,RJ,Duque de Caxias
MLB2026-002363,2026-06-23,CAP-IP15-SIL,Capa de Celular iPhone 15 Silicone Fosca,Silicone,Preto,1,24.9,24.9,8.92,9.54,38.3,0.0,0.0,3.35,3.09,2849,81,Anúncios,Cartão de crédito,12,Concluída,19,0,PR,Londrina
MLB2026-002364,2026-06-23,CAP-IP16-MAG,Capa iPhone 16 Silicone com MagSafe,MagSafe,Azul,1,49.9,49.9,19.74,25.75,51.6,0.0,0.0,0.0,4.41,1032,17,Anúncios,Cartão de crédito,,Concluída,17,90,MG,Juiz de Fora
MLB2026-002365,2026-06-23,CAP-IP12-TPU,Capa iPhone 12 TPU Transparente,TPU,Transparente,1,16.9,16.9,6.73,-3.76,-22.2,19.9,13.93,0.0,0.0,0,0,Orgânico,Pix,,Concluída,96,0,BA,Vitória da Conquista
MLB2026-002366,2026-06-23,CAP-IP11-SIL,Capinha iPhone 11 Silicone Antichoque,Silicone,Preto,1,15.9,15.9,7.25,8.65,54.4,0.0,0.0,0.0,0.0,0,0,Orgânico,Pix,,Concluída,10,0,SP,Osasco
MLB2026-002367,2026-06-23,CAP-GA55-SIL,Capa Galaxy A55 Silicone Fosca,Silicone,Verde,1,22.9,22.9,8.44,14.46,63.1,0.0,0.0,0.0,0.0,0,0,Orgânico,Pix,,Concluída,105,45,PR,Londrina
MLB2026-002368,2026-06-23,CAP-GA55-SIL,Capa Galaxy A55 Silicone Fosca,Silicone,Verde,1,22.9,22.9,8.98,-2.85,-12.4,19.9,13.93,2.84,0.0,0,0,Orgânico,Pix,,Concluída,105,44,MG,Contagem
MLB2026-002369,2026-06-23,CAP-GA55-SIL,Capa Galaxy A55 Silicone Fosca,Silicone,Verde,2,22.9,45.8,18.32,11.03,24.1,19.9,13.93,0.0,2.52,3282,70,Anúncios,Pix,,Concluída,105,42,MG,Uberlândia
MLB2026-002370,2026-06-23,CAP-GA55-CRI,Capa Galaxy A55 Cristal Ultra Fino,Cristal,Transparente,1,26.9,26.9,11.25,15.65,58.2,0.0,0.0,0.0,0.0,0,0,Orgânico,Cartão de crédito,,Concluída,21,53,DF,Taguatinga
MLB2026-002371,2026-06-23,CAP-GA54-TPU,Capa Galaxy A54 TPU Antirrisco,TPU,Cinza,1,15.9,15.9,7.83,-5.86,-36.9,19.9,13.93,0.0,0.0,0,0,Orgânico,Cartão de crédito,,Concluída,11,106,SP,Osasco
MLB2026-002372,2026-06-23,CAP-GS25-COU,Capa Galaxy S25 Ultra Couro Premium,Couro,Marrom,1,69.9,69.9,30.44,39.46,56.5,0.0,0.0,0.0,0.0,0,0,Orgânico,Cartão de crédito,9,Concluída,32,126,MG,Uberlândia
MLB2026-002373,2026-06-23,CAP-RN14-SIL,Capa Redmi Note 14 Silicone,Silicone,Preto,1,18.9,18.9,9.07,8.42,44.6,0.0,0.0,0.0,1.41,2706,49,Anúncios,Pix,,Concluída,52,64,SP,São Bernardo do Campo
MLB2026-002374,2026-06-23,CAP-MG84-TPU,Capa Moto G84 TPU Transparente,TPU,Transparente,1,15.9,15.9,6.32,0.55,3.5,12.9,9.03,0.0,0.0,0,0,Orgânico,Pix,,Concluída,57,102,SP,São Paulo
MLB2026-002375,2026-06-23,CAP-ME50-COU,Capa Moto Edge 50 Couro Sintético,Couro,Marrom,2,59.9,119.8,42.84,76.05,63.5,0.0,0.0,0.0,0.91,1375,10,Anúncios,Cartão de crédito,,Concluída,24,24,SP,São Paulo
MLB2026-002376,2026-06-23,CAP-RN14-AGU,Capa Redmi Note 14 À Prova d'Água,À Prova d'Água,Azul,1,54.9,54.9,20.06,34.84,63.5,0.0,0.0,0.0,0.0,0,0,Orgânico,Cartão de crédito,,Pendente,15,44,MG,Uberlândia
MLB2026-002377,2026-06-23,CAP-IP16-CRI,Capa iPhone 16 Cristal Espelhada,Cristal,Prata,1,37.9,37.9,17.53,19.4,51.2,0.0,0.0,0.0,0.97,951,26,Anúncios,Cartão de crédito,12,Concluída,43,99,GO,Aparecida de Goiânia
MLB2026-002378,2026-06-23,CAP-IP13-MAG,Capa iPhone 13 Silicone MagSafe,MagSafe,Branco,1,44.9,44.9,21.02,23.88,53.2,0.0,0.0,0.0,0.0,0,0,Orgânico,Cartão de crédito,,Concluída,27,0,PE,Olinda
MLB2026-002379,2026-06-23,CAP-R12-SUP,Capa realme 12 com Suporte,Com Suporte,Cinza,1,33.9,33.9,15.76,14.36,42.4,0.0,0.0,0.0,3.78,884,14,Anúncios,Pix,,Concluída,23,189,BA,Feira de Santana
MLB2026-002380,2026-06-23,CAP-R13C-SIL,Capa Redmi 13C Silicone Azul,Silicone,Azul,1,17.9,17.9,8.65,-4.68,-26.1,19.9,13.93,0.0,0.0,0,0,Orgânico,Pix,,Concluída,22,0,SP,São Paulo
MLB2026-002381,2026-06-23,CAP-R13C-SIL,Capa Redmi 13C Silicone Azul,Silicone,Azul,1,17.9,17.9,8.36,7.21,40.3,0.0,0.0,0.0,2.33,759,15,Anúncios,Cartão de crédito,12,Concluída,22,0,AM,Parintins
MLB2026-002382,2026-06-24,CAP-IP15-SIL,Capa de Celular iPhone 15 Silicone Fosca,Silicone,Preto,1,24.9,24.9,11.76,2.09,8.4,12.9,9.03,0.0,2.02,928,14,Anúncios,Cartão de crédito,,Concluída,131,0,ES,Vila Velha
MLB2026-002383,2026-06-24,CAP-IP15-CRI,Capa iPhone 15 Acrílico Cristal Transparente,Cristal,Transparente,1,29.9,29.9,12.55,-4.06,-13.6,19.9,13.93,3.5,3.98,697,8,Anúncios,Cartão de crédito,12,Concluída,42,0,SC,Blumenau
MLB2026-002384,2026-06-24,CAP-IP14-COU,Capa iPhone 14 Couro Sintético Premium,Couro,Marrom,1,44.9,44.9,21.4,21.71,48.4,0.0,0.0,1.79,0.0,0,0,Orgânico,Cartão de débito,,Concluída,13,54,SP,Campinas
MLB2026-002385,2026-06-24,CAP-IP12-TPU,Capa iPhone 12 TPU Transparente,TPU,Transparente,1,16.9,16.9,5.98,10.92,64.6,0.0,0.0,0.0,0.0,0,0,Orgânico,Pix,,Concluída,9,0,GO,Anápolis
MLB2026-002386,2026-06-24,CAP-IP12-TPU,Capa iPhone 12 TPU Transparente,TPU,Transparente,1,16.9,16.9,7.29,-2.72,-16.1,12.9,9.03,0.0,3.3,3343,65,Anúncios,Boleto,,Concluída,9,0,RJ,Niterói
MLB2026-002387,2026-06-24,CAP-GA55-SIL,Capa Galaxy A55 Silicone Fosca,Silicone,Verde,1,22.9,22.9,10.32,10.71,46.8,0.0,0.0,0.0,1.87,2941,81,Anúncios,Cartão de débito,,Concluída,27,41,CE,Fortaleza
MLB2026-002388,2026-06-24,CAP-GS25-COU,Capa Galaxy S25 Ultra Couro Premium,Couro,Marrom,1,69.9,69.9,29.35,40.55,58.0,0.0,0.0,0.0,0.0,0,0,Orgânico,Pix,,Concluída,37,125,RS,Porto Alegre
MLB2026-002389,2026-06-24,CAP-GS24-SIL,Capa Galaxy S24 Silicone com Anel,Silicone,Azul,1,29.9,29.9,14.81,15.09,50.5,0.0,0.0,0.0,0.0,0,0,Orgânico,Pix,,Concluída,35,83,MG,Juiz de Fora
MLB2026-002390,2026-06-24,CAP-GS24-SIL,Capa Galaxy S24 Silicone com Anel,Silicone,Azul,1,29.9,29.9,11.98,17.92,59.9,0.0,0.0,0.0,0.0,0,0,Orgânico,Cartão de crédito,,Cancelada,35,82,SP,Guarulhos
MLB2026-002391,2026-06-24,CAP-GS24-SIL,Capa Galaxy S24 Silicone com Anel,Silicone,Azul,1,29.9,29.9,10.51,15.52,51.9,0.0,0.0,0.0,3.87,834,4,Anúncios,Pix,,Concluída,35,81,PE,Olinda
MLB2026-002392,2026-06-24,CAP-RN14-SIL,Capa Redmi Note 14 Silicone,Silicone,Preto,1,18.9,18.9,7.24,-2.27,-12.0,19.9,13.93,0.0,0.0,0,0,Orgânico,Cartão de crédito,,Concluída,41,63,GO,Goiânia
MLB2026-002393,2026-06-24,CAP-RN14-SIL,Capa Redmi Note 14 Silicone,Silicone,Preto,1,18.9,18.9,8.76,1.11,5.9,12.9,9.03,0.0,0.0,0,0,Orgânico,Cartão de crédito,9,Concluída,41,62,RS,Caxias do Sul
MLB2026-002394,2026-06-24,CAP-RN14-SIL,Capa Redmi Note 14 Silicone,Silicone,Preto,1,18.9,18.9,6.88,-4.5,-23.8,19.9,13.93,0.0,2.59,2533,27,Anúncios,Pix,,Enviada,41,61,SP,Campinas
MLB2026-002395,2026-06-24,CAP-RN13-SUP,Capa Redmi Note 13 com Suporte,Com Suporte,Preto,1,32.9,32.9,15.5,3.47,10.5,19.9,13.93,0.0,0.0,0,0,Orgânico,Pix,,Concluída,16,145,SP,São Paulo
MLB2026-002396,2026-06-24,CAP-R11-PLU,Capa realme 11 Pelúcia Fofinha,Pelúcia,Rosa,1,34.9,34.9,15.07,19.83,56.8,0.0,0.0,0.0,0.0,0,0,Orgânico,Cartão de crédito,,Concluída,29,45,SP,São Paulo
MLB2026-002397,2026-06-24,CAP-MG85-SIL,Capa Moto G85 Silicone Azul,Silicone,Azul,1,19.9,19.9,8.98,-3.01,-15.1,19.9,13.93,0.0,0.0,0,0,Orgânico,Cartão de débito,,Concluída,13,147,PR,Londrina
MLB2026-002398,2026-06-24,CAP-RN14-AGU,Capa Redmi Note 14 À Prova d'Água,À Prova d'Água,Azul,1,54.9,54.9,23.02,31.88,58.1,0.0,0.0,0.0,0.0,0,0,Orgânico,Cartão de crédito,12,Concluída,9,43,RJ,Duque de Caxias
MLB2026-002399,2026-06-24,CAP-RN14-AGU,Capa Redmi Note 14 À Prova d'Água,À Prova d'Água,Azul,1,54.9,54.9,26.31,26.42,48.1,0.0,0.0,2.17,0.0,0,0,Orgânico,Pix,,Concluída,9,42,MG,Uberlândia
MLB2026-002400,2026-06-24,CAP-RN14-AGU,Capa Redmi Note 14 À Prova d'Água,À Prova d'Água,Azul,1,54.9,54.9,26.07,25.13,45.8,0.0,0.0,0.0,3.7,3364,13,Anúncios,Cartão de crédito,,Concluída,9,41,RJ,Rio de Janeiro
MLB2026-002401,2026-06-24,CAP-GA56-CRI,Capa Galaxy A56 Cristal Espelhada,Cristal,Prata,1,34.9,34.9,16.64,4.33,12.4,19.9,13.93,0.0,0.0,0,0,Orgânico,Cartão de crédito,,Concluída,37,68,RJ,Campos dos Goytacazes
MLB2026-002402,2026-06-24,CAP-GA56-CRI,Capa Galaxy A56 Cristal Espelhada,Cristal,Prata,1,34.9,34.9,15.01,19.89,57.0,0.0,0.0,0.0,0.0,0,0,Orgânico,Pix,,Concluída,37,67,MG,Belo Horizonte
MLB2026-002403,2026-06-24,CAP-RN14-PLU,Capa Redmi Note 14 Pelúcia,Pelúcia,Rosa,1,32.9,32.9,12.85,3.9,11.9,19.9,13.93,0.0,2.22,1236,25,Anúncios,Cartão de crédito,,Concluída,2,0,PR,Curitiba
MLB2026-002404,2026-06-24,CAP-IP13-MAG,Capa iPhone 13 Silicone MagSafe,MagSafe,Branco,1,44.9,44.9,21.31,19.19,42.7,0.0,0.0,0.0,4.4,2366,61,Anúncios,Pix,,Concluída,20,0,SP,Campinas
MLB2026-002405,2026-06-24,CAP-R12-SUP,Capa realme 12 com Suporte,Com Suporte,Cinza,1,33.9,33.9,15.43,5.87,17.3,12.9,9.03,0.0,3.57,2519,26,Anúncios,Pix,,Concluída,15,188,BA,Salvador
MLB2026-002406,2026-06-24,CAP-MG85-TPU,Capa Moto G85 TPU Cinza,TPU,Cinza,1,16.9,16.9,8.13,-5.16,-30.5,19.9,13.93,0.0,0.0,0,0,Orgânico,Pix,,Concluída,21,0,PR,Maringá
MLB2026-002407,2026-06-24,CAP-GA54-SIL,Capa Galaxy A54 Silicone Vermelho,Silicone,Vermelho,1,18.9,18.9,8.12,10.78,57.0,0.0,0.0,0.0,0.0,0,0,Orgânico,Pix,,Concluída,16,144,SC,Joinville
MLB2026-002408,2026-06-24,CAP-GA54-SIL,Capa Galaxy A54 Silicone Vermelho,Silicone,Vermelho,1,18.9,18.9,8.07,1.8,9.5,12.9,9.03,0.0,0.0,0,0,Orgânico,Cartão de crédito,3,Concluída,16,143,PE,Olinda
MLB2026-002409,2026-06-25,CAP-IP15-SIL,Capa de Celular iPhone 15 Silicone Fosca,Silicone,Preto,1,24.9,24.9,10.71,0.26,1.0,19.9,13.93,0.0,0.0,0,0,Orgânico,Cartão de crédito,9,Concluída,123,0,SP,Osasco
MLB2026-002410,2026-06-25,CAP-IP15-SIL,Capa de Celular iPhone 15 Silicone Fosca,Silicone,Preto,1,24.9,24.9,11.43,10.88,43.7,0.0,0.0,0.0,2.59,2863,62,Anúncios,Boleto,,Concluída,123,0,RJ,Duque de Caxias
MLB2026-002411,2026-06-25,CAP-IP14-COU,Capa iPhone 14 Couro Sintético Premium,Couro,Marrom,1,44.9,44.9,17.6,27.3,60.8,0.0,0.0,0.0,0.0,0,0,Orgânico,Boleto,,Concluída,16,53,SC,Blumenau
MLB2026-002412,2026-06-25,CAP-IP12-TPU,Capa iPhone 12 TPU Transparente,TPU,Transparente,1,16.9,16.9,7.81,9.09,53.8,0.0,0.0,0.0,0.0,0,0,Orgânico,Pix,,Concluída,34,0,RS,Porto Alegre
MLB2026-002413,2026-06-25,CAP-GS25-COU,Capa Galaxy S25 Ultra Couro Premium,Couro,Marrom,1,69.9,69.9,30.0,39.9,57.1,0.0,0.0,0.0,0.0,0,0,Orgânico,Pix,,Concluída,8,124,PE,Olinda
MLB2026-002414,2026-06-25,CAP-GS24-SIL,Capa Galaxy S24 Silicone com Anel,Silicone,Azul,1,29.9,29.9,12.23,8.64,28.9,12.9,9.03,0.0,0.0,0,0,Orgânico,Cartão de débito,,Concluída,57,80,SP,Guarulhos
MLB2026-002415,2026-06-25,CAP-GS24-SIL,Capa Galaxy S24 Silicone com Anel,Silicone,Azul,2,29.9,59.8,28.26,17.61,29.4,19.9,13.93,0.0,0.0,0,0,Orgânico,Cartão de crédito,,Concluída,57,78,CE,Sobral
MLB2026-002416,2026-06-25,CAP-RN13-TPU,Capa Redmi Note 13 TPU Cristal,TPU,Transparente,1,14.9,14.9,5.48,-6.49,-43.6,19.9,13.93,0.0,1.98,742,18,Anúncios,Cartão de crédito,9,Concluída,5,168,BA,Vitória da Conquista
MLB2026-002417,2026-06-25,CAP-RN13-TPU,Capa Redmi Note 13 TPU Cristal,TPU,Transparente,1,14.9,14.9,6.76,-4.26,-28.6,12.9,9.03,0.0,3.37,1200,13,Anúncios,Cartão de crédito,,Concluída,5,167,SP,São Bernardo do Campo
MLB2026-002418,2026-06-25,CAP-R12-SIL,Capa realme 12 Silicone Fosca,Silicone,Branco,1,20.9,20.9,8.84,1.06,5.1,12.9,9.03,0.0,1.97,1116,24,Anúncios,Cartão de crédito,9,Concluída,63,101,MG,Belo Horizonte
MLB2026-002419,2026-06-25,CAP-R11-PLU,Capa realme 11 Pelúcia Fofinha,Pelúcia,Rosa,2,34.9,69.8,34.7,26.07,37.3,12.9,9.03,0.0,0.0,0,0,Orgânico,Pix,,Concluída,16,43,RJ,Duque de Caxias
MLB2026-002420,2026-06-25,CAP-MG85-SIL,Capa Moto G85 Silicone Azul,Silicone,Azul,2,19.9,39.8,16.74,9.13,22.9,19.9,13.93,0.0,0.0,0,0,Orgânico,Pix,,Concluída,25,145,SP,Osasco
MLB2026-002421,2026-06-25,CAP-MG85-SIL,Capa Moto G85 Silicone Azul,Silicone,Azul,1,19.9,19.9,9.2,6.47,32.5,0.0,0.0,0.0,4.23,1390,7,Anúncios,Cartão de débito,,Concluída,25,144,RJ,Rio de Janeiro
MLB2026-002422,2026-06-25,CAP-GS25-SIL,Capa Galaxy S25 Ultra Silicone MagSafe,MagSafe,Preto,1,54.9,54.9,27.28,23.47,42.8,0.0,0.0,0.0,4.15,2296,51,Anúncios,Pix,,Concluída,12,0,SC,Joinville
MLB2026-002423,2026-06-25,CAP-IP16-PLU,Capa iPhone 16 Pelúcia Colorida,Pelúcia,Verde,1,41.9,41.9,18.34,9.63,23.0,19.9,13.93,0.0,0.0,0,0,Orgânico,Cartão de débito,,Concluída,15,44,AM,Manaus
MLB2026-002424,2026-06-26,CAP-IP15-CRI,Capa iPhone 15 Acrílico Cristal Transparente,Cristal,Transparente,1,29.9,29.9,11.13,18.77,62.8,0.0,0.0,0.0,0.0,0,0,Orgânico,Boleto,,Concluída,18,0,BA,Feira de Santana
MLB2026-002425,2026-06-26,CAP-IP12-TPU,Capa iPhone 12 TPU Transparente,TPU,Transparente,1,16.9,16.9,7.76,6.09,36.0,0.0,0.0,3.05,0.0,0,0,Orgânico,Pix,,Concluída,51,0,AM,Parintins
MLB2026-002426,2026-06-26,CAP-GA55-CRI,Capa Galaxy A55 Cristal Ultra Fino,Cristal,Transparente,1,26.9,26.9,9.93,3.04,11.3,19.9,13.93,0.0,0.0,0,0,Orgânico,Pix,,Concluída,56,52,CE,Fortaleza
MLB2026-002427,2026-06-26,CAP-GA55-CRI,Capa Galaxy A55 Cristal Ultra Fino,Cristal,Transparente,1,26.9,26.9,11.47,6.4,23.8,12.9,9.03,0.0,0.0,0,0,Orgânico,Pix,,Concluída,56,51,SP,São Bernardo do Campo
MLB2026-002428,2026-06-26,CAP-R12-SIL,Capa realme 12 Silicone Fosca,Silicone,Branco,1,20.9,20.9,8.14,12.76,61.1,0.0,0.0,0.0,0.0,0,0,Orgânico,Pix,,Concluída,65,100,MG,Juiz de Fora
MLB2026-002429,2026-06-26,CAP-MG85-SIL,Capa Moto G85 Silicone Azul,Silicone,Azul,1,19.9,19.9,9.06,-4.77,-24.0,19.9,13.93,0.0,1.68,3126,62,Anúncios,Pix,,Concluída,17,143,PR,Londrina
MLB2026-002430,2026-06-26,CAP-ME50-COU,Capa Moto Edge 50 Couro Sintético,Couro,Marrom,1,59.9,59.9,22.36,37.54,62.7,0.0,0.0,0.0,0.0,0,0,Orgânico,Pix,,Concluída,9,23,SC,Blumenau
MLB2026-002431,2026-06-26,CAP-GS25-SIL,Capa Galaxy S25 Ultra Silicone MagSafe,MagSafe,Preto,1,54.9,54.9,21.22,32.82,59.8,0.0,0.0,0.0,0.86,2697,26,Anúncios,Pix,,Concluída,57,0,SP,São Paulo
MLB2026-002432,2026-06-26,CAP-IP12-PLU,Capinha iPhone 12 Pelúcia,Pelúcia,Amarelo,1,33.9,33.9,14.1,11.34,33.5,0.0,0.0,4.48,3.98,2499,58,Anúncios,Cartão de crédito,,Concluída,9,211,SP,Guarulhos
MLB2026-002433,2026-06-26,CAP-IP12-PLU,Capinha iPhone 12 Pelúcia,Pelúcia,Amarelo,1,33.9,33.9,12.78,21.12,62.3,0.0,0.0,0.0,0.0,0,0,Orgânico,Cartão de crédito,12,Concluída,9,210,SP,São Paulo
MLB2026-002434,2026-06-26,CAP-R12-CRI,Capa realme 12 Cristal Transparente,Cristal,Transparente,1,24.9,24.9,10.03,2.6,10.4,12.9,9.03,0.0,3.24,1580,22,Anúncios,Pix,,Concluída,14,0,SC,Florianópolis
MLB2026-002435,2026-06-26,CAP-IP15-AGU,Capa iPhone 15 À Prova d'Água,À Prova d'Água,Preto,1,57.9,57.9,24.72,33.18,57.3,0.0,0.0,0.0,0.0,0,0,Orgânico,Pix,,Concluída,9,76,MG,Belo Horizonte
MLB2026-002436,2026-06-26,CAP-R13C-SIL,Capa Redmi 13C Silicone Azul,Silicone,Azul,1,17.9,17.9,6.51,7.8,43.6,0.0,0.0,3.59,0.0,0,0,Orgânico,Cartão de crédito,,Concluída,7,0,RJ,Rio de Janeiro
MLB2026-002437,2026-06-27,CAP-IP14-COU,Capa iPhone 14 Couro Sintético Premium,Couro,Marrom,1,44.9,44.9,19.58,25.32,56.4,0.0,0.0,0.0,0.0,0,0,Orgânico,Pix,,Concluída,90,52,MG,Belo Horizonte
MLB2026-002438,2026-06-27,CAP-IP11-SIL,Capinha iPhone 11 Silicone Antichoque,Silicone,Preto,1,15.9,15.9,7.85,-6.26,-39.4,12.9,9.03,4.43,0.85,1137,33,Anúncios,Pix,,Concluída,36,0,SP,Guarulhos
MLB2026-002439,2026-06-27,CAP-GA55-SIL,Capa Galaxy A55 Silicone Fosca,Silicone,Verde,1,22.9,22.9,8.43,14.47,63.2,0.0,0.0,0.0,0.0,0,0,Orgânico,Pix,,Concluída,61,40,RJ,Niterói
MLB2026-002440,2026-06-27,CAP-GA56-MAG,Capa Galaxy A56 com MagSafe,MagSafe,Roxo,1,47.9,47.9,18.89,26.04,54.4,0.0,0.0,0.0,2.97,310,5,Anúncios,Cartão de crédito,12,Concluída,12,37,PA,Ananindeua
MLB2026-002441,2026-06-27,CAP-GS24-SIL,Capa Galaxy S24 Silicone com Anel,Silicone,Azul,1,29.9,29.9,13.02,3.52,11.8,12.9,9.03,0.0,4.33,2549,70,Anúncios,Cartão de crédito,6,Concluída,17,77,PR,Cascavel
MLB2026-002442,2026-06-27,CAP-RN13-SUP,Capa Redmi Note 13 com Suporte,Com Suporte,Preto,1,32.9,32.9,15.77,17.13,52.1,0.0,0.0,0.0,0.0,0,0,Orgânico,Cartão de crédito,,Concluída,19,144,PR,Cascavel
MLB2026-002443,2026-06-27,CAP-GA55-SUP,Capa Galaxy A55 com Suporte e Anel,Com Suporte,Preto,1,35.9,35.9,17.54,18.36,51.1,0.0,0.0,0.0,0.0,0,0,Orgânico,Cartão de débito,,Concluída,14,23,SC,Florianópolis
MLB2026-002444,2026-06-27,CAP-GA55-SUP,Capa Galaxy A55 com Suporte e Anel,Com Suporte,Preto,1,35.9,35.9,17.46,3.7,10.3,19.9,13.93,0.0,0.81,2516,40,Anúncios,Cartão de crédito,12,Concluída,14,22,RS,Canoas
MLB2026-002445,2026-06-27,CAP-GS25-SIL,Capa Galaxy S25 Ultra Silicone MagSafe,MagSafe,Preto,1,54.9,54.9,19.4,34.34,62.6,0.0,0.0,0.0,1.16,1253,34,Anúncios,Boleto,,Concluída,56,0,MG,Uberlândia
MLB2026-002446,2026-06-27,CAP-R12-SUP,Capa realme 12 com Suporte,Com Suporte,Cinza,1,33.9,33.9,16.83,3.14,9.3,19.9,13.93,0.0,0.0,0,0,Orgânico,Pix,,Concluída,12,187,RJ,Duque de Caxias
MLB2026-002447,2026-06-27,CAP-GA54-SIL,Capa Galaxy A54 Silicone Vermelho,Silicone,Vermelho,1,18.9,18.9,7.96,-2.99,-15.8,19.9,13.93,0.0,0.0,0,0,Orgânico,Pix,,Concluída,19,142,MA,Imperatriz
MLB2026-002448,2026-06-27,CAP-R13C-SIL,Capa Redmi 13C Silicone Azul,Silicone,Azul,1,17.9,17.9,8.75,9.15,51.1,0.0,0.0,0.0,0.0,0,0,Orgânico,Cartão de crédito,6,Concluída,5,0,PA,Ananindeua
MLB2026-002449,2026-06-28,CAP-IP15-SIL,Capa de Celular iPhone 15 Silicone Fosca,Silicone,Preto,1,24.9,24.9,10.41,0.56,2.2,19.9,13.93,0.0,0.0,0,0,Orgânico,Cartão de crédito,6,Concluída,34,0,SP,Osasco
MLB2026-002450,2026-06-28,CAP-IP15-CRI,Capa iPhone 15 Acrílico Cristal Transparente,Cristal,Transparente,1,29.9,29.9,10.83,12.54,41.9,0.0,0.0,3.78,2.75,786,21,Anúncios,Cartão de crédito,3,Concluída,85,0,SP,Campinas
MLB2026-002451,2026-06-28,CAP-IP13-SIL,Capa iPhone 13 Silicone Colorida,Silicone,Rosa,1,21.9,21.9,8.35,-3.35,-15.3,19.9,13.93,0.0,2.97,1802,28,Anúncios,Pix,,Cancelada,51,158,MG,Belo Horizonte
MLB2026-002452,2026-06-28,CAP-GS25-COU,Capa Galaxy S25 Ultra Couro Premium,Couro,Marrom,1,69.9,69.9,30.98,38.92,55.7,0.0,0.0,0.0,0.0,0,0,Orgânico,Cartão de crédito,6,Concluída,7,123,AM,Parintins
MLB2026-002453,2026-06-28,CAP-GS25-COU,Capa Galaxy S25 Ultra Couro Premium,Couro,Marrom,1,69.9,69.9,25.63,41.66,59.6,0.0,0.0,0.0,2.61,1361,17,Anúncios,Boleto,,Concluída,7,122,SC,Florianópolis
MLB2026-002454,2026-06-28,CAP-GS25-COU,Capa Galaxy S25 Ultra Couro Premium,Couro,Marrom,2,69.9,139.8,59.08,80.72,57.7,0.0,0.0,0.0,0.0,0,0,Orgânico,Pix,,Concluída,7,120,DF,Taguatinga
MLB2026-002455,2026-06-28,CAP-GS24-SIL,Capa Galaxy S24 Silicone com Anel,Silicone,Azul,1,29.9,29.9,14.62,6.25,20.9,12.9,9.03,0.0,0.0,0,0,Orgânico,Cartão de crédito,,Enviada,7,76,SP,Guarulhos
MLB2026-002456,2026-06-28,CAP-GS23-TPU,Capa Galaxy S23 TPU Camuflada,TPU,Camuflado,1,19.9,19.9,9.8,-3.83,-19.2,19.9,13.93,0.0,0.0,0,0,Orgânico,Boleto,,Concluída,23,154,BA,Feira de Santana
MLB2026-002457,2026-06-28,CAP-R11-PLU,Capa realme 11 Pelúcia Fofinha,Pelúcia,Rosa,1,34.9,34.9,16.23,18.67,53.5,0.0,0.0,0.0,0.0,0,0,Orgânico,Cartão de crédito,,Concluída,30,42,RS,Caxias do Sul
MLB2026-002458,2026-06-28,CAP-MG84-TPU,Capa Moto G84 TPU Transparente,TPU,Transparente,1,15.9,15.9,7.47,8.43,53.0,0.0,0.0,0.0,0.0,0,0,Orgânico,Pix,,Concluída,5,101,SC,Blumenau
MLB2026-002459,2026-06-28,CAP-ME50-COU,Capa Moto Edge 50 Couro Sintético,Couro,Marrom,1,59.9,59.9,25.03,34.87,58.2,0.0,0.0,0.0,0.0,0,0,Orgânico,Cartão de crédito,,Concluída,14,22,SP,São Bernardo do Campo
MLB2026-002460,2026-06-28,CAP-ME50-COU,Capa Moto Edge 50 Couro Sintético,Couro,Marrom,2,59.9,119.8,56.08,63.72,53.2,0.0,0.0,0.0,0.0,0,0,Orgânico,Cartão de crédito,3,Concluída,14,20,SP,São Bernardo do Campo
MLB2026-002461,2026-06-28,CAP-GA55-SUP,Capa Galaxy A55 com Suporte e Anel,Com Suporte,Preto,1,35.9,35.9,14.64,12.23,34.1,12.9,9.03,0.0,0.0,0,0,Orgânico,Pix,,Concluída,16,21,GO,Anápolis
MLB2026-002462,2026-06-28,CAP-IP16-CRI,Capa iPhone 16 Cristal Espelhada,Cristal,Prata,1,37.9,37.9,14.67,23.23,61.3,0.0,0.0,0.0,0.0,0,0,Orgânico,Pix,,Concluída,63,98,SP,Osasco
MLB2026-002463,2026-06-28,CAP-MG84-SUP,Capa Moto G84 com Suporte,Com Suporte,Preto,1,29.9,29.9,11.36,4.61,15.4,19.9,13.93,0.0,0.0,0,0,Orgânico,Pix,,Concluída,4,142,RS,Caxias do Sul
MLB2026-002464,2026-06-29,CAP-IP15-CRI,Capa iPhone 15 Acrílico Cristal Transparente,Cristal,Transparente,1,29.9,29.9,14.84,6.03,20.2,12.9,9.03,0.0,0.0,0,0,Orgânico,Cartão de débito,,Concluída,87,0,ES,Serra
MLB2026-002465,2026-06-29,CAP-IP13-SIL,Capa iPhone 13 Silicone Colorida,Silicone,Rosa,1,21.9,21.9,9.99,7.56,34.5,0.0,0.0,0.0,4.35,3459,26,Anúncios,Cartão de crédito,9,Concluída,20,157,MG,Belo Horizonte
MLB2026-002466,2026-06-29,CAP-GA55-SIL,Capa Galaxy A55 Silicone Fosca,Silicone,Verde,1,22.9,22.9,8.11,12.93,56.5,0.0,0.0,0.0,1.86,624,12,Anúncios,Pix,,Pendente,95,39,BA,Feira de Santana
MLB2026-002467,2026-06-29,CAP-GA55-CRI,Capa Galaxy A55 Cristal Ultra Fino,Cristal,Transparente,1,26.9,26.9,12.53,5.34,19.9,12.9,9.03,0.0,0.0,0,0,Orgânico,Pix,,Concluída,48,50,SP,Guarulhos
MLB2026-002468,2026-06-29,CAP-GS25-COU,Capa Galaxy S25 Ultra Couro Premium,Couro,Marrom,1,69.9,69.9,31.04,38.86,55.6,0.0,0.0,0.0,0.0,0,0,Orgânico,Pix,,Concluída,22,119,SP,Campinas
MLB2026-002469,2026-06-29,CAP-RN14-SIL,Capa Redmi Note 14 Silicone,Silicone,Preto,3,18.9,56.7,25.89,16.88,29.8,19.9,13.93,0.0,0.0,0,0,Orgânico,Cartão de crédito,12,Concluída,45,58,SP,Guarulhos
MLB2026-002470,2026-06-29,CAP-R12-SIL,Capa realme 12 Silicone Fosca,Silicone,Branco,1,20.9,20.9,8.71,5.26,25.2,0.0,0.0,2.87,4.06,1998,33,Anúncios,Pix,,Enviada,66,99,SP,São Bernardo do Campo
MLB2026-002471,2026-06-29,CAP-R11-PLU,Capa realme 11 Pelúcia Fofinha,Pelúcia,Rosa,1,34.9,34.9,14.46,6.51,18.7,19.9,13.93,0.0,0.0,0,0,Orgânico,Pix,,Concluída,15,41,CE,Sobral
MLB2026-002472,2026-06-29,CAP-MG84-TPU,Capa Moto G84 TPU Transparente,TPU,Transparente,1,15.9,15.9,5.74,-7.6,-47.8,19.9,13.93,0.0,3.83,3332,97,Anúncios,Cartão de crédito,,Concluída,62,100,SP,Campinas
MLB2026-002473,2026-06-29,CAP-IP15-PLU,Capa iPhone 15 Pelúcia Colorida,Pelúcia,Rosa,1,39.9,39.9,17.99,3.75,9.4,19.9,13.93,0.0,4.23,2013,11,Anúncios,Cartão de crédito,,Concluída,28,108,RS,Canoas
MLB2026-002474,2026-06-29,CAP-IP15-PLU,Capa iPhone 15 Pelúcia Colorida,Pelúcia,Rosa,1,39.9,39.9,16.73,23.17,58.1,0.0,0.0,0.0,0.0,0,0,Orgânico,Cartão de crédito,,Concluída,28,107,RS,Caxias do Sul
MLB2026-002475,2026-06-29,CAP-IP16-CRI,Capa iPhone 16 Cristal Espelhada,Cristal,Prata,1,37.9,37.9,15.29,5.63,14.9,19.9,13.93,0.0,3.05,1344,39,Anúncios,Pix,,Concluída,21,97,CE,Fortaleza
MLB2026-002476,2026-06-29,CAP-IP16-CRI,Capa iPhone 16 Cristal Espelhada,Cristal,Prata,1,37.9,37.9,17.86,4.68,12.3,19.9,13.93,0.0,1.43,3268,69,Anúncios,Pix,,Concluída,21,96,MG,Contagem
MLB2026-002477,2026-06-29,CAP-GS25-SIL,Capa Galaxy S25 Ultra Silicone MagSafe,MagSafe,Preto,1,54.9,54.9,27.04,27.86,50.7,0.0,0.0,0.0,0.0,0,0,Orgânico,Cartão de crédito,9,Concluída,13,0,MG,Belo Horizonte
MLB2026-002478,2026-06-29,CAP-IP13-MAG,Capa iPhone 13 Silicone MagSafe,MagSafe,Branco,1,44.9,44.9,16.99,27.91,62.2,0.0,0.0,0.0,0.0,0,0,Orgânico,Pix,,Concluída,24,0,PR,Maringá
MLB2026-002479,2026-06-29,CAP-GA54-SIL,Capa Galaxy A54 Silicone Vermelho,Silicone,Vermelho,1,18.9,18.9,9.06,-1.37,-7.2,12.9,9.03,0.0,2.18,2841,13,Anúncios,Cartão de débito,,Concluída,20,141,SP,Guarulhos
MLB2026-002480,2026-06-29,CAP-R13C-SIL,Capa Redmi 13C Silicone Azul,Silicone,Azul,1,17.9,17.9,6.52,-2.55,-14.2,19.9,13.93,0.0,0.0,0,0,Orgânico,Pix,,Enviada,30,0,SC,Blumenau
MLB2026-002481,2026-06-30,CAP-IP15-CRI,Capa iPhone 15 Acrílico Cristal Transparente,Cristal,Transparente,1,29.9,29.9,12.24,0.75,2.5,19.9,13.93,0.0,2.98,1674,22,Anúncios,Cartão de crédito,,Concluída,23,0,SP,São Paulo
MLB2026-002482,2026-06-30,CAP-IP14-COU,Capa iPhone 14 Couro Sintético Premium,Couro,Marrom,1,44.9,44.9,19.0,25.9,57.7,0.0,0.0,0.0,0.0,0,0,Orgânico,Pix,,Concluída,64,51,PR,Curitiba
MLB2026-002483,2026-06-30,CAP-IP14-COU,Capa iPhone 14 Couro Sintético Premium,Couro,Marrom,1,44.9,44.9,17.24,23.1,51.4,0.0,0.0,4.56,0.0,0,0,Orgânico,Pix,,Concluída,64,50,SP,Osasco
MLB2026-002484,2026-06-30,CAP-IP13-SIL,Capa iPhone 13 Silicone Colorida,Silicone,Rosa,1,21.9,21.9,10.77,2.1,9.6,12.9,9.03,0.0,0.0,0,0,Orgânico,Boleto,,Concluída,65,156,SP,São Paulo
MLB2026-002485,2026-06-30,CAP-GA55-SIL,Capa Galaxy A55 Silicone Fosca,Silicone,Verde,1,22.9,22.9,11.24,10.69,46.7,0.0,0.0,0.0,0.97,1176,31,Anúncios,Cartão de crédito,,Concluída,51,38,PR,Curitiba
MLB2026-002486,2026-06-30,CAP-GA55-SIL,Capa Galaxy A55 Silicone Fosca,Silicone,Verde,1,22.9,22.9,10.24,-1.27,-5.5,19.9,13.93,0.0,0.0,0,0,Orgânico,Pix,,Concluída,51,37,PR,Londrina
MLB2026-002487,2026-06-30,CAP-GA55-CRI,Capa Galaxy A55 Cristal Ultra Fino,Cristal,Transparente,1,26.9,26.9,9.57,6.23,23.2,12.9,9.03,2.07,0.0,0,0,Orgânico,Boleto,,Concluída,74,49,MG,Contagem
MLB2026-002488,2026-06-30,CAP-GA54-TPU,Capa Galaxy A54 TPU Antirrisco,TPU,Cinza,1,15.9,15.9,7.24,5.31,33.4,0.0,0.0,0.0,3.35,1539,23,Anúncios,Pix,,Concluída,24,105,GO,Aparecida de Goiânia
MLB2026-002489,2026-06-30,CAP-GA56-MAG,Capa Galaxy A56 com MagSafe,MagSafe,Roxo,1,47.9,47.9,19.92,26.13,54.6,0.0,0.0,0.0,1.85,2886,70,Anúncios,Cartão de crédito,6,Concluída,21,36,PR,Londrina
MLB2026-002490,2026-06-30,CAP-GS24-SIL,Capa Galaxy S24 Silicone com Anel,Silicone,Azul,1,29.9,29.9,12.09,3.88,13.0,19.9,13.93,0.0,0.0,0,0,Orgânico,Pix,,Concluída,49,75,RS,Pelotas
MLB2026-002491,2026-06-30,CAP-R12-SIL,Capa realme 12 Silicone Fosca,Silicone,Branco,1,20.9,20.9,9.73,11.17,53.4,0.0,0.0,0.0,0.0,0,0,Orgânico,Pix,,Enviada,73,98,SP,Campinas
MLB2026-002492,2026-06-30,CAP-R12-SIL,Capa realme 12 Silicone Fosca,Silicone,Branco,1,20.9,20.9,8.55,-1.58,-7.6,19.9,13.93,0.0,0.0,0,0,Orgânico,Pix,,Concluída,73,97,MG,Juiz de Fora
MLB2026-002493,2026-06-30,CAP-ME50-COU,Capa Moto Edge 50 Couro Sintético,Couro,Marrom,1,59.9,59.9,27.17,32.73,54.6,0.0,0.0,0.0,0.0,0,0,Orgânico,Pix,,Concluída,15,19,SP,São Bernardo do Campo
MLB2026-002494,2026-06-30,CAP-RN14-AGU,Capa Redmi Note 14 À Prova d'Água,À Prova d'Água,Azul,1,54.9,54.9,22.28,32.62,59.4,0.0,0.0,0.0,0.0,0,0,Orgânico,Pix,,Concluída,22,40,CE,Juazeiro do Norte
MLB2026-002495,2026-06-30,CAP-R12-CRI,Capa realme 12 Cristal Transparente,Cristal,Transparente,1,24.9,24.9,10.63,1.07,4.3,12.9,9.03,4.17,0.0,0,0,Orgânico,Cartão de débito,,Concluída,10,0,RJ,Campos dos Goytacazes
MLB2026-002496,2026-06-30,CAP-R12-CRI,Capa realme 12 Cristal Transparente,Cristal,Transparente,1,24.9,24.9,9.06,11.48,46.1,0.0,0.0,0.0,4.36,569,14,Anúncios,Pix,,Concluída,10,0,PR,Maringá
MLB2026-002497,2026-06-30,CAP-RN14-PLU,Capa Redmi Note 14 Pelúcia,Pelúcia,Rosa,1,32.9,32.9,12.11,6.86,20.9,19.9,13.93,0.0,0.0,0,0,Orgânico,Pix,,Concluída,33,0,DF,Ceilândia
MLB2026-002498,2026-06-30,CAP-RN14-PLU,Capa Redmi Note 14 Pelúcia,Pelúcia,Rosa,1,32.9,32.9,13.08,19.82,60.2,0.0,0.0,0.0,0.0,0,0,Orgânico,Pix,,Concluída,33,0,SP,Osasco
MLB2026-002499,2026-06-30,CAP-RN14-PLU,Capa Redmi Note 14 Pelúcia,Pelúcia,Rosa,1,32.9,32.9,12.95,3.41,10.4,19.9,13.93,0.0,2.61,433,2,Anúncios,Cartão de crédito,9,Concluída,33,0,SP,Osasco
MLB2026-002500,2026-07-01,CAP-IP15-SIL,Capa de Celular iPhone 15 Silicone Fosca,Silicone,Preto,1,24.9,24.9,9.77,15.13,60.8,0.0,0.0,0.0,0.0,0,0,Orgânico,Cartão de crédito,9,Concluída,49,0,SP,Osasco
MLB2026-002501,2026-07-01,CAP-IP15-CRI,Capa iPhone 15 Acrílico Cristal Transparente,Cristal,Transparente,1,29.9,29.9,13.01,16.89,56.5,0.0,0.0,0.0,0.0,0,0,Orgânico,Cartão de crédito,,Concluída,13,0,RS,Pelotas
MLB2026-002502,2026-07-01,CAP-IP12-TPU,Capa iPhone 12 TPU Transparente,TPU,Transparente,1,16.9,16.9,6.48,1.05,6.2,12.9,9.03,0.34,0.0,0,0,Orgânico,Cartão de crédito,6,Concluída,23,0,SP,São Paulo
MLB2026-002503,2026-07-01,CAP-GA55-SIL,Capa Galaxy A55 Silicone Fosca,Silicone,Verde,1,22.9,22.9,11.17,-6.01,-26.2,19.9,13.93,0.0,3.81,3129,39,Anúncios,Cartão de crédito,9,Concluída,23,36,RS,Pelotas
MLB2026-002504,2026-07-01,CAP-GA55-SIL,Capa Galaxy A55 Silicone Fosca,Silicone,Verde,1,22.9,22.9,10.87,12.03,52.5,0.0,0.0,0.0,0.0,0,0,Orgânico,Pix,,Concluída,23,35,SP,Guarulhos
MLB2026-002505,2026-07-01,CAP-GA55-CRI,Capa Galaxy A55 Cristal Ultra Fino,Cristal,Transparente,1,26.9,26.9,13.24,13.66,50.8,0.0,0.0,0.0,0.0,0,0,Orgânico,Cartão de débito,,Concluída,76,48,RJ,Duque de Caxias
MLB2026-002506,2026-07-01,CAP-GA54-TPU,Capa Galaxy A54 TPU Antirrisco,TPU,Cinza,1,15.9,15.9,7.18,5.19,32.6,0.0,0.0,0.0,3.53,1110,10,Anúncios,Pix,,Concluída,12,104,MG,Contagem
MLB2026-002507,2026-07-01,CAP-GS23-TPU,Capa Galaxy S23 TPU Camuflada,TPU,Camuflado,1,19.9,19.9,9.91,8.69,43.7,0.0,0.0,0.0,1.3,2700,24,Anúncios,Cartão de crédito,9,Enviada,18,153,RJ,Campos dos Goytacazes
MLB2026-002508,2026-07-01,CAP-RN13-TPU,Capa Redmi Note 13 TPU Cristal,TPU,Transparente,1,14.9,14.9,6.97,-5.37,-36.0,12.9,9.03,0.0,4.27,860,3,Anúncios,Cartão de crédito,6,Devolvida,15,166,RJ,Niterói
MLB2026-002509,2026-07-01,CAP-GA55-SUP,Capa Galaxy A55 com Suporte e Anel,Com Suporte,Preto,1,35.9,35.9,12.88,13.99,39.0,12.9,9.03,0.0,0.0,0,0,Orgânico,Boleto,,Concluída,11,20,MG,Uberlândia
MLB2026-002510,2026-07-01,CAP-GA55-SUP,Capa Galaxy A55 com Suporte e Anel,Com Suporte,Preto,1,35.9,35.9,13.84,22.06,61.4,0.0,0.0,0.0,0.0,0,0,Orgânico,Pix,,Concluída,11,19,RS,Caxias do Sul
MLB2026-002511,2026-07-01,CAP-IP16-CRI,Capa iPhone 16 Cristal Espelhada,Cristal,Prata,1,37.9,37.9,16.42,21.48,56.7,0.0,0.0,0.0,0.0,0,0,Orgânico,Pix,,Concluída,82,95,MG,Belo Horizonte
MLB2026-002512,2026-07-01,CAP-GA54-SIL,Capa Galaxy A54 Silicone Vermelho,Silicone,Vermelho,1,18.9,18.9,9.13,6.86,36.3,0.0,0.0,0.0,2.91,664,18,Anúncios,Boleto,,Concluída,19,140,SP,Guarulhos
MLB2026-002513,2026-07-02,CAP-IP15-SIL,Capa de Celular iPhone 15 Silicone Fosca,Silicone,Preto,1,24.9,24.9,12.36,3.51,14.1,12.9,9.03,0.0,0.0,0,0,Orgânico,Cartão de débito,,Concluída,65,0,DF,Ceilândia
MLB2026-002514,2026-07-02,CAP-IP15-SIL,Capa de Celular iPhone 15 Silicone Fosca,Silicone,Preto,1,24.9,24.9,10.49,5.38,21.6,12.9,9.03,0.0,0.0,0,0,Orgânico,Pix,,Concluída,65,0,SP,Guarulhos
MLB2026-002515,2026-07-02,CAP-IP15-CRI,Capa iPhone 15 Acrílico Cristal Transparente,Cristal,Transparente,1,29.9,29.9,14.41,1.56,5.2,19.9,13.93,0.0,0.0,0,0,Orgânico,Pix,,Concluída,21,0,PR,Maringá
MLB2026-002516,2026-07-02,CAP-IP13-SIL,Capa iPhone 13 Silicone Colorida,Silicone,Rosa,1,21.9,21.9,10.14,11.76,53.7,0.0,0.0,0.0,0.0,0,0,Orgânico,Boleto,,Concluída,67,155,PR,Maringá
MLB2026-002517,2026-07-02,CAP-GA55-CRI,Capa Galaxy A55 Cristal Ultra Fino,Cristal,Transparente,1,26.9,26.9,9.82,8.05,29.9,12.9,9.03,0.0,0.0,0,0,Orgânico,Pix,,Pendente,25,47,SP,Osasco
MLB2026-002518,2026-07-02,CAP-GA55-CRI,Capa Galaxy A55 Cristal Ultra Fino,Cristal,Transparente,1,26.9,26.9,9.53,1.93,7.2,19.9,13.93,0.0,1.51,1512,38,Anúncios,Boleto,,Concluída,25,46,SP,Guarulhos
MLB2026-002519,2026-07-02,CAP-R11-PLU,Capa realme 11 Pelúcia Fofinha,Pelúcia,Rosa,1,34.9,34.9,16.19,17.68,50.7,0.0,0.0,1.03,0.0,0,0,Orgânico,Pix,,Concluída,11,40,PR,Maringá
MLB2026-002520,2026-07-02,CAP-GS25-SIL,Capa Galaxy S25 Ultra Silicone MagSafe,MagSafe,Preto,1,54.9,54.9,25.61,28.11,51.2,0.0,0.0,0.0,1.18,1036,22,Anúncios,Pix,,Concluída,42,0,CE,Juazeiro do Norte
MLB2026-002521,2026-07-02,CAP-RN14-PLU,Capa Redmi Note 14 Pelúcia,Pelúcia,Rosa,1,32.9,32.9,12.96,6.01,18.3,19.9,13.93,0.0,0.0,0,0,Orgânico,Boleto,,Concluída,13,0,BA,Salvador
MLB2026-002522,2026-07-02,CAP-IP13-MAG,Capa iPhone 13 Silicone MagSafe,MagSafe,Branco,1,44.9,44.9,16.34,24.46,54.5,0.0,0.0,0.0,4.1,2880,59,Anúncios,Cartão de crédito,,Concluída,10,0,PR,Maringá
MLB2026-002523,2026-07-02,CAP-IP13-MAG,Capa iPhone 13 Silicone MagSafe,MagSafe,Branco,1,44.9,44.9,19.24,25.66,57.1,0.0,0.0,0.0,0.0,0,0,Orgânico,Pix,,Concluída,10,0,GO,Aparecida de Goiânia
MLB2026-002524,2026-07-02,CAP-R12-SUP,Capa realme 12 com Suporte,Com Suporte,Cinza,2,33.9,67.8,24.24,34.53,50.9,12.9,9.03,0.0,0.0,0,0,Orgânico,Boleto,,Enviada,17,185,RS,Pelotas
MLB2026-002525,2026-07-02,CAP-R12-SUP,Capa realme 12 com Suporte,Com Suporte,Cinza,1,33.9,33.9,12.42,21.48,63.4,0.0,0.0,0.0,0.0,0,0,Orgânico,Pix,,Enviada,17,184,PE,Petrolina
MLB2026-002526,2026-07-02,CAP-R12-SUP,Capa realme 12 com Suporte,Com Suporte,Cinza,2,33.9,67.8,33.74,20.13,29.7,19.9,13.93,0.0,0.0,0,0,Orgânico,Cartão de crédito,12,Concluída,17,182,MG,Juiz de Fora
MLB2026-002527,2026-07-02,CAP-GA54-SIL,Capa Galaxy A54 Silicone Vermelho,Silicone,Vermelho,1,18.9,18.9,8.33,10.57,55.9,0.0,0.0,0.0,0.0,0,0,Orgânico,Cartão de crédito,,Concluída,55,139,RJ,Rio de Janeiro
MLB2026-002528,2026-07-02,CAP-R13C-SIL,Capa Redmi 13C Silicone Azul,Silicone,Azul,1,17.9,17.9,7.02,1.85,10.3,12.9,9.03,0.0,0.0,0,0,Orgânico,Cartão de crédito,9,Enviada,27,0,AM,Parintins
MLB2026-002529,2026-07-03,CAP-IP15-SIL,Capa de Celular iPhone 15 Silicone Fosca,Silicone,Preto,1,24.9,24.9,9.27,12.37,49.7,0.0,0.0,0.0,3.26,1051,10,Anúncios,Pix,,Concluída,89,0,RJ,Campos dos Goytacazes
MLB2026-002530,2026-07-03,CAP-IP15-CRI,Capa iPhone 15 Acrílico Cristal Transparente,Cristal,Transparente,1,29.9,29.9,14.43,1.54,5.2,19.9,13.93,0.0,0.0,0,0,Orgânico,Cartão de crédito,3,Concluída,111,0,CE,Juazeiro do Norte
MLB2026-002531,2026-07-03,CAP-IP15-CRI,Capa iPhone 15 Acrílico Cristal Transparente,Cristal,Transparente,1,29.9,29.9,13.32,6.71,22.4,12.9,9.03,0.0,0.84,3164,91,Anúncios,Cartão de crédito,3,Concluída,111,0,PR,Cascavel
MLB2026-002532,2026-07-03,CAP-IP15-CRI,Capa iPhone 15 Acrílico Cristal Transparente,Cristal,Transparente,1,29.9,29.9,12.66,-0.64,-2.1,19.9,13.93,0.38,3.57,2480,58,Anúncios,Cartão de crédito,9,Concluída,111,0,PR,Cascavel
MLB2026-002533,2026-07-03,CAP-IP14-COU,Capa iPhone 14 Couro Sintético Premium,Couro,Marrom,1,44.9,44.9,16.14,27.95,62.2,0.0,0.0,0.0,0.81,2795,75,Anúncios,Pix,,Concluída,50,49,DF,Brasília
MLB2026-002534,2026-07-03,CAP-IP12-TPU,Capa iPhone 12 TPU Transparente,TPU,Transparente,1,16.9,16.9,6.29,-1.99,-11.8,12.9,9.03,0.0,3.57,2734,62,Anúncios,Pix,,Cancelada,23,0,RJ,Niterói
MLB2026-002535,2026-07-03,CAP-IP11-SIL,Capinha iPhone 11 Silicone Antichoque,Silicone,Preto,1,15.9,15.9,7.5,8.4,52.8,0.0,0.0,0.0,0.0,0,0,Orgânico,Cartão de crédito,6,Concluída,27,0,SP,Osasco
MLB2026-002536,2026-07-03,CAP-IP11-SIL,Capinha iPhone 11 Silicone Antichoque,Silicone,Preto,1,15.9,15.9,6.13,-8.28,-52.1,19.9,13.93,4.12,0.0,0,0,Orgânico,Cartão de débito,,Concluída,27,0,PA,Ananindeua
MLB2026-002537,2026-07-03,CAP-GA55-SIL,Capa Galaxy A55 Silicone Fosca,Silicone,Verde,1,22.9,22.9,9.38,13.52,59.0,0.0,0.0,0.0,0.0,0,0,Orgânico,Pix,,Enviada,32,34,DF,Ceilândia
MLB2026-002538,2026-07-03,CAP-GA55-SIL,Capa Galaxy A55 Silicone Fosca,Silicone,Verde,1,22.9,22.9,10.25,-0.06,-0.3,12.9,9.03,0.0,3.68,1881,35,Anúncios,Pix,,Cancelada,32,33,PE,Petrolina
MLB2026-002539,2026-07-03,CAP-GA55-CRI,Capa Galaxy A55 Cristal Ultra Fino,Cristal,Transparente,1,26.9,26.9,12.56,5.31,19.7,12.9,9.03,0.0,0.0,0,0,Orgânico,Pix,,Concluída,50,45,RS,Porto Alegre
MLB2026-002540,2026-07-03,CAP-GA55-CRI,Capa Galaxy A55 Cristal Ultra Fino,Cristal,Transparente,1,26.9,26.9,12.52,-2.21,-8.2,12.9,9.03,4.66,2.9,582,12,Anúncios,Pix,,Concluída,50,44,PR,Cascavel
MLB2026-002541,2026-07-03,CAP-GS24-SIL,Capa Galaxy S24 Silicone com Anel,Silicone,Azul,1,29.9,29.9,12.91,-1.42,-4.7,19.9,13.93,0.0,4.48,452,8,Anúncios,Cartão de crédito,3,Cancelada,56,74,BA,Salvador
MLB2026-002542,2026-07-03,CAP-RN14-SIL,Capa Redmi Note 14 Silicone,Silicone,Preto,1,18.9,18.9,8.16,-6.34,-33.5,19.9,13.93,0.0,3.15,2098,53,Anúncios,Pix,,Concluída,47,57,PR,Londrina
MLB2026-002543,2026-07-03,CAP-RN14-SIL,Capa Redmi Note 14 Silicone,Silicone,Preto,1,18.9,18.9,8.99,0.88,4.7,12.9,9.03,0.0,0.0,0,0,Orgânico,Pix,,Cancelada,47,56,PE,Caruaru
MLB2026-002544,2026-07-03,CAP-RN13-SUP,Capa Redmi Note 13 com Suporte,Com Suporte,Preto,1,32.9,32.9,13.38,5.59,17.0,19.9,13.93,0.0,0.0,0,0,Orgânico,Cartão de crédito,,Concluída,13,143,SP,São Bernardo do Campo
MLB2026-002545,2026-07-03,CAP-R12-SIL,Capa realme 12 Silicone Fosca,Silicone,Branco,1,20.9,20.9,9.21,11.69,55.9,0.0,0.0,0.0,0.0,0,0,Orgânico,Cartão de crédito,6,Concluída,78,96,SP,São Bernardo do Campo
MLB2026-002546,2026-07-03,CAP-R12-SIL,Capa realme 12 Silicone Fosca,Silicone,Branco,1,20.9,20.9,8.68,-4.32,-20.7,19.9,13.93,2.61,0.0,0,0,Orgânico,Pix,,Concluída,78,95,MG,Belo Horizonte
MLB2026-002547,2026-07-03,CAP-R12-SIL,Capa realme 12 Silicone Fosca,Silicone,Branco,1,20.9,20.9,8.96,2.9,13.9,12.9,9.03,0.01,0.0,0,0,Orgânico,Boleto,,Enviada,78,94,PA,Ananindeua
MLB2026-002548,2026-07-03,CAP-IP16-CRI,Capa iPhone 16 Cristal Espelhada,Cristal,Prata,1,37.9,37.9,17.09,20.81,54.9,0.0,0.0,0.0,0.0,0,0,Orgânico,Pix,,Concluída,11,94,PR,Maringá
MLB2026-002549,2026-07-03,CAP-R12-CRI,Capa realme 12 Cristal Transparente,Cristal,Transparente,1,24.9,24.9,9.44,1.53,6.1,19.9,13.93,0.0,0.0,0,0,Orgânico,Cartão de crédito,,Concluída,25,0,SP,São Bernardo do Campo
MLB2026-002550,2026-07-03,CAP-GS24-COU,Capa Galaxy S24 Couro Premium,Couro,Preto,1,64.9,64.9,25.32,39.58,61.0,0.0,0.0,0.0,0.0,0,0,Orgânico,Boleto,,Concluída,7,146,RJ,Rio de Janeiro
MLB2026-002551,2026-07-04,CAP-IP13-SIL,Capa iPhone 13 Silicone Colorida,Silicone,Rosa,1,21.9,21.9,10.88,1.99,9.1,12.9,9.03,0.0,0.0,0,0,Orgânico,Boleto,,Concluída,91,154,SP,Osasco
MLB2026-002552,2026-07-04,CAP-GA55-SIL,Capa Galaxy A55 Silicone Fosca,Silicone,Verde,1,22.9,22.9,10.39,-4.16,-18.2,19.9,13.93,0.0,2.74,2638,47,Anúncios,Cartão de débito,,Concluída,67,32,GO,Aparecida de Goiânia
MLB2026-002553,2026-07-04,CAP-GA54-TPU,Capa Galaxy A54 TPU Antirrisco,TPU,Cinza,2,15.9,31.8,12.44,10.33,32.5,12.9,9.03,0.0,0.0,0,0,Orgânico,Pix,,Concluída,31,102,SC,Chapecó
MLB2026-002554,2026-07-04,CAP-GS25-COU,Capa Galaxy S25 Ultra Couro Premium,Couro,Marrom,1,69.9,69.9,27.42,42.48,60.8,0.0,0.0,0.0,0.0,0,0,Orgânico,Pix,,Concluída,39,118,DF,Brasília
MLB2026-002555,2026-07-04,CAP-GS23-TPU,Capa Galaxy S23 TPU Camuflada,TPU,Camuflado,1,19.9,19.9,9.07,-3.1,-15.6,19.9,13.93,0.0,0.0,0,0,Orgânico,Pix,,Cancelada,24,152,BA,Feira de Santana
MLB2026-002556,2026-07-04,CAP-ME50-COU,Capa Moto Edge 50 Couro Sintético,Couro,Marrom,1,59.9,59.9,24.75,32.89,54.9,0.0,0.0,0.0,2.26,1432,14,Anúncios,Pix,,Concluída,23,18,PR,Londrina
MLB2026-002557,2026-07-04,CAP-ME50-COU,Capa Moto Edge 50 Couro Sintético,Couro,Marrom,1,59.9,59.9,27.58,29.41,49.1,0.0,0.0,0.0,2.91,2552,45,Anúncios,Cartão de crédito,,Concluída,23,17,RJ,Duque de Caxias
MLB2026-002558,2026-07-04,CAP-GA55-SUP,Capa Galaxy A55 com Suporte e Anel,Com Suporte,Preto,1,35.9,35.9,13.79,22.11,61.6,0.0,0.0,0.0,0.0,0,0,Orgânico,Cartão de crédito,,Concluída,6,18,SC,Blumenau
MLB2026-002559,2026-07-04,CAP-RN14-AGU,Capa Redmi Note 14 À Prova d'Água,À Prova d'Água,Azul,2,54.9,109.8,45.1,62.4,56.8,0.0,0.0,0.0,2.3,2428,45,Anúncios,Pix,,Concluída,14,38,SP,Guarulhos
MLB2026-002560,2026-07-04,CAP-R12-CRI,Capa realme 12 Cristal Transparente,Cristal,Transparente,1,24.9,24.9,12.36,12.54,50.4,0.0,0.0,0.0,0.0,0,0,Orgânico,Pix,,Concluída,39,0,RJ,Campos dos Goytacazes
MLB2026-002561,2026-07-05,CAP-IP15-CRI,Capa iPhone 15 Acrílico Cristal Transparente,Cristal,Transparente,1,29.9,29.9,11.58,9.29,31.1,12.9,9.03,0.0,0.0,0,0,Orgânico,Boleto,,Cancelada,31,0,SP,Osasco
MLB2026-002562,2026-07-05,CAP-IP16-MAG,Capa iPhone 16 Silicone com MagSafe,MagSafe,Azul,1,49.9,49.9,24.87,25.03,50.2,0.0,0.0,0.0,0.0,0,0,Orgânico,Pix,,Concluída,77,89,PR,Curitiba
MLB2026-002563,2026-07-05,CAP-IP13-SIL,Capa iPhone 13 Silicone Colorida,Silicone,Rosa,1,21.9,21.9,10.82,6.08,27.8,0.0,0.0,5.0,0.0,0,0,Orgânico,Pix,,Concluída,35,153,BA,Feira de Santana
MLB2026-002564,2026-07-05,CAP-IP11-SIL,Capinha iPhone 11 Silicone Antichoque,Silicone,Preto,1,15.9,15.9,6.87,-6.98,-43.9,19.9,13.93,2.08,0.0,0,0,Orgânico,Cartão de crédito,,Concluída,7,0,SP,Campinas
MLB2026-002565,2026-07-05,CAP-GA55-CRI,Capa Galaxy A55 Cristal Ultra Fino,Cristal,Transparente,1,26.9,26.9,12.43,0.54,2.0,19.9,13.93,0.0,0.0,0,0,Orgânico,Cartão de débito,,Concluída,50,43,SP,Guarulhos
MLB2026-002566,2026-07-05,CAP-RN14-SIL,Capa Redmi Note 14 Silicone,Silicone,Preto,1,18.9,18.9,8.98,-4.01,-21.2,19.9,13.93,0.0,0.0,0,0,Orgânico,Pix,,Concluída,8,55,SP,Campinas
MLB2026-002567,2026-07-05,CAP-RN13-TPU,Capa Redmi Note 13 TPU Cristal,TPU,Transparente,1,14.9,14.9,6.49,-7.04,-47.2,19.9,13.93,1.52,0.0,0,0,Orgânico,Pix,,Concluída,27,165,CE,Sobral
MLB2026-002568,2026-07-05,CAP-RN13-SUP,Capa Redmi Note 13 com Suporte,Com Suporte,Preto,1,32.9,32.9,14.9,15.45,47.0,0.0,0.0,0.0,2.55,1542,13,Anúncios,Boleto,,Concluída,16,142,PR,Maringá
MLB2026-002569,2026-07-05,CAP-R12-SIL,Capa realme 12 Silicone Fosca,Silicone,Branco,1,20.9,20.9,9.54,4.5,21.5,0.0,0.0,2.81,4.05,2563,47,Anúncios,Cartão de crédito,3,Devolvida,74,93,BA,Feira de Santana
MLB2026-002570,2026-07-05,CAP-RN14-AGU,Capa Redmi Note 14 À Prova d'Água,À Prova d'Água,Azul,1,54.9,54.9,23.54,31.36,57.1,0.0,0.0,0.0,0.0,0,0,Orgânico,Pix,,Concluída,11,37,SP,São Paulo
MLB2026-002571,2026-07-05,CAP-RN14-AGU,Capa Redmi Note 14 À Prova d'Água,À Prova d'Água,Azul,1,54.9,54.9,21.2,31.8,57.9,0.0,0.0,1.9,0.0,0,0,Orgânico,Pix,,Concluída,11,36,PE,Caruaru
MLB2026-002572,2026-07-05,CAP-RN14-AGU,Capa Redmi Note 14 À Prova d'Água,À Prova d'Água,Azul,3,54.9,164.7,80.76,79.68,48.4,0.0,0.0,0.0,4.26,815,20,Anúncios,Pix,,Cancelada,11,33,SP,Osasco
MLB2026-002573,2026-07-05,CAP-IP16-CRI,Capa iPhone 16 Cristal Espelhada,Cristal,Prata,1,37.9,37.9,14.49,23.41,61.8,0.0,0.0,0.0,0.0,0,0,Orgânico,Pix,,Concluída,11,93,SC,Florianópolis
MLB2026-002574,2026-07-06,CAP-IP15-CRI,Capa iPhone 15 Acrílico Cristal Transparente,Cristal,Transparente,1,29.9,29.9,12.06,13.12,43.9,0.0,0.0,4.72,0.0,0,0,Orgânico,Pix,,Concluída,62,0,MA,São Luís
MLB2026-002575,2026-07-06,CAP-IP15-CRI,Capa iPhone 15 Acrílico Cristal Transparente,Cristal,Transparente,1,29.9,29.9,14.72,12.68,42.4,0.0,0.0,2.5,0.0,0,0,Orgânico,Pix,,Concluída,62,0,RJ,Niterói
MLB2026-002576,2026-07-06,CAP-IP16-MAG,Capa iPhone 16 Silicone com MagSafe,MagSafe,Azul,1,49.9,49.9,24.16,25.74,51.6,0.0,0.0,0.0,0.0,0,0,Orgânico,Pix,,Concluída,67,88,SP,Campinas
MLB2026-002577,2026-07-06,CAP-IP13-SIL,Capa iPhone 13 Silicone Colorida,Silicone,Rosa,1,21.9,21.9,10.35,-3.26,-14.9,19.9,13.93,0.0,0.88,2089,57,Anúncios,Cartão de débito,,Concluída,25,152,SP,São Paulo
MLB2026-002578,2026-07-06,CAP-IP13-SIL,Capa iPhone 13 Silicone Colorida,Silicone,Rosa,1,21.9,21.9,9.45,12.45,56.8,0.0,0.0,0.0,0.0,0,0,Orgânico,Pix,,Concluída,25,151,SC,Florianópolis
MLB2026-002579,2026-07-06,CAP-IP13-SIL,Capa iPhone 13 Silicone Colorida,Silicone,Rosa,1,21.9,21.9,8.43,4.44,20.3,12.9,9.03,0.0,0.0,0,0,Orgânico,Boleto,,Concluída,25,150,MG,Juiz de Fora
MLB2026-002580,2026-07-06,CAP-IP12-TPU,Capa iPhone 12 TPU Transparente,TPU,Transparente,1,16.9,16.9,6.13,10.77,63.7,0.0,0.0,0.0,0.0,0,0,Orgânico,Cartão de crédito,,Enviada,75,0,RJ,Duque de Caxias
MLB2026-002581,2026-07-06,CAP-GA55-SIL,Capa Galaxy A55 Silicone Fosca,Silicone,Verde,1,22.9,22.9,9.68,12.23,53.4,0.0,0.0,0.0,0.99,3161,62,Anúncios,Pix,,Concluída,19,31,GO,Goiânia
MLB2026-002582,2026-07-06,CAP-GA55-CRI,Capa Galaxy A55 Cristal Ultra Fino,Cristal,Transparente,1,26.9,26.9,12.1,5.77,21.4,12.9,9.03,0.0,0.0,0,0,Orgânico,Pix,,Concluída,27,42,SP,São Bernardo do Campo
MLB2026-002583,2026-07-06,CAP-GA54-TPU,Capa Galaxy A54 TPU Antirrisco,TPU,Cinza,1,15.9,15.9,6.82,-4.85,-30.5,19.9,13.93,0.0,0.0,0,0,Orgânico,Pix,,Enviada,49,101,CE,Sobral
MLB2026-002584,2026-07-06,CAP-GA54-TPU,Capa Galaxy A54 TPU Antirrisco,TPU,Cinza,1,15.9,15.9,7.04,8.86,55.7,0.0,0.0,0.0,0.0,0,0,Orgânico,Cartão de crédito,3,Concluída,49,100,SP,Osasco
MLB2026-002585,2026-07-06,CAP-GS25-COU,Capa Galaxy S25 Ultra Couro Premium,Couro,Marrom,1,69.9,69.9,32.86,35.36,50.6,0.0,0.0,0.0,1.68,2923,48,Anúncios,Pix,,Concluída,50,117,SP,Campinas
MLB2026-002586,2026-07-06,CAP-GS24-SIL,Capa Galaxy S24 Silicone com Anel,Silicone,Azul,1,29.9,29.9,11.43,2.31,7.7,19.9,13.93,0.0,2.23,1549,11,Anúncios,Cartão de crédito,,Concluída,198,73,PR,Curitiba
MLB2026-002587,2026-07-06,CAP-RN13-TPU,Capa Redmi Note 13 TPU Cristal,TPU,Transparente,1,14.9,14.9,6.71,-6.67,-44.8,19.9,13.93,0.0,0.93,1326,35,Anúncios,Pix,,Concluída,18,164,PE,Olinda
MLB2026-002588,2026-07-06,CAP-RN13-SUP,Capa Redmi Note 13 com Suporte,Com Suporte,Preto,1,32.9,32.9,13.61,19.29,58.6,0.0,0.0,0.0,0.0,0,0,Orgânico,Pix,,Concluída,4,141,PE,Olinda
MLB2026-002589,2026-07-06,CAP-RN13-SUP,Capa Redmi Note 13 com Suporte,Com Suporte,Preto,1,32.9,32.9,13.12,10.75,32.7,12.9,9.03,0.0,0.0,0,0,Orgânico,Cartão de crédito,9,Concluída,4,140,GO,Aparecida de Goiânia
MLB2026-002590,2026-07-06,CAP-MG84-TPU,Capa Moto G84 TPU Transparente,TPU,Transparente,1,15.9,15.9,6.79,-8.17,-51.4,12.9,9.03,3.95,4.3,2498,64,Anúncios,Pix,,Concluída,117,99,AM,Parintins
MLB2026-002591,2026-07-06,CAP-MG85-SIL,Capa Moto G85 Silicone Azul,Silicone,Azul,2,19.9,39.8,19.66,20.14,50.6,0.0,0.0,0.0,0.0,0,0,Orgânico,Pix,,Concluída,55,141,MG,Juiz de Fora
MLB2026-002592,2026-07-06,CAP-MG85-SIL,Capa Moto G85 Silicone Azul,Silicone,Azul,2,19.9,39.8,17.96,10.54,26.5,12.9,9.03,0.0,2.27,1538,13,Anúncios,Boleto,,Concluída,55,139,PE,Petrolina
MLB2026-002593,2026-07-06,CAP-GS25-SIL,Capa Galaxy S25 Ultra Silicone MagSafe,MagSafe,Preto,1,54.9,54.9,24.19,27.11,49.4,0.0,0.0,0.0,3.6,2524,67,Anúncios,Pix,,Concluída,6,0,PR,Londrina
MLB2026-002594,2026-07-06,CAP-IP12-PLU,Capinha iPhone 12 Pelúcia,Pelúcia,Amarelo,1,33.9,33.9,15.57,18.33,54.1,0.0,0.0,0.0,0.0,0,0,Orgânico,Pix,,Concluída,10,209,DF,Ceilândia
MLB2026-002595,2026-07-06,CAP-R12-CRI,Capa realme 12 Cristal Transparente,Cristal,Transparente,1,24.9,24.9,11.94,3.93,15.8,12.9,9.03,0.0,0.0,0,0,Orgânico,Boleto,,Concluída,52,0,MG,Uberlândia
MLB2026-002596,2026-07-06,CAP-R12-CRI,Capa realme 12 Cristal Transparente,Cristal,Transparente,1,24.9,24.9,9.35,6.52,26.2,12.9,9.03,0.0,0.0,0,0,Orgânico,Boleto,,Concluída,52,0,GO,Anápolis
MLB2026-002597,2026-07-06,CAP-IP16-PLU,Capa iPhone 16 Pelúcia Colorida,Pelúcia,Verde,2,41.9,83.8,39.58,30.29,36.1,19.9,13.93,0.0,0.0,0,0,Orgânico,Cartão de crédito,,Concluída,31,42,GO,Anápolis
MLB2026-002598,2026-07-06,CAP-GA56-CRI,Capa Galaxy A56 Cristal Espelhada,Cristal,Prata,1,34.9,34.9,13.88,7.09,20.3,19.9,13.93,0.0,0.0,0,0,Orgânico,Pix,,Concluída,48,66,DF,Brasília
MLB2026-002599,2026-07-06,CAP-GS24-COU,Capa Galaxy S24 Couro Premium,Couro,Preto,1,64.9,64.9,29.38,34.64,53.4,0.0,0.0,0.0,0.88,1335,23,Anúncios,Pix,,Concluída,30,145,RS,Porto Alegre
MLB2026-002600,2026-07-06,CAP-MG85-TPU,Capa Moto G85 TPU Cinza,TPU,Cinza,1,16.9,16.9,7.39,9.51,56.3,0.0,0.0,0.0,0.0,0,0,Orgânico,Cartão de crédito,,Concluída,53,0,SC,Chapecó
MLB2026-002601,2026-07-06,CAP-MG85-TPU,Capa Moto G85 TPU Cinza,TPU,Cinza,1,16.9,16.9,7.87,-7.22,-42.7,19.9,13.93,0.0,2.32,1724,15,Anúncios,Pix,,Concluída,53,0,SP,Guarulhos
MLB2026-002602,2026-07-07,CAP-IP16-MAG,Capa iPhone 16 Silicone com MagSafe,MagSafe,Azul,1,49.9,49.9,18.47,31.43,63.0,0.0,0.0,0.0,0.0,0,0,Orgânico,Pix,,Devolvida,42,87,DF,Taguatinga
MLB2026-002603,2026-07-07,CAP-IP16-MAG,Capa iPhone 16 Silicone com MagSafe,MagSafe,Azul,1,49.9,49.9,17.62,32.28,64.7,0.0,0.0,0.0,0.0,0,0,Orgânico,Cartão de crédito,12,Concluída,42,86,BA,Feira de Santana
MLB2026-002604,2026-07-07,CAP-IP13-SIL,Capa iPhone 13 Silicone Colorida,Silicone,Rosa,1,21.9,21.9,10.52,2.35,10.7,12.9,9.03,0.0,0.0,0,0,Orgânico,Cartão de crédito,6,Concluída,82,149,RJ,Duque de Caxias
MLB2026-002605,2026-07-07,CAP-GA55-SIL,Capa Galaxy A55 Silicone Fosca,Silicone,Verde,1,22.9,22.9,11.27,2.6,11.4,12.9,9.03,0.0,0.0,0,0,Orgânico,Pix,,Concluída,40,30,PE,Olinda
MLB2026-002606,2026-07-07,CAP-GA55-SIL,Capa Galaxy A55 Silicone Fosca,Silicone,Verde,1,22.9,22.9,10.28,12.62,55.1,0.0,0.0,0.0,0.0,0,0,Orgânico,Cartão de crédito,6,Concluída,40,29,SP,Campinas
MLB2026-002607,2026-07-07,CAP-GA54-TPU,Capa Galaxy A54 TPU Antirrisco,TPU,Cinza,1,15.9,15.9,7.39,8.51,53.5,0.0,0.0,0.0,0.0,0,0,Orgânico,Pix,,Enviada,22,99,MG,Juiz de Fora
MLB2026-002608,2026-07-07,CAP-RN14-SIL,Capa Redmi Note 14 Silicone,Silicone,Preto,1,18.9,18.9,8.5,10.4,55.0,0.0,0.0,0.0,0.0,0,0,Orgânico,Cartão de crédito,6,Concluída,70,54,GO,Aparecida de Goiânia
MLB2026-002609,2026-07-07,CAP-RN14-SIL,Capa Redmi Note 14 Silicone,Silicone,Preto,1,18.9,18.9,9.41,9.49,50.2,0.0,0.0,0.0,0.0,0,0,Orgânico,Pix,,Concluída,70,53,PR,Maringá
MLB2026-002610,2026-07-07,CAP-RN14-SIL,Capa Redmi Note 14 Silicone,Silicone,Preto,1,18.9,18.9,6.85,-1.35,-7.1,12.9,9.03,0.0,4.37,1600,34,Anúncios,Cartão de crédito,12,Concluída,70,52,PE,Olinda
MLB2026-002611,2026-07-07,CAP-RN13-TPU,Capa Redmi Note 13 TPU Cristal,TPU,Transparente,1,14.9,14.9,5.46,9.44,63.4,0.0,0.0,0.0,0.0,0,0,Orgânico,Pix,,Concluída,43,163,RJ,Niterói
MLB2026-002612,2026-07-07,CAP-R12-SIL,Capa realme 12 Silicone Fosca,Silicone,Branco,1,20.9,20.9,8.41,-5.55,-26.6,19.9,13.93,0.0,4.11,3252,77,Anúncios,Boleto,,Concluída,44,92,PA,Ananindeua
MLB2026-002613,2026-07-07,CAP-R11-PLU,Capa realme 11 Pelúcia Fofinha,Pelúcia,Rosa,1,34.9,34.9,13.19,12.68,36.3,12.9,9.03,0.0,0.0,0,0,Orgânico,Pix,,Concluída,10,39,PR,Curitiba
MLB2026-002614,2026-07-07,CAP-MG84-TPU,Capa Moto G84 TPU Transparente,TPU,Transparente,1,15.9,15.9,7.25,-4.59,-28.9,12.9,9.03,1.73,2.48,1380,19,Anúncios,Boleto,,Concluída,42,98,RS,Caxias do Sul
MLB2026-002615,2026-07-07,CAP-MG85-SIL,Capa Moto G85 Silicone Azul,Silicone,Azul,1,19.9,19.9,7.44,-1.47,-7.4,19.9,13.93,0.0,0.0,0,0,Orgânico,Cartão de crédito,3,Concluída,32,138,SP,São Paulo
MLB2026-002616,2026-07-07,CAP-ME50-COU,Capa Moto Edge 50 Couro Sintético,Couro,Marrom,1,59.9,59.9,28.38,27.91,46.6,0.0,0.0,0.0,3.61,1910,52,Anúncios,Pix,,Concluída,43,16,BA,Vitória da Conquista
MLB2026-002617,2026-07-07,CAP-IP16-CRI,Capa iPhone 16 Cristal Espelhada,Cristal,Prata,1,37.9,37.9,18.79,5.18,13.7,19.9,13.93,0.0,0.0,0,0,Orgânico,Pix,,Pendente,49,92,PE,Caruaru
MLB2026-002618,2026-07-07,CAP-IP16-CRI,Capa iPhone 16 Cristal Espelhada,Cristal,Prata,1,37.9,37.9,17.56,6.41,16.9,19.9,13.93,0.0,0.0,0,0,Orgânico,Pix,,Concluída,49,91,SP,São Bernardo do Campo
MLB2026-002619,2026-07-07,CAP-IP12-PLU,Capinha iPhone 12 Pelúcia,Pelúcia,Amarelo,1,33.9,33.9,13.06,4.42,13.0,19.9,13.93,0.0,2.49,1813,11,Anúncios,Pix,,Concluída,5,208,RJ,Rio de Janeiro
MLB2026-002620,2026-07-07,CAP-R12-CRI,Capa realme 12 Cristal Transparente,Cristal,Transparente,1,24.9,24.9,10.37,0.6,2.4,19.9,13.93,0.0,0.0,0,0,Orgânico,Pix,,Enviada,42,0,BA,Feira de Santana
MLB2026-002621,2026-07-07,CAP-R12-CRI,Capa realme 12 Cristal Transparente,Cristal,Transparente,1,24.9,24.9,11.56,13.34,53.6,0.0,0.0,0.0,0.0,0,0,Orgânico,Pix,,Concluída,42,0,SP,São Paulo
MLB2026-002622,2026-07-07,CAP-IP16-PLU,Capa iPhone 16 Pelúcia Colorida,Pelúcia,Verde,1,41.9,41.9,17.23,10.74,25.6,19.9,13.93,0.0,0.0,0,0,Orgânico,Pix,,Concluída,21,41,MG,Contagem
MLB2026-002623,2026-07-07,CAP-GA56-CRI,Capa Galaxy A56 Cristal Espelhada,Cristal,Prata,1,34.9,34.9,16.73,1.85,5.3,19.9,13.93,0.0,2.39,3459,43,Anúncios,Cartão de crédito,,Concluída,39,65,GO,Anápolis
MLB2026-002624,2026-07-07,CAP-RN14-PLU,Capa Redmi Note 14 Pelúcia,Pelúcia,Rosa,1,32.9,32.9,15.9,3.07,9.3,19.9,13.93,0.0,0.0,0,0,Orgânico,Cartão de crédito,3,Concluída,16,0,SP,Campinas
MLB2026-002625,2026-07-07,CAP-IP13-MAG,Capa iPhone 13 Silicone MagSafe,MagSafe,Branco,1,44.9,44.9,20.41,24.49,54.5,0.0,0.0,0.0,0.0,0,0,Orgânico,Cartão de débito,,Concluída,60,0,SP,São Paulo
MLB2026-002626,2026-07-08,CAP-IP15-CRI,Capa iPhone 15 Acrílico Cristal Transparente,Cristal,Transparente,1,29.9,29.9,14.49,12.18,40.7,0.0,0.0,0.0,3.23,1788,12,Anúncios,Cartão de crédito,9,Concluída,18,0,SC,Chapecó
MLB2026-002627,2026-07-08,CAP-IP16-MAG,Capa iPhone 16 Silicone com MagSafe,MagSafe,Azul,1,49.9,49.9,20.36,28.02,56.2,0.0,0.0,0.0,1.52,1934,12,Anúncios,Cartão de crédito,,Concluída,43,85,BA,Salvador
MLB2026-002628,2026-07-08,CAP-GA55-SIL,Capa Galaxy A55 Silicone Fosca,Silicone,Verde,1,22.9,22.9,10.5,1.85,8.1,12.9,9.03,1.52,0.0,0,0,Orgânico,Pix,,Concluída,57,28,MG,Juiz de Fora
MLB2026-002629,2026-07-08,CAP-GA55-CRI,Capa Galaxy A55 Cristal Ultra Fino,Cristal,Transparente,1,26.9,26.9,11.39,-0.45,-1.7,19.9,13.93,0.0,2.03,1276,17,Anúncios,Boleto,,Concluída,70,41,PR,Curitiba
MLB2026-002630,2026-07-08,CAP-GA56-MAG,Capa Galaxy A56 com MagSafe,MagSafe,Roxo,1,47.9,47.9,20.24,23.88,49.9,0.0,0.0,0.0,3.78,3116,76,Anúncios,Cartão de crédito,12,Enviada,38,35,SP,São Paulo
MLB2026-002631,2026-07-08,CAP-GS23-TPU,Capa Galaxy S23 TPU Camuflada,TPU,Camuflado,1,19.9,19.9,7.98,9.58,48.1,0.0,0.0,0.0,2.34,1512,11,Anúncios,Pix,,Concluída,10,151,RS,Caxias do Sul
MLB2026-002632,2026-07-08,CAP-RN13-TPU,Capa Redmi Note 13 TPU Cristal,TPU,Transparente,1,14.9,14.9,6.39,-6.55,-44.0,19.9,13.93,0.0,1.13,1212,13,Anúncios,Cartão de crédito,3,Concluída,39,162,MG,Contagem
MLB2026-002633,2026-07-08,CAP-RN13-TPU,Capa Redmi Note 13 TPU Cristal,TPU,Transparente,1,14.9,14.9,5.9,-0.03,-0.2,12.9,9.03,0.0,0.0,0,0,Orgânico,Cartão de crédito,3,Concluída,39,161,MG,Juiz de Fora
MLB2026-002634,2026-07-08,CAP-R12-SIL,Capa realme 12 Silicone Fosca,Silicone,Branco,1,20.9,20.9,7.72,13.18,63.1,0.0,0.0,0.0,0.0,0,0,Orgânico,Pix,,Enviada,85,91,SP,Guarulhos
MLB2026-002635,2026-07-08,CAP-R12-SIL,Capa realme 12 Silicone Fosca,Silicone,Branco,2,20.9,41.8,17.06,21.51,51.5,0.0,0.0,0.0,3.23,1964,9,Anúncios,Pix,,Cancelada,85,89,SP,Campinas
MLB2026-002636,2026-07-08,CAP-RN14-AGU,Capa Redmi Note 14 À Prova d'Água,À Prova d'Água,Azul,1,54.9,54.9,26.64,28.26,51.5,0.0,0.0,0.0,0.0,0,0,Orgânico,Cartão de crédito,,Concluída,15,32,BA,Feira de Santana
MLB2026-002637,2026-07-08,CAP-IP16-CRI,Capa iPhone 16 Cristal Espelhada,Cristal,Prata,1,37.9,37.9,13.7,15.17,40.0,12.9,9.03,0.0,0.0,0,0,Orgânico,Pix,,Concluída,24,90,SP,Osasco
MLB2026-002638,2026-07-08,CAP-GS24-COU,Capa Galaxy S24 Couro Premium,Couro,Preto,2,64.9,129.8,55.88,71.2,54.9,0.0,0.0,0.0,2.72,3465,28,Anúncios,Pix,,Cancelada,17,143,RJ,Rio de Janeiro
MLB2026-002639,2026-07-08,CAP-R12-SUP,Capa realme 12 com Suporte,Com Suporte,Cinza,3,33.9,101.7,41.07,60.63,59.6,0.0,0.0,0.0,0.0,0,0,Orgânico,Pix,,Concluída,23,179,SP,Guarulhos
MLB2026-002640,2026-07-08,CAP-MG85-TPU,Capa Moto G85 TPU Cinza,TPU,Cinza,1,16.9,16.9,6.31,-1.5,-8.9,12.9,9.03,0.0,3.06,1210,11,Anúncios,Pix,,Concluída,31,0,SP,Osasco
MLB2026-002641,2026-07-08,CAP-R13C-SIL,Capa Redmi 13C Silicone Azul,Silicone,Azul,1,17.9,17.9,7.79,1.08,6.0,12.9,9.03,0.0,0.0,0,0,Orgânico,Pix,,Concluída,22,0,PR,Maringá
MLB2026-002642,2026-07-09,CAP-IP16-MAG,Capa iPhone 16 Silicone com MagSafe,MagSafe,Azul,1,49.9,49.9,20.49,27.89,55.9,0.0,0.0,0.0,1.52,3327,56,Anúncios,Cartão de crédito,,Devolvida,41,84,SP,Osasco
MLB2026-002643,2026-07-09,CAP-IP16-MAG,Capa iPhone 16 Silicone com MagSafe,MagSafe,Azul,1,49.9,49.9,22.43,24.29,48.7,0.0,0.0,0.0,3.18,2360,48,Anúncios,Pix,,Pendente,41,83,GO,Goiânia
MLB2026-002644,2026-07-09,CAP-GA55-SIL,Capa Galaxy A55 Silicone Fosca,Silicone,Verde,1,22.9,22.9,8.77,11.33,49.5,0.0,0.0,0.0,2.8,1138,17,Anúncios,Pix,,Concluída,100,27,SC,Joinville
MLB2026-002645,2026-07-09,CAP-GA54-TPU,Capa Galaxy A54 TPU Antirrisco,TPU,Cinza,1,15.9,15.9,6.72,-5.98,-37.6,19.9,13.93,0.0,1.23,2874,69,Anúncios,Cartão de crédito,6,Concluída,29,98,MG,Uberlândia
MLB2026-002646,2026-07-09,CAP-GA54-TPU,Capa Galaxy A54 TPU Antirrisco,TPU,Cinza,1,15.9,15.9,7.87,-9.76,-61.4,19.9,13.93,0.0,3.86,2476,24,Anúncios,Cartão de crédito,,Concluída,29,97,SP,Osasco
MLB2026-002647,2026-07-09,CAP-GA54-TPU,Capa Galaxy A54 TPU Antirrisco,TPU,Cinza,1,15.9,15.9,7.69,-8.08,-50.8,19.9,13.93,0.0,2.36,1832,9,Anúncios,Pix,,Concluída,29,96,RJ,Duque de Caxias
MLB2026-002648,2026-07-09,CAP-GA56-MAG,Capa Galaxy A56 com MagSafe,MagSafe,Roxo,1,47.9,47.9,20.57,27.33,57.1,0.0,0.0,0.0,0.0,0,0,Orgânico,Pix,,Concluída,23,34,RS,Canoas
MLB2026-002649,2026-07-09,CAP-GA56-MAG,Capa Galaxy A56 com MagSafe,MagSafe,Roxo,1,47.9,47.9,18.22,25.27,52.8,0.0,0.0,0.0,4.41,1329,14,Anúncios,Cartão de crédito,,Concluída,23,33,BA,Feira de Santana
MLB2026-002650,2026-07-09,CAP-GS24-SIL,Capa Galaxy S24 Silicone com Anel,Silicone,Azul,1,29.9,29.9,13.56,2.99,10.0,12.9,9.03,0.0,4.32,2079,10,Anúncios,Pix,,Concluída,40,72,MG,Uberlândia
MLB2026-002651,2026-07-09,CAP-GS24-SIL,Capa Galaxy S24 Silicone com Anel,Silicone,Azul,1,29.9,29.9,11.66,18.24,61.0,0.0,0.0,0.0,0.0,0,0,Orgânico,Pix,,Concluída,40,71,RS,Canoas
MLB2026-002652,2026-07-09,CAP-GS23-TPU,Capa Galaxy S23 TPU Camuflada,TPU,Camuflado,1,19.9,19.9,7.52,8.91,44.8,0.0,0.0,0.0,3.47,1056,17,Anúncios,Cartão de crédito,6,Concluída,86,150,PR,Curitiba
MLB2026-002653,2026-07-09,CAP-RN14-SIL,Capa Redmi Note 14 Silicone,Silicone,Preto,1,18.9,18.9,7.7,11.2,59.3,0.0,0.0,0.0,0.0,0,0,Orgânico,Cartão de débito,,Concluída,58,51,GO,Anápolis
MLB2026-002654,2026-07-09,CAP-R12-SIL,Capa realme 12 Silicone Fosca,Silicone,Branco,1,20.9,20.9,7.8,-4.82,-23.1,19.9,13.93,0.0,3.99,1145,11,Anúncios,Cartão de crédito,9,Concluída,32,88,SC,Joinville
MLB2026-002655,2026-07-09,CAP-IP15-PLU,Capa iPhone 15 Pelúcia Colorida,Pelúcia,Rosa,2,39.9,79.8,32.3,47.5,59.5,0.0,0.0,0.0,0.0,0,0,Orgânico,Boleto,,Concluída,8,105,SP,São Bernardo do Campo
MLB2026-002656,2026-07-09,CAP-RN14-AGU,Capa Redmi Note 14 À Prova d'Água,À Prova d'Água,Azul,1,54.9,54.9,24.98,27.56,50.2,0.0,0.0,0.0,2.36,1218,19,Anúncios,Pix,,Concluída,15,31,RJ,Duque de Caxias
MLB2026-002657,2026-07-09,CAP-MG84-SUP,Capa Moto G84 com Suporte,Com Suporte,Preto,1,29.9,29.9,12.84,-0.43,-1.4,19.9,13.93,0.0,3.56,1167,8,Anúncios,Pix,,Concluída,3,141,RJ,Rio de Janeiro
MLB2026-002658,2026-07-09,CAP-IP16-PLU,Capa iPhone 16 Pelúcia Colorida,Pelúcia,Verde,1,41.9,41.9,18.52,23.38,55.8,0.0,0.0,0.0,0.0,0,0,Orgânico,Cartão de crédito,12,Concluída,5,40,RJ,Duque de Caxias
MLB2026-002659,2026-07-09,CAP-RN14-PLU,Capa Redmi Note 14 Pelúcia,Pelúcia,Rosa,1,32.9,32.9,15.24,4.38,13.3,12.9,9.03,0.0,4.25,2643,67,Anúncios,Cartão de crédito,,Concluída,4,0,MG,Juiz de Fora
MLB2026-002660,2026-07-09,CAP-RN14-PLU,Capa Redmi Note 14 Pelúcia,Pelúcia,Rosa,1,32.9,32.9,11.99,8.2,24.9,12.9,9.03,0.0,3.68,2197,31,Anúncios,Boleto,,Cancelada,4,0,SC,Blumenau
MLB2026-002661,2026-07-09,CAP-GA54-SIL,Capa Galaxy A54 Silicone Vermelho,Silicone,Vermelho,1,18.9,18.9,7.01,-3.95,-20.9,19.9,13.93,1.91,0.0,0,0,Orgânico,Pix,,Concluída,28,138,SP,Campinas
MLB2026-002662,2026-07-09,CAP-GA54-SIL,Capa Galaxy A54 Silicone Vermelho,Silicone,Vermelho,1,18.9,18.9,8.26,10.64,56.3,0.0,0.0,0.0,0.0,0,0,Orgânico,Cartão de crédito,6,Concluída,28,137,RS,Porto Alegre
MLB2026-002663,2026-07-10,CAP-IP15-CRI,Capa iPhone 15 Acrílico Cristal Transparente,Cristal,Transparente,1,29.9,29.9,11.83,18.07,60.4,0.0,0.0,0.0,0.0,0,0,Orgânico,Cartão de crédito,3,Concluída,39,0,ES,Vila Velha
MLB2026-002664,2026-07-10,CAP-IP15-CRI,Capa iPhone 15 Acrílico Cristal Transparente,Cristal,Transparente,1,29.9,29.9,12.11,17.79,59.5,0.0,0.0,0.0,0.0,0,0,Orgânico,Pix,,Concluída,39,0,CE,Sobral
MLB2026-002665,2026-07-10,CAP-IP14-COU,Capa iPhone 14 Couro Sintético Premium,Couro,Marrom,1,44.9,44.9,22.05,22.85,50.9,0.0,0.0,0.0,0.0,0,0,Orgânico,Cartão de crédito,6,Concluída,13,48,BA,Vitória da Conquista
MLB2026-002666,2026-07-10,CAP-IP13-SIL,Capa iPhone 13 Silicone Colorida,Silicone,Rosa,1,21.9,21.9,9.54,12.36,56.4,0.0,0.0,0.0,0.0,0,0,Orgânico,Pix,,Concluída,69,148,PR,Maringá
MLB2026-002667,2026-07-10,CAP-IP12-TPU,Capa iPhone 12 TPU Transparente,TPU,Transparente,1,16.9,16.9,8.24,-5.27,-31.2,19.9,13.93,0.0,0.0,0,0,Orgânico,Pix,,Concluída,51,0,GO,Anápolis
MLB2026-002668,2026-07-10,CAP-IP12-TPU,Capa iPhone 12 TPU Transparente,TPU,Transparente,1,16.9,16.9,8.27,8.63,51.1,0.0,0.0,0.0,0.0,0,0,Orgânico,Cartão de crédito,3,Concluída,51,0,PA,Belém
MLB2026-002669,2026-07-10,CAP-GA55-SIL,Capa Galaxy A55 Silicone Fosca,Silicone,Verde,1,22.9,22.9,9.34,4.53,19.8,12.9,9.03,0.0,0.0,0,0,Orgânico,Pix,,Concluída,221,26,RJ,Niterói
MLB2026-002670,2026-07-10,CAP-GA55-CRI,Capa Galaxy A55 Cristal Ultra Fino,Cristal,Transparente,1,26.9,26.9,13.34,-8.87,-33.0,19.9,13.93,4.32,4.18,508,9,Anúncios,Pix,,Concluída,38,40,PE,Caruaru
MLB2026-002671,2026-07-10,CAP-GA54-TPU,Capa Galaxy A54 TPU Antirrisco,TPU,Cinza,1,15.9,15.9,6.3,-4.33,-27.2,19.9,13.93,0.0,0.0,0,0,Orgânico,Cartão de crédito,,Concluída,64,95,SP,Osasco
MLB2026-002672,2026-07-10,CAP-GA56-CRI,Capa Galaxy A56 Cristal Espelhada,Cristal,Prata,1,34.9,34.9,15.56,19.34,55.4,0.0,0.0,0.0,0.0,0,0,Orgânico,Pix,,Concluída,53,64,SP,Osasco
MLB2026-002673,2026-07-10,CAP-GS24-COU,Capa Galaxy S24 Couro Premium,Couro,Preto,1,64.9,64.9,30.42,34.48,53.1,0.0,0.0,0.0,0.0,0,0,Orgânico,Cartão de crédito,12,Concluída,31,142,PR,Londrina
MLB2026-002674,2026-07-10,CAP-IP13-MAG,Capa iPhone 13 Silicone MagSafe,MagSafe,Branco,1,44.9,44.9,19.2,25.7,57.2,0.0,0.0,0.0,0.0,0,0,Orgânico,Cartão de crédito,6,Concluída,23,0,SP,São Bernardo do Campo
MLB2026-002675,2026-07-10,CAP-GA54-SIL,Capa Galaxy A54 Silicone Vermelho,Silicone,Vermelho,1,18.9,18.9,9.4,9.5,50.3,0.0,0.0,0.0,0.0,0,0,Orgânico,Pix,,Devolvida,33,136,SP,Guarulhos
MLB2026-002676,2026-07-11,CAP-IP15-SIL,Capa de Celular iPhone 15 Silicone Fosca,Silicone,Preto,1,24.9,24.9,10.87,5.0,20.1,12.9,9.03,0.0,0.0,0,0,Orgânico,Cartão de crédito,12,Enviada,60,0,RJ,Campos dos Goytacazes
MLB2026-002677,2026-07-11,CAP-IP16-MAG,Capa iPhone 16 Silicone com MagSafe,MagSafe,Azul,1,49.9,49.9,18.17,31.73,63.6,0.0,0.0,0.0,0.0,0,0,Orgânico,Boleto,,Concluída,86,82,BA,Salvador
MLB2026-002678,2026-07-11,CAP-IP13-SIL,Capa iPhone 13 Silicone Colorida,Silicone,Rosa,3,21.9,65.7,31.44,34.26,52.1,0.0,0.0,0.0,0.0,0,0,Orgânico,Cartão de crédito,3,Concluída,33,145,PR,Londrina
MLB2026-002679,2026-07-11,CAP-IP11-SIL,Capinha iPhone 11 Silicone Antichoque,Silicone,Preto,1,15.9,15.9,6.64,-10.24,-64.4,19.9,13.93,3.0,2.57,310,7,Anúncios,Cartão de débito,,Pendente,117,0,SP,São Paulo
MLB2026-002680,2026-07-11,CAP-IP11-SIL,Capinha iPhone 11 Silicone Antichoque,Silicone,Preto,1,15.9,15.9,7.68,-10.17,-64.0,12.9,9.03,4.92,4.44,3470,60,Anúncios,Pix,,Pendente,117,0,SP,São Bernardo do Campo
MLB2026-002681,2026-07-11,CAP-GA55-SIL,Capa Galaxy A55 Silicone Fosca,Silicone,Verde,2,22.9,45.8,21.18,15.59,34.0,12.9,9.03,0.0,0.0,0,0,Orgânico,Cartão de crédito,,Concluída,44,24,PR,Curitiba
MLB2026-002682,2026-07-11,CAP-GA55-SIL,Capa Galaxy A55 Silicone Fosca,Silicone,Verde,1,22.9,22.9,10.25,-1.28,-5.6,19.9,13.93,0.0,0.0,0,0,Orgânico,Pix,,Concluída,44,23,SP,São Bernardo do Campo
MLB2026-002683,2026-07-11,CAP-GS25-COU,Capa Galaxy S25 Ultra Couro Premium,Couro,Marrom,3,69.9,209.7,103.56,106.14,50.6,0.0,0.0,0.0,0.0,0,0,Orgânico,Cartão de crédito,9,Concluída,32,114,SP,Campinas
MLB2026-002684,2026-07-11,CAP-GS24-SIL,Capa Galaxy S24 Silicone com Anel,Silicone,Azul,1,29.9,29.9,12.23,13.63,45.6,0.0,0.0,0.0,4.04,575,13,Anúncios,Pix,,Concluída,37,70,SP,São Paulo
MLB2026-002685,2026-07-11,CAP-RN14-SIL,Capa Redmi Note 14 Silicone,Silicone,Preto,1,18.9,18.9,9.37,0.5,2.6,12.9,9.03,0.0,0.0,0,0,Orgânico,Pix,,Cancelada,48,50,RJ,Duque de Caxias
MLB2026-002686,2026-07-11,CAP-RN13-TPU,Capa Redmi Note 13 TPU Cristal,TPU,Transparente,1,14.9,14.9,6.23,8.67,58.2,0.0,0.0,0.0,0.0,0,0,Orgânico,Cartão de crédito,,Concluída,9,160,RJ,Niterói
MLB2026-002687,2026-07-11,CAP-MG84-TPU,Capa Moto G84 TPU Transparente,TPU,Transparente,2,15.9,31.8,11.44,20.36,64.0,0.0,0.0,0.0,0.0,0,0,Orgânico,Pix,,Enviada,12,96,BA,Vitória da Conquista
MLB2026-002688,2026-07-11,CAP-MG84-TPU,Capa Moto G84 TPU Transparente,TPU,Transparente,2,15.9,31.8,14.02,3.85,12.1,19.9,13.93,0.0,0.0,0,0,Orgânico,Pix,,Concluída,12,94,SP,Osasco
MLB2026-002689,2026-07-11,CAP-MG84-TPU,Capa Moto G84 TPU Transparente,TPU,Transparente,1,15.9,15.9,7.63,-5.66,-35.6,19.9,13.93,0.0,0.0,0,0,Orgânico,Pix,,Concluída,12,93,ES,Serra
MLB2026-002690,2026-07-11,CAP-ME50-COU,Capa Moto Edge 50 Couro Sintético,Couro,Marrom,1,59.9,59.9,21.56,38.34,64.0,0.0,0.0,0.0,0.0,0,0,Orgânico,Cartão de crédito,3,Enviada,14,15,CE,Juazeiro do Norte
MLB2026-002691,2026-07-11,CAP-RN14-AGU,Capa Redmi Note 14 À Prova d'Água,À Prova d'Água,Azul,1,54.9,54.9,27.45,27.45,50.0,0.0,0.0,0.0,0.0,0,0,Orgânico,Pix,,Concluída,6,30,SC,Joinville
MLB2026-002692,2026-07-11,CAP-IP12-PLU,Capinha iPhone 12 Pelúcia,Pelúcia,Amarelo,3,33.9,101.7,39.84,52.83,51.9,12.9,9.03,0.0,0.0,0,0,Orgânico,Cartão de crédito,,Concluída,3,205,SP,Campinas
MLB2026-002693,2026-07-11,CAP-IP16-PLU,Capa iPhone 16 Pelúcia Colorida,Pelúcia,Verde,1,41.9,41.9,18.87,23.03,55.0,0.0,0.0,0.0,0.0,0,0,Orgânico,Cartão de crédito,9,Cancelada,31,39,SP,Osasco
MLB2026-002694,2026-07-11,CAP-GA56-CRI,Capa Galaxy A56 Cristal Espelhada,Cristal,Prata,1,34.9,34.9,13.27,12.6,36.1,12.9,9.03,0.0,0.0,0,0,Orgânico,Cartão de crédito,,Concluída,11,63,GO,Goiânia
MLB2026-002695,2026-07-11,CAP-RN14-PLU,Capa Redmi Note 14 Pelúcia,Pelúcia,Rosa,1,32.9,32.9,14.29,3.48,10.6,19.9,13.93,1.2,0.0,0,0,Orgânico,Pix,,Concluída,38,0,MG,Juiz de Fora
MLB2026-002696,2026-07-11,CAP-RN14-PLU,Capa Redmi Note 14 Pelúcia,Pelúcia,Rosa,1,32.9,32.9,13.12,5.85,17.8,19.9,13.93,0.0,0.0,0,0,Orgânico,Pix,,Concluída,38,0,RJ,Campos dos Goytacazes
MLB2026-002697,2026-07-11,CAP-GS24-COU,Capa Galaxy S24 Couro Premium,Couro,Preto,1,64.9,64.9,27.73,34.47,53.1,0.0,0.0,0.0,2.7,1227,34,Anúncios,Boleto,,Concluída,8,141,SP,São Paulo
MLB2026-002698,2026-07-11,CAP-IP13-MAG,Capa iPhone 13 Silicone MagSafe,MagSafe,Branco,1,44.9,44.9,17.4,27.5,61.2,0.0,0.0,0.0,0.0,0,0,Orgânico,Boleto,,Concluída,18,0,PA,Belém
MLB2026-002699,2026-07-11,CAP-IP15-AGU,Capa iPhone 15 À Prova d'Água,À Prova d'Água,Preto,3,57.9,173.7,81.09,90.69,52.2,0.0,0.0,0.0,1.92,2291,48,Anúncios,Cartão de crédito,,Concluída,17,73,GO,Anápolis
MLB2026-002700,2026-07-11,CAP-GA54-SIL,Capa Galaxy A54 Silicone Vermelho,Silicone,Vermelho,1,18.9,18.9,8.93,0.39,2.1,12.9,9.03,0.55,0.0,0,0,Orgânico,Pix,,Pendente,24,135,PA,Ananindeua
MLB2026-002701,2026-07-11,CAP-R13C-SIL,Capa Redmi 13C Silicone Azul,Silicone,Azul,1,17.9,17.9,6.73,11.17,62.4,0.0,0.0,0.0,0.0,0,0,Orgânico,Pix,,Concluída,14,0,PA,Belém
MLB2026-002702,2026-07-11,CAP-R13C-SIL,Capa Redmi 13C Silicone Azul,Silicone,Azul,1,17.9,17.9,8.2,-4.23,-23.6,19.9,13.93,0.0,0.0,0,0,Orgânico,Cartão de crédito,,Cancelada,14,0,SP,Guarulhos
MLB2026-002703,2026-07-11,CAP-R13C-SIL,Capa Redmi 13C Silicone Azul,Silicone,Azul,1,17.9,17.9,7.21,10.69,59.7,0.0,0.0,0.0,0.0,0,0,Orgânico,Cartão de crédito,,Concluída,14,0,MA,São Luís
MLB2026-002704,2026-07-12,CAP-IP15-SIL,Capa de Celular iPhone 15 Silicone Fosca,Silicone,Preto,1,24.9,24.9,9.87,-2.48,-10.0,19.9,13.93,0.0,3.58,319,5,Anúncios,Pix,,Concluída,27,0,SP,Osasco
MLB2026-002705,2026-07-12,CAP-IP15-SIL,Capa de Celular iPhone 15 Silicone Fosca,Silicone,Preto,1,24.9,24.9,8.72,14.1,56.6,0.0,0.0,0.0,2.08,2087,8,Anúncios,Pix,,Concluída,27,0,SC,Florianópolis
MLB2026-002706,2026-07-12,CAP-IP14-COU,Capa iPhone 14 Couro Sintético Premium,Couro,Marrom,1,44.9,44.9,18.77,26.13,58.2,0.0,0.0,0.0,0.0,0,0,Orgânico,Cartão de débito,,Enviada,19,47,MG,Belo Horizonte
MLB2026-002707,2026-07-12,CAP-IP13-SIL,Capa iPhone 13 Silicone Colorida,Silicone,Rosa,1,21.9,21.9,9.7,12.2,55.7,0.0,0.0,0.0,0.0,0,0,Orgânico,Pix,,Concluída,86,144,RJ,Rio de Janeiro
MLB2026-002708,2026-07-12,CAP-IP12-TPU,Capa iPhone 12 TPU Transparente,TPU,Transparente,1,16.9,16.9,6.83,8.0,47.3,0.0,0.0,0.0,2.07,2910,19,Anúncios,Cartão de crédito,,Pendente,49,0,PE,Petrolina
MLB2026-002709,2026-07-12,CAP-IP12-TPU,Capa iPhone 12 TPU Transparente,TPU,Transparente,1,16.9,16.9,6.57,6.73,39.8,0.0,0.0,0.0,3.6,2278,30,Anúncios,Pix,,Concluída,49,0,MG,Contagem
MLB2026-002710,2026-07-12,CAP-GA55-SIL,Capa Galaxy A55 Silicone Fosca,Silicone,Verde,1,22.9,22.9,9.84,-3.66,-16.0,19.9,13.93,0.0,2.79,1082,7,Anúncios,Pix,,Concluída,219,22,SP,Campinas
MLB2026-002711,2026-07-12,CAP-GA55-CRI,Capa Galaxy A55 Cristal Ultra Fino,Cristal,Transparente,1,26.9,26.9,10.69,2.28,8.5,19.9,13.93,0.0,0.0,0,0,Orgânico,Boleto,,Concluída,36,39,RJ,Rio de Janeiro
MLB2026-002712,2026-07-12,CAP-GA55-CRI,Capa Galaxy A55 Cristal Ultra Fino,Cristal,Transparente,1,26.9,26.9,9.9,3.07,11.4,19.9,13.93,0.0,0.0,0,0,Orgânico,Pix,,Concluída,36,38,BA,Feira de Santana
MLB2026-002713,2026-07-12,CAP-GA55-CRI,Capa Galaxy A55 Cristal Ultra Fino,Cristal,Transparente,1,26.9,26.9,9.68,16.49,61.3,0.0,0.0,0.73,0.0,0,0,Orgânico,Pix,,Concluída,36,37,RS,Porto Alegre
MLB2026-002714,2026-07-12,CAP-GA54-TPU,Capa Galaxy A54 TPU Antirrisco,TPU,Cinza,1,15.9,15.9,6.87,9.03,56.8,0.0,0.0,0.0,0.0,0,0,Orgânico,Pix,,Concluída,41,94,BA,Vitória da Conquista
MLB2026-002715,2026-07-12,CAP-GS24-SIL,Capa Galaxy S24 Silicone com Anel,Silicone,Azul,1,29.9,29.9,11.95,17.95,60.0,0.0,0.0,0.0,0.0,0,0,Orgânico,Pix,,Concluída,17,69,SC,Blumenau
MLB2026-002716,2026-07-12,CAP-RN13-TPU,Capa Redmi Note 13 TPU Cristal,TPU,Transparente,2,14.9,29.8,10.92,2.64,8.9,19.9,13.93,2.31,0.0,0,0,Orgânico,Cartão de crédito,,Concluída,47,158,ES,Vila Velha
MLB2026-002717,2026-07-12,CAP-R12-SIL,Capa realme 12 Silicone Fosca,Silicone,Branco,1,20.9,20.9,7.64,4.23,20.2,12.9,9.03,0.0,0.0,0,0,Orgânico,Pix,,Concluída,47,87,SP,Guarulhos
MLB2026-002718,2026-07-12,CAP-R12-SIL,Capa realme 12 Silicone Fosca,Silicone,Branco,1,20.9,20.9,9.37,-4.31,-20.6,19.9,13.93,0.0,1.91,2265,44,Anúncios,Cartão de crédito,3,Concluída,47,86,SP,Osasco
MLB2026-002719,2026-07-12,CAP-R12-SIL,Capa realme 12 Silicone Fosca,Silicone,Branco,1,20.9,20.9,9.83,-1.09,-5.2,12.9,9.03,0.0,3.13,2713,77,Anúncios,Pix,,Concluída,47,85,SC,Blumenau
MLB2026-002720,2026-07-12,CAP-R11-PLU,Capa realme 11 Pelúcia Fofinha,Pelúcia,Rosa,1,34.9,34.9,15.56,10.31,29.5,12.9,9.03,0.0,0.0,0,0,Orgânico,Pix,,Pendente,8,38,SP,Guarulhos
MLB2026-002721,2026-07-12,CAP-R11-PLU,Capa realme 11 Pelúcia Fofinha,Pelúcia,Rosa,1,34.9,34.9,13.26,11.34,32.5,12.9,9.03,1.27,0.0,0,0,Orgânico,Cartão de crédito,9,Concluída,8,37,SC,Joinville
MLB2026-002722,2026-07-12,CAP-R11-PLU,Capa realme 11 Pelúcia Fofinha,Pelúcia,Rosa,1,34.9,34.9,16.41,9.46,27.1,12.9,9.03,0.0,0.0,0,0,Orgânico,Pix,,Concluída,8,36,RJ,Niterói
MLB2026-002723,2026-07-12,CAP-MG84-TPU,Capa Moto G84 TPU Transparente,TPU,Transparente,1,15.9,15.9,7.68,-0.81,-5.1,12.9,9.03,0.0,0.0,0,0,Orgânico,Cartão de crédito,,Concluída,30,92,SP,São Paulo
MLB2026-002724,2026-07-12,CAP-MG85-SIL,Capa Moto G85 Silicone Azul,Silicone,Azul,1,19.9,19.9,9.68,-8.21,-41.3,19.9,13.93,0.0,4.5,1601,20,Anúncios,Pix,,Concluída,24,137,MG,Belo Horizonte
MLB2026-002725,2026-07-12,CAP-GS25-SIL,Capa Galaxy S25 Ultra Silicone MagSafe,MagSafe,Preto,1,54.9,54.9,25.49,29.41,53.6,0.0,0.0,0.0,0.0,0,0,Orgânico,Boleto,,Concluída,73,0,SP,São Paulo
MLB2026-002726,2026-07-12,CAP-R12-CRI,Capa realme 12 Cristal Transparente,Cristal,Transparente,1,24.9,24.9,9.38,-1.48,-5.9,12.9,9.03,3.73,4.24,422,9,Anúncios,Cartão de crédito,,Concluída,23,0,MG,Belo Horizonte
MLB2026-002727,2026-07-12,CAP-R12-CRI,Capa realme 12 Cristal Transparente,Cristal,Transparente,1,24.9,24.9,12.37,-1.4,-5.6,19.9,13.93,0.0,0.0,0,0,Orgânico,Pix,,Concluída,23,0,SP,Guarulhos
MLB2026-002728,2026-07-12,CAP-GA56-CRI,Capa Galaxy A56 Cristal Espelhada,Cristal,Prata,1,34.9,34.9,14.51,5.23,15.0,19.9,13.93,0.0,1.23,3343,54,Anúncios,Cartão de crédito,9,Concluída,8,62,RJ,Rio de Janeiro
MLB2026-002729,2026-07-12,CAP-GA56-CRI,Capa Galaxy A56 Cristal Espelhada,Cristal,Prata,1,34.9,34.9,13.26,7.71,22.1,19.9,13.93,0.0,0.0,0,0,Orgânico,Cartão de crédito,12,Concluída,8,61,SP,Guarulhos
MLB2026-002730,2026-07-12,CAP-GS24-COU,Capa Galaxy S24 Couro Premium,Couro,Preto,1,64.9,64.9,30.81,31.17,48.0,0.0,0.0,0.0,2.92,1861,35,Anúncios,Pix,,Concluída,40,140,SC,Joinville
MLB2026-002731,2026-07-12,CAP-GS24-COU,Capa Galaxy S24 Couro Premium,Couro,Preto,1,64.9,64.9,28.02,36.88,56.8,0.0,0.0,0.0,0.0,0,0,Orgânico,Cartão de crédito,,Concluída,40,139,SC,Florianópolis
MLB2026-002732,2026-07-12,CAP-GA54-SIL,Capa Galaxy A54 Silicone Vermelho,Silicone,Vermelho,1,18.9,18.9,7.44,-2.47,-13.1,19.9,13.93,0.0,0.0,0,0,Orgânico,Pix,,Concluída,12,134,RJ,Rio de Janeiro
MLB2026-002733,2026-07-12,CAP-R13C-SIL,Capa Redmi 13C Silicone Azul,Silicone,Azul,1,17.9,17.9,6.8,-2.83,-15.8,19.9,13.93,0.0,0.0,0,0,Orgânico,Pix,,Concluída,13,0,RS,Porto Alegre
MLB2026-002734,2026-07-13,CAP-IP15-CRI,Capa iPhone 15 Acrílico Cristal Transparente,Cristal,Transparente,1,29.9,29.9,13.96,2.01,6.7,19.9,13.93,0.0,0.0,0,0,Orgânico,Pix,,Concluída,66,0,MG,Uberlândia
MLB2026-002735,2026-07-13,CAP-IP16-MAG,Capa iPhone 16 Silicone com MagSafe,MagSafe,Azul,1,49.9,49.9,18.14,27.92,56.0,0.0,0.0,0.0,3.84,2978,21,Anúncios,Pix,,Concluída,83,81,DF,Taguatinga
MLB2026-002736,2026-07-13,CAP-IP12-TPU,Capa iPhone 12 TPU Transparente,TPU,Transparente,1,16.9,16.9,6.76,0.03,0.2,12.9,9.03,0.0,1.08,2466,66,Anúncios,Cartão de crédito,,Concluída,6,0,PR,Londrina
MLB2026-002737,2026-07-13,CAP-IP11-SIL,Capinha iPhone 11 Silicone Antichoque,Silicone,Preto,1,15.9,15.9,7.34,-5.37,-33.8,19.9,13.93,0.0,0.0,0,0,Orgânico,Pix,,Concluída,18,0,RJ,Duque de Caxias
MLB2026-002738,2026-07-13,CAP-IP11-SIL,Capinha iPhone 11 Silicone Antichoque,Silicone,Preto,1,15.9,15.9,6.72,-10.19,-64.1,19.9,13.93,4.53,0.91,1822,13,Anúncios,Pix,,Concluída,18,0,SP,São Bernardo do Campo
MLB2026-002739,2026-07-13,CAP-GA55-SIL,Capa Galaxy A55 Silicone Fosca,Silicone,Verde,1,22.9,22.9,9.41,4.46,19.5,12.9,9.03,0.0,0.0,0,0,Orgânico,Pix,,Concluída,26,21,AM,Manaus
MLB2026-002740,2026-07-13,CAP-GS24-SIL,Capa Galaxy S24 Silicone com Anel,Silicone,Azul,2,29.9,59.8,24.0,19.04,31.8,19.9,13.93,2.83,0.0,0,0,Orgânico,Pix,,Concluída,24,67,CE,Juazeiro do Norte
MLB2026-002741,2026-07-13,CAP-GS23-TPU,Capa Galaxy S23 TPU Camuflada,TPU,Camuflado,1,19.9,19.9,9.23,10.67,53.6,0.0,0.0,0.0,0.0,0,0,Orgânico,Boleto,,Concluída,15,149,MG,Belo Horizonte
MLB2026-002742,2026-07-13,CAP-R12-SIL,Capa realme 12 Silicone Fosca,Silicone,Branco,1,20.9,20.9,8.75,10.88,52.1,0.0,0.0,0.0,1.27,3410,31,Anúncios,Pix,,Concluída,9,84,MG,Juiz de Fora
MLB2026-002743,2026-07-13,CAP-R11-PLU,Capa realme 11 Pelúcia Fofinha,Pelúcia,Rosa,1,34.9,34.9,12.32,9.93,28.5,12.9,9.03,0.0,3.62,2893,42,Anúncios,Cartão de crédito,9,Enviada,20,35,SC,Joinville
MLB2026-002744,2026-07-13,CAP-ME50-COU,Capa Moto Edge 50 Couro Sintético,Couro,Marrom,1,59.9,59.9,27.46,27.81,46.4,0.0,0.0,4.63,0.0,0,0,Orgânico,Pix,,Concluída,16,14,SP,Guarulhos
MLB2026-002745,2026-07-13,CAP-ME50-COU,Capa Moto Edge 50 Couro Sintético,Couro,Marrom,1,59.9,59.9,24.66,35.24,58.8,0.0,0.0,0.0,0.0,0,0,Orgânico,Pix,,Concluída,16,13,CE,Juazeiro do Norte
MLB2026-002746,2026-07-13,CAP-IP15-PLU,Capa iPhone 15 Pelúcia Colorida,Pelúcia,Rosa,1,39.9,39.9,16.75,23.15,58.0,0.0,0.0,0.0,0.0,0,0,Orgânico,Cartão de crédito,3,Concluída,13,104,MG,Contagem
MLB2026-002747,2026-07-13,CAP-IP16-CRI,Capa iPhone 16 Cristal Espelhada,Cristal,Prata,1,37.9,37.9,13.54,9.95,26.3,19.9,13.93,0.48,0.0,0,0,Orgânico,Pix,,Concluída,24,89,SP,Guarulhos
MLB2026-002748,2026-07-13,CAP-IP16-CRI,Capa iPhone 16 Cristal Espelhada,Cristal,Prata,1,37.9,37.9,13.51,15.36,40.5,12.9,9.03,0.0,0.0,0,0,Orgânico,Cartão de crédito,3,Concluída,24,88,PR,Londrina
MLB2026-002749,2026-07-13,CAP-R13C-SIL,Capa Redmi 13C Silicone Azul,Silicone,Azul,1,17.9,17.9,8.85,-4.88,-27.3,19.9,13.93,0.0,0.0,0,0,Orgânico,Pix,,Concluída,121,0,BA,Salvador
MLB2026-002750,2026-07-14,CAP-IP15-SIL,Capa de Celular iPhone 15 Silicone Fosca,Silicone,Preto,1,24.9,24.9,10.0,13.46,54.1,0.0,0.0,0.0,1.44,325,7,Anúncios,Pix,,Concluída,56,0,PR,Maringá
MLB2026-002751,2026-07-14,CAP-IP14-COU,Capa iPhone 14 Couro Sintético Premium,Couro,Marrom,1,44.9,44.9,17.68,27.22,60.6,0.0,0.0,0.0,0.0,0,0,Orgânico,Cartão de débito,,Concluída,37,46,SP,Guarulhos
MLB2026-002752,2026-07-14,CAP-IP14-COU,Capa iPhone 14 Couro Sintético Premium,Couro,Marrom,2,44.9,89.8,41.56,48.24,53.7,0.0,0.0,0.0,0.0,0,0,Orgânico,Boleto,,Concluída,37,44,BA,Salvador
MLB2026-002753,2026-07-14,CAP-IP11-SIL,Capinha iPhone 11 Silicone Antichoque,Silicone,Preto,1,15.9,15.9,6.38,-4.41,-27.7,19.9,13.93,0.0,0.0,0,0,Orgânico,Pix,,Concluída,22,0,PE,Petrolina
MLB2026-002754,2026-07-14,CAP-GA56-MAG,Capa Galaxy A56 com MagSafe,MagSafe,Roxo,1,47.9,47.9,21.36,24.54,51.2,0.0,0.0,0.0,2.0,330,4,Anúncios,Cartão de crédito,9,Concluída,13,32,MG,Belo Horizonte
MLB2026-002755,2026-07-14,CAP-R12-SIL,Capa realme 12 Silicone Fosca,Silicone,Branco,1,20.9,20.9,9.54,4.47,21.4,0.0,0.0,2.75,4.14,1121,12,Anúncios,Pix,,Concluída,33,83,SP,São Paulo
MLB2026-002756,2026-07-14,CAP-MG85-SIL,Capa Moto G85 Silicone Azul,Silicone,Azul,1,19.9,19.9,8.58,9.97,50.1,0.0,0.0,0.0,1.35,2185,21,Anúncios,Cartão de crédito,12,Concluída,33,136,PE,Olinda
MLB2026-002757,2026-07-14,CAP-IP16-CRI,Capa iPhone 16 Cristal Espelhada,Cristal,Prata,1,37.9,37.9,17.87,-0.42,-1.1,19.9,13.93,3.41,3.11,2171,40,Anúncios,Cartão de crédito,6,Concluída,34,87,MG,Uberlândia
MLB2026-002758,2026-07-14,CAP-R12-CRI,Capa realme 12 Cristal Transparente,Cristal,Transparente,1,24.9,24.9,12.38,12.52,50.3,0.0,0.0,0.0,0.0,0,0,Orgânico,Boleto,,Concluída,15,0,MG,Uberlândia
MLB2026-002759,2026-07-14,CAP-R12-CRI,Capa realme 12 Cristal Transparente,Cristal,Transparente,1,24.9,24.9,11.59,4.28,17.2,12.9,9.03,0.0,0.0,0,0,Orgânico,Pix,,Cancelada,15,0,RJ,Rio de Janeiro
MLB2026-002760,2026-07-14,CAP-IP13-MAG,Capa iPhone 13 Silicone MagSafe,MagSafe,Branco,1,44.9,44.9,17.48,23.17,51.6,0.0,0.0,0.0,4.25,3478,29,Anúncios,Pix,,Concluída,40,0,MA,São Luís
MLB2026-002761,2026-07-14,CAP-IP13-MAG,Capa iPhone 13 Silicone MagSafe,MagSafe,Branco,1,44.9,44.9,21.01,23.89,53.2,0.0,0.0,0.0,0.0,0,0,Orgânico,Cartão de crédito,9,Concluída,40,0,PR,Maringá
MLB2026-002762,2026-07-14,CAP-IP13-MAG,Capa iPhone 13 Silicone MagSafe,MagSafe,Branco,1,44.9,44.9,16.52,28.38,63.2,0.0,0.0,0.0,0.0,0,0,Orgânico,Pix,,Concluída,40,0,DF,Ceilândia
MLB2026-002763,2026-07-14,CAP-R13C-SIL,Capa Redmi 13C Silicone Azul,Silicone,Azul,1,17.9,17.9,8.76,9.14,51.1,0.0,0.0,0.0,0.0,0,0,Orgânico,Pix,,Concluída,22,0,BA,Vitória da Conquista
MLB2026-002764,2026-07-15,CAP-IP15-SIL,Capa de Celular iPhone 15 Silicone Fosca,Silicone,Preto,1,24.9,24.9,9.43,15.47,62.1,0.0,0.0,0.0,0.0,0,0,Orgânico,Boleto,,Cancelada,74,0,RJ,Campos dos Goytacazes
MLB2026-002765,2026-07-15,CAP-IP15-CRI,Capa iPhone 15 Acrílico Cristal Transparente,Cristal,Transparente,1,29.9,29.9,11.12,4.85,16.2,19.9,13.93,0.0,0.0,0,0,Orgânico,Cartão de crédito,,Concluída,83,0,SP,Osasco
MLB2026-002766,2026-07-15,CAP-IP13-SIL,Capa iPhone 13 Silicone Colorida,Silicone,Rosa,1,21.9,21.9,9.45,-1.48,-6.8,19.9,13.93,0.0,0.0,0,0,Orgânico,Pix,,Concluída,116,143,RS,Canoas
MLB2026-002767,2026-07-15,CAP-IP12-TPU,Capa iPhone 12 TPU Transparente,TPU,Transparente,1,16.9,16.9,7.47,-6.2,-36.7,19.9,13.93,0.0,1.7,394,9,Anúncios,Pix,,Concluída,75,0,RJ,Niterói
MLB2026-002768,2026-07-15,CAP-IP12-TPU,Capa iPhone 12 TPU Transparente,TPU,Transparente,1,16.9,16.9,7.42,-4.73,-28.0,19.9,13.93,0.28,0.0,0,0,Orgânico,Pix,,Concluída,75,0,RJ,Duque de Caxias
MLB2026-002769,2026-07-15,CAP-GA55-SIL,Capa Galaxy A55 Silicone Fosca,Silicone,Verde,1,22.9,22.9,9.21,-0.24,-1.0,19.9,13.93,0.0,0.0,0,0,Orgânico,Pix,,Concluída,58,20,SP,Osasco
MLB2026-002770,2026-07-15,CAP-GA55-SIL,Capa Galaxy A55 Silicone Fosca,Silicone,Verde,1,22.9,22.9,10.15,12.75,55.7,0.0,0.0,0.0,0.0,0,0,Orgânico,Pix,,Concluída,58,19,BA,Feira de Santana
MLB2026-002771,2026-07-15,CAP-GA55-SIL,Capa Galaxy A55 Silicone Fosca,Silicone,Verde,3,22.9,68.7,25.23,40.2,58.5,0.0,0.0,0.0,3.27,1292,8,Anúncios,Pix,,Concluída,58,16,GO,Anápolis
MLB2026-002772,2026-07-15,CAP-GS24-SIL,Capa Galaxy S24 Silicone com Anel,Silicone,Azul,1,29.9,29.9,14.17,-3.59,-12.0,19.9,13.93,3.16,2.23,2709,56,Anúncios,Pix,,Concluída,38,66,PR,Curitiba
MLB2026-002773,2026-07-15,CAP-RN14-SIL,Capa Redmi Note 14 Silicone,Silicone,Preto,1,18.9,18.9,7.75,-3.8,-20.1,19.9,13.93,0.0,1.02,759,21,Anúncios,Pix,,Cancelada,47,49,SP,São Paulo
MLB2026-002774,2026-07-15,CAP-MG85-SIL,Capa Moto G85 Silicone Azul,Silicone,Azul,1,19.9,19.9,9.61,-0.5,-2.5,12.9,9.03,0.23,1.53,1229,34,Anúncios,Cartão de débito,,Concluída,8,135,MG,Belo Horizonte
MLB2026-002775,2026-07-15,CAP-ME50-COU,Capa Moto Edge 50 Couro Sintético,Couro,Marrom,3,59.9,179.7,68.94,110.76,61.6,0.0,0.0,0.0,0.0,0,0,Orgânico,Cartão de crédito,3,Concluída,22,10,SC,Chapecó
MLB2026-002776,2026-07-15,CAP-ME50-COU,Capa Moto Edge 50 Couro Sintético,Couro,Marrom,1,59.9,59.9,21.86,38.04,63.5,0.0,0.0,0.0,0.0,0,0,Orgânico,Cartão de crédito,,Concluída,22,9,PR,Londrina
MLB2026-002777,2026-07-15,CAP-ME50-COU,Capa Moto Edge 50 Couro Sintético,Couro,Marrom,1,59.9,59.9,23.54,35.35,59.0,0.0,0.0,0.0,1.01,1805,13,Anúncios,Cartão de débito,,Concluída,22,8,DF,Brasília
MLB2026-002778,2026-07-15,CAP-IP16-CRI,Capa iPhone 16 Cristal Espelhada,Cristal,Prata,1,37.9,37.9,14.59,9.38,24.7,19.9,13.93,0.0,0.0,0,0,Orgânico,Cartão de crédito,,Concluída,24,86,PE,Caruaru
MLB2026-002779,2026-07-15,CAP-GS25-SIL,Capa Galaxy S25 Ultra Silicone MagSafe,MagSafe,Preto,1,54.9,54.9,19.61,35.29,64.3,0.0,0.0,0.0,0.0,0,0,Orgânico,Pix,,Concluída,39,0,DF,Ceilândia
MLB2026-002780,2026-07-15,CAP-R12-CRI,Capa realme 12 Cristal Transparente,Cristal,Transparente,1,24.9,24.9,8.98,13.18,52.9,0.0,0.0,0.0,2.74,2295,66,Anúncios,Pix,,Cancelada,16,0,SP,São Bernardo do Campo
MLB2026-002781,2026-07-15,CAP-GA56-CRI,Capa Galaxy A56 Cristal Espelhada,Cristal,Prata,1,34.9,34.9,13.44,12.43,35.6,12.9,9.03,0.0,0.0,0,0,Orgânico,Pix,,Concluída,22,60,PR,Londrina
MLB2026-002782,2026-07-15,CAP-MG85-TPU,Capa Moto G85 TPU Cinza,TPU,Cinza,1,16.9,16.9,6.13,10.77,63.7,0.0,0.0,0.0,0.0,0,0,Orgânico,Cartão de crédito,3,Concluída,21,0,PR,Curitiba
MLB2026-002783,2026-07-15,CAP-R13C-SIL,Capa Redmi 13C Silicone Azul,Silicone,Azul,1,17.9,17.9,7.16,0.32,1.8,12.9,9.03,0.0,1.39,2660,41,Anúncios,Pix,,Concluída,47,0,RJ,Duque de Caxias
MLB2026-002784,2026-07-16,CAP-IP15-SIL,Capa de Celular iPhone 15 Silicone Fosca,Silicone,Preto,1,24.9,24.9,10.16,14.74,59.2,0.0,0.0,0.0,0.0,0,0,Orgânico,Pix,,Concluída,36,0,SC,Florianópolis
MLB2026-002785,2026-07-16,CAP-IP15-CRI,Capa iPhone 15 Acrílico Cristal Transparente,Cristal,Transparente,1,29.9,29.9,14.46,-2.69,-9.0,19.9,13.93,0.0,4.2,2726,58,Anúncios,Cartão de crédito,,Concluída,61,0,CE,Sobral
MLB2026-002786,2026-07-16,CAP-IP13-SIL,Capa iPhone 13 Silicone Colorida,Silicone,Rosa,1,21.9,21.9,10.66,2.21,10.1,12.9,9.03,0.0,0.0,0,0,Orgânico,Boleto,,Concluída,101,142,RJ,Duque de Caxias
MLB2026-002787,2026-07-16,CAP-IP13-SIL,Capa iPhone 13 Silicone Colorida,Silicone,Rosa,2,21.9,43.8,18.8,25.0,57.1,0.0,0.0,0.0,0.0,0,0,Orgânico,Pix,,Concluída,101,140,DF,Ceilândia
MLB2026-002788,2026-07-16,CAP-GS25-COU,Capa Galaxy S25 Ultra Couro Premium,Couro,Marrom,1,69.9,69.9,28.54,39.99,57.2,0.0,0.0,1.37,0.0,0,0,Orgânico,Pix,,Cancelada,19,113,SP,Osasco
MLB2026-002789,2026-07-16,CAP-GS24-SIL,Capa Galaxy S24 Silicone com Anel,Silicone,Azul,1,29.9,29.9,13.22,2.75,9.2,19.9,13.93,0.0,0.0,0,0,Orgânico,Pix,,Concluída,77,65,PR,Maringá
MLB2026-002790,2026-07-16,CAP-RN13-TPU,Capa Redmi Note 13 TPU Cristal,TPU,Transparente,1,14.9,14.9,6.74,-4.77,-32.0,12.9,9.03,0.0,3.9,1768,45,Anúncios,Cartão de crédito,,Concluída,26,157,PE,Recife
MLB2026-002791,2026-07-16,CAP-RN13-TPU,Capa Redmi Note 13 TPU Cristal,TPU,Transparente,1,14.9,14.9,6.89,5.68,38.1,0.0,0.0,0.0,2.33,2858,24,Anúncios,Cartão de crédito,,Concluída,26,156,SC,Florianópolis
MLB2026-002792,2026-07-16,CAP-RN13-SUP,Capa Redmi Note 13 com Suporte,Com Suporte,Preto,1,32.9,32.9,13.46,-0.51,-1.6,19.9,13.93,4.13,1.89,1076,30,Anúncios,Cartão de crédito,,Concluída,67,139,SP,Campinas
MLB2026-002793,2026-07-16,CAP-R11-PLU,Capa realme 11 Pelúcia Fofinha,Pelúcia,Rosa,2,34.9,69.8,30.16,25.71,36.8,19.9,13.93,0.0,0.0,0,0,Orgânico,Pix,,Concluída,11,33,SC,Blumenau
MLB2026-002794,2026-07-16,CAP-MG85-SIL,Capa Moto G85 Silicone Azul,Silicone,Azul,1,19.9,19.9,8.46,10.11,50.8,0.0,0.0,0.0,1.33,1856,30,Anúncios,Pix,,Concluída,8,134,SP,Guarulhos
MLB2026-002795,2026-07-16,CAP-MG85-SIL,Capa Moto G85 Silicone Azul,Silicone,Azul,1,19.9,19.9,9.82,-3.85,-19.3,19.9,13.93,0.0,0.0,0,0,Orgânico,Pix,,Concluída,8,133,PR,Curitiba
MLB2026-002796,2026-07-16,CAP-IP16-CRI,Capa iPhone 16 Cristal Espelhada,Cristal,Prata,1,37.9,37.9,18.4,19.5,51.5,0.0,0.0,0.0,0.0,0,0,Orgânico,Cartão de débito,,Concluída,27,85,SP,Guarulhos
MLB2026-002797,2026-07-16,CAP-IP16-CRI,Capa iPhone 16 Cristal Espelhada,Cristal,Prata,1,37.9,37.9,18.12,5.85,15.4,19.9,13.93,0.0,0.0,0,0,Orgânico,Pix,,Concluída,27,84,GO,Goiânia
MLB2026-002798,2026-07-16,CAP-IP12-PLU,Capinha iPhone 12 Pelúcia,Pelúcia,Amarelo,1,33.9,33.9,14.59,5.38,15.9,19.9,13.93,0.0,0.0,0,0,Orgânico,Cartão de crédito,12,Concluída,4,204,SC,Chapecó
MLB2026-002799,2026-07-16,CAP-MG84-SUP,Capa Moto G84 com Suporte,Com Suporte,Preto,1,29.9,29.9,14.16,-2.92,-9.8,19.9,13.93,3.54,1.19,695,10,Anúncios,Pix,,Concluída,5,140,SC,Joinville
MLB2026-002800,2026-07-16,CAP-IP16-PLU,Capa iPhone 16 Pelúcia Colorida,Pelúcia,Verde,1,41.9,41.9,15.5,26.4,63.0,0.0,0.0,0.0,0.0,0,0,Orgânico,Cartão de crédito,12,Concluída,24,38,MG,Contagem
MLB2026-002801,2026-07-16,CAP-IP16-PLU,Capa iPhone 16 Pelúcia Colorida,Pelúcia,Verde,1,41.9,41.9,15.69,10.89,26.0,19.9,13.93,0.0,1.39,769,6,Anúncios,Cartão de crédito,3,Cancelada,24,37,PR,Maringá
MLB2026-002802,2026-07-16,CAP-GA54-SIL,Capa Galaxy A54 Silicone Vermelho,Silicone,Vermelho,1,18.9,18.9,8.63,-7.79,-41.2,19.9,13.93,0.3,3.83,662,6,Anúncios,Cartão de crédito,12,Enviada,124,133,SP,São Bernardo do Campo
MLB2026-002803,2026-07-16,CAP-R13C-SIL,Capa Redmi 13C Silicone Azul,Silicone,Azul,1,17.9,17.9,6.37,-1.47,-8.2,12.9,9.03,0.0,3.97,2423,30,Anúncios,Cartão de crédito,,Concluída,35,0,SP,São Bernardo do Campo
MLB2026-002804,2026-07-17,CAP-IP15-SIL,Capa de Celular iPhone 15 Silicone Fosca,Silicone,Preto,1,24.9,24.9,9.9,12.89,51.8,0.0,0.0,0.0,2.11,2229,52,Anúncios,Pix,,Pendente,25,0,GO,Aparecida de Goiânia
MLB2026-002805,2026-07-17,CAP-IP13-SIL,Capa iPhone 13 Silicone Colorida,Silicone,Rosa,1,21.9,21.9,10.78,8.55,39.0,0.0,0.0,0.0,2.57,1810,34,Anúncios,Boleto,,Enviada,69,139,SP,São Bernardo do Campo
MLB2026-002806,2026-07-17,CAP-GA55-CRI,Capa Galaxy A55 Cristal Ultra Fino,Cristal,Transparente,1,26.9,26.9,10.0,15.66,58.2,0.0,0.0,0.0,1.24,3173,27,Anúncios,Cartão de crédito,9,Concluída,139,36,RJ,Rio de Janeiro
MLB2026-002807,2026-07-17,CAP-GS24-SIL,Capa Galaxy S24 Silicone com Anel,Silicone,Azul,1,29.9,29.9,10.67,16.64,55.7,0.0,0.0,2.59,0.0,0,0,Orgânico,Pix,,Concluída,32,64,RJ,Niterói
MLB2026-002808,2026-07-17,CAP-GS23-TPU,Capa Galaxy S23 TPU Camuflada,TPU,Camuflado,1,19.9,19.9,7.07,3.8,19.1,12.9,9.03,0.0,0.0,0,0,Orgânico,Boleto,,Concluída,19,148,PR,Curitiba
MLB2026-002809,2026-07-17,CAP-GS23-TPU,Capa Galaxy S23 TPU Camuflada,TPU,Camuflado,1,19.9,19.9,9.16,1.71,8.6,12.9,9.03,0.0,0.0,0,0,Orgânico,Pix,,Concluída,19,147,ES,Vila Velha
MLB2026-002810,2026-07-17,CAP-RN14-SIL,Capa Redmi Note 14 Silicone,Silicone,Preto,1,18.9,18.9,7.81,11.09,58.7,0.0,0.0,0.0,0.0,0,0,Orgânico,Cartão de crédito,,Concluída,32,48,RJ,Duque de Caxias
MLB2026-002811,2026-07-17,CAP-R12-SIL,Capa realme 12 Silicone Fosca,Silicone,Branco,1,20.9,20.9,8.21,-1.24,-5.9,19.9,13.93,0.0,0.0,0,0,Orgânico,Pix,,Concluída,58,82,RS,Canoas
MLB2026-002812,2026-07-17,CAP-R12-SIL,Capa realme 12 Silicone Fosca,Silicone,Branco,1,20.9,20.9,9.07,2.8,13.4,12.9,9.03,0.0,0.0,0,0,Orgânico,Cartão de crédito,,Concluída,58,81,MG,Belo Horizonte
MLB2026-002813,2026-07-17,CAP-IP15-PLU,Capa iPhone 15 Pelúcia Colorida,Pelúcia,Rosa,1,39.9,39.9,18.93,7.04,17.6,19.9,13.93,0.0,0.0,0,0,Orgânico,Cartão de crédito,12,Concluída,31,103,SP,Osasco
MLB2026-002814,2026-07-17,CAP-RN14-AGU,Capa Redmi Note 14 À Prova d'Água,À Prova d'Água,Azul,1,54.9,54.9,22.22,32.68,59.5,0.0,0.0,0.0,0.0,0,0,Orgânico,Cartão de débito,,Concluída,4,29,MG,Uberlândia
MLB2026-002815,2026-07-17,CAP-GS25-SIL,Capa Galaxy S25 Ultra Silicone MagSafe,MagSafe,Preto,1,54.9,54.9,21.88,29.61,53.9,0.0,0.0,0.0,3.41,2795,73,Anúncios,Pix,,Concluída,23,0,CE,Juazeiro do Norte
MLB2026-002816,2026-07-17,CAP-IP13-MAG,Capa iPhone 13 Silicone MagSafe,MagSafe,Branco,1,44.9,44.9,20.77,20.62,45.9,0.0,0.0,0.0,3.51,799,8,Anúncios,Pix,,Concluída,14,0,MG,Contagem
MLB2026-002817,2026-07-17,CAP-IP15-AGU,Capa iPhone 15 À Prova d'Água,À Prova d'Água,Preto,1,57.9,57.9,20.76,33.68,58.2,0.0,0.0,0.0,3.46,2904,17,Anúncios,Pix,,Concluída,8,72,MG,Uberlândia
MLB2026-002818,2026-07-17,CAP-IP15-AGU,Capa iPhone 15 À Prova d'Água,À Prova d'Água,Preto,1,57.9,57.9,22.94,32.01,55.3,0.0,0.0,0.0,2.95,1741,16,Anúncios,Cartão de débito,,Concluída,8,71,GO,Goiânia
MLB2026-002819,2026-07-17,CAP-R13C-SIL,Capa Redmi 13C Silicone Azul,Silicone,Azul,1,17.9,17.9,6.5,2.37,13.2,12.9,9.03,0.0,0.0,0,0,Orgânico,Pix,,Concluída,27,0,SP,Campinas
MLB2026-002820,2026-07-17,CAP-R13C-SIL,Capa Redmi 13C Silicone Azul,Silicone,Azul,1,17.9,17.9,8.55,-4.58,-25.6,19.9,13.93,0.0,0.0,0,0,Orgânico,Cartão de crédito,12,Concluída,27,0,ES,Vila Velha
MLB2026-002821,2026-07-18,CAP-IP14-COU,Capa iPhone 14 Couro Sintético Premium,Couro,Marrom,1,44.9,44.9,21.62,23.28,51.8,0.0,0.0,0.0,0.0,0,0,Orgânico,Pix,,Concluída,9,43,RS,Canoas
MLB2026-002822,2026-07-18,CAP-IP14-COU,Capa iPhone 14 Couro Sintético Premium,Couro,Marrom,1,44.9,44.9,16.99,22.91,51.0,0.0,0.0,2.53,2.47,330,1,Anúncios,Pix,,Pendente,9,42,SP,Osasco
MLB2026-002823,2026-07-18,CAP-IP13-SIL,Capa iPhone 13 Silicone Colorida,Silicone,Rosa,2,21.9,43.8,20.22,9.65,22.0,19.9,13.93,0.0,0.0,0,0,Orgânico,Cartão de débito,,Concluída,15,137,AM,Manaus
MLB2026-002824,2026-07-18,CAP-IP11-SIL,Capinha iPhone 11 Silicone Antichoque,Silicone,Preto,1,15.9,15.9,7.82,8.08,50.8,0.0,0.0,0.0,0.0,0,0,Orgânico,Pix,,Concluída,10,0,MG,Uberlândia
MLB2026-002825,2026-07-18,CAP-GA55-SIL,Capa Galaxy A55 Silicone Fosca,Silicone,Verde,1,22.9,22.9,10.78,0.05,0.2,12.9,9.03,0.0,3.04,2368,33,Anúncios,Cartão de crédito,3,Concluída,80,15,ES,Vitória
MLB2026-002826,2026-07-18,CAP-GA55-CRI,Capa Galaxy A55 Cristal Ultra Fino,Cristal,Transparente,1,26.9,26.9,11.81,11.14,41.4,0.0,0.0,0.0,3.95,1435,37,Anúncios,Pix,,Enviada,27,35,MG,Contagem
MLB2026-002827,2026-07-18,CAP-GA55-CRI,Capa Galaxy A55 Cristal Ultra Fino,Cristal,Transparente,1,26.9,26.9,12.39,5.48,20.4,12.9,9.03,0.0,0.0,0,0,Orgânico,Cartão de crédito,12,Cancelada,27,34,SP,Osasco
MLB2026-002828,2026-07-18,CAP-GS23-TPU,Capa Galaxy S23 TPU Camuflada,TPU,Camuflado,2,19.9,39.8,19.3,20.5,51.5,0.0,0.0,0.0,0.0,0,0,Orgânico,Pix,,Concluída,43,145,PE,Petrolina
MLB2026-002829,2026-07-18,CAP-RN14-SIL,Capa Redmi Note 14 Silicone,Silicone,Preto,1,18.9,18.9,6.67,12.23,64.7,0.0,0.0,0.0,0.0,0,0,Orgânico,Cartão de crédito,12,Concluída,10,47,SP,São Bernardo do Campo
MLB2026-002830,2026-07-18,CAP-RN14-SIL,Capa Redmi Note 14 Silicone,Silicone,Preto,1,18.9,18.9,8.08,-3.11,-16.5,19.9,13.93,0.0,0.0,0,0,Orgânico,Cartão de crédito,,Concluída,10,46,MG,Contagem
MLB2026-002831,2026-07-18,CAP-MG84-TPU,Capa Moto G84 TPU Transparente,TPU,Transparente,1,15.9,15.9,7.87,-4.96,-31.2,12.9,9.03,0.0,3.96,1587,39,Anúncios,Cartão de débito,,Concluída,43,91,MG,Juiz de Fora
MLB2026-002832,2026-07-18,CAP-MG84-TPU,Capa Moto G84 TPU Transparente,TPU,Transparente,1,15.9,15.9,7.53,-0.66,-4.2,12.9,9.03,0.0,0.0,0,0,Orgânico,Pix,,Concluída,43,90,PA,Ananindeua
MLB2026-002833,2026-07-18,CAP-GS25-SIL,Capa Galaxy S25 Ultra Silicone MagSafe,MagSafe,Preto,1,54.9,54.9,20.19,34.71,63.2,0.0,0.0,0.0,0.0,0,0,Orgânico,Pix,,Concluída,13,0,PR,Curitiba
MLB2026-002834,2026-07-18,CAP-R12-CRI,Capa realme 12 Cristal Transparente,Cristal,Transparente,1,24.9,24.9,11.71,-3.06,-12.3,19.9,13.93,0.0,2.32,1518,26,Anúncios,Pix,,Concluída,14,0,SP,Campinas
MLB2026-002835,2026-07-18,CAP-IP16-PLU,Capa iPhone 16 Pelúcia Colorida,Pelúcia,Verde,1,41.9,41.9,18.42,23.48,56.0,0.0,0.0,0.0,0.0,0,0,Orgânico,Pix,,Concluída,7,36,RJ,Niterói
MLB2026-002836,2026-07-18,CAP-IP13-MAG,Capa iPhone 13 Silicone MagSafe,MagSafe,Branco,1,44.9,44.9,16.33,26.48,59.0,0.0,0.0,0.0,2.09,821,16,Anúncios,Boleto,,Concluída,30,0,SP,Guarulhos
MLB2026-002837,2026-07-18,CAP-GA54-SIL,Capa Galaxy A54 Silicone Vermelho,Silicone,Vermelho,1,18.9,18.9,7.39,-2.42,-12.8,19.9,13.93,0.0,0.0,0,0,Orgânico,Pix,,Concluída,31,132,SP,Guarulhos
MLB2026-002838,2026-07-19,CAP-IP15-SIL,Capa de Celular iPhone 15 Silicone Fosca,Silicone,Preto,1,24.9,24.9,9.99,5.88,23.6,12.9,9.03,0.0,0.0,0,0,Orgânico,Cartão de crédito,3,Concluída,73,0,ES,Serra
MLB2026-002839,2026-07-19,CAP-IP15-CRI,Capa iPhone 15 Acrílico Cristal Transparente,Cristal,Transparente,1,29.9,29.9,14.52,12.19,40.8,0.0,0.0,0.0,3.19,2634,60,Anúncios,Pix,,Concluída,73,0,SP,São Paulo
MLB2026-002840,2026-07-19,CAP-IP16-MAG,Capa iPhone 16 Silicone com MagSafe,MagSafe,Azul,1,49.9,49.9,19.37,30.53,61.2,0.0,0.0,0.0,0.0,0,0,Orgânico,Cartão de crédito,3,Concluída,62,80,RS,Canoas
MLB2026-002841,2026-07-19,CAP-IP14-COU,Capa iPhone 14 Couro Sintético Premium,Couro,Marrom,1,44.9,44.9,18.97,21.59,48.1,0.0,0.0,0.0,4.34,3349,25,Anúncios,Cartão de crédito,6,Concluída,37,41,CE,Sobral
MLB2026-002842,2026-07-19,CAP-GA55-SIL,Capa Galaxy A55 Silicone Fosca,Silicone,Verde,1,22.9,22.9,9.95,-0.98,-4.3,19.9,13.93,0.0,0.0,0,0,Orgânico,Pix,,Devolvida,133,14,BA,Feira de Santana
MLB2026-002843,2026-07-19,CAP-GS25-COU,Capa Galaxy S25 Ultra Couro Premium,Couro,Marrom,1,69.9,69.9,31.01,35.64,51.0,0.0,0.0,0.0,3.25,2957,23,Anúncios,Pix,,Concluída,20,112,SP,São Paulo
MLB2026-002844,2026-07-19,CAP-IP15-PLU,Capa iPhone 15 Pelúcia Colorida,Pelúcia,Rosa,1,39.9,39.9,16.42,14.45,36.2,12.9,9.03,0.0,0.0,0,0,Orgânico,Pix,,Concluída,21,102,RS,Caxias do Sul
MLB2026-002845,2026-07-19,CAP-MG85-TPU,Capa Moto G85 TPU Cinza,TPU,Cinza,1,16.9,16.9,7.67,9.23,54.6,0.0,0.0,0.0,0.0,0,0,Orgânico,Boleto,,Concluída,16,0,SP,Osasco
MLB2026-002846,2026-07-19,CAP-GA54-SIL,Capa Galaxy A54 Silicone Vermelho,Silicone,Vermelho,1,18.9,18.9,9.44,-0.59,-3.1,12.9,9.03,0.0,1.02,2232,10,Anúncios,Pix,,Concluída,15,131,DF,Ceilândia
MLB2026-002847,2026-07-19,CAP-GA54-SIL,Capa Galaxy A54 Silicone Vermelho,Silicone,Vermelho,1,18.9,18.9,7.98,4.42,23.4,0.0,0.0,3.36,3.14,1223,29,Anúncios,Pix,,Concluída,15,130,RJ,Rio de Janeiro
MLB2026-002848,2026-07-19,CAP-GA54-SIL,Capa Galaxy A54 Silicone Vermelho,Silicone,Vermelho,1,18.9,18.9,8.44,1.43,7.6,12.9,9.03,0.0,0.0,0,0,Orgânico,Pix,,Cancelada,15,129,RJ,Niterói
MLB2026-002849,2026-07-20,CAP-IP15-SIL,Capa de Celular iPhone 15 Silicone Fosca,Silicone,Preto,1,24.9,24.9,11.65,3.3,13.3,12.9,9.03,0.92,0.0,0,0,Orgânico,Cartão de crédito,,Concluída,52,0,SP,Campinas
MLB2026-002850,2026-07-20,CAP-IP15-CRI,Capa iPhone 15 Acrílico Cristal Transparente,Cristal,Transparente,1,29.9,29.9,10.78,19.12,63.9,0.0,0.0,0.0,0.0,0,0,Orgânico,Pix,,Concluída,56,0,AM,Parintins
MLB2026-002851,2026-07-20,CAP-IP16-MAG,Capa iPhone 16 Silicone com MagSafe,MagSafe,Azul,1,49.9,49.9,22.22,24.14,48.4,0.0,0.0,0.0,3.54,799,4,Anúncios,Pix,,Concluída,43,79,MG,Juiz de Fora
MLB2026-002852,2026-07-20,CAP-IP16-MAG,Capa iPhone 16 Silicone com MagSafe,MagSafe,Azul,1,49.9,49.9,21.67,28.23,56.6,0.0,0.0,0.0,0.0,0,0,Orgânico,Pix,,Concluída,43,78,PE,Olinda
MLB2026-002853,2026-07-20,CAP-IP13-SIL,Capa iPhone 13 Silicone Colorida,Silicone,Rosa,1,21.9,21.9,8.19,13.71,62.6,0.0,0.0,0.0,0.0,0,0,Orgânico,Pix,,Cancelada,27,136,PE,Petrolina
MLB2026-002854,2026-07-20,CAP-IP12-TPU,Capa iPhone 12 TPU Transparente,TPU,Transparente,1,16.9,16.9,7.02,-4.05,-24.0,19.9,13.93,0.0,0.0,0,0,Orgânico,Pix,,Concluída,31,0,PR,Curitiba
MLB2026-002855,2026-07-20,CAP-IP12-TPU,Capa iPhone 12 TPU Transparente,TPU,Transparente,1,16.9,16.9,8.42,-5.45,-32.2,19.9,13.93,0.0,0.0,0,0,Orgânico,Pix,,Concluída,31,0,SC,Blumenau
MLB2026-002856,2026-07-20,CAP-GA55-CRI,Capa Galaxy A55 Cristal Ultra Fino,Cristal,Transparente,1,26.9,26.9,11.04,6.83,25.4,12.9,9.03,0.0,0.0,0,0,Orgânico,Boleto,,Cancelada,36,33,SP,São Bernardo do Campo
MLB2026-002857,2026-07-20,CAP-GA54-TPU,Capa Galaxy A54 TPU Antirrisco,TPU,Cinza,1,15.9,15.9,5.8,-1.05,-6.6,12.9,9.03,0.0,2.12,1483,22,Anúncios,Cartão de crédito,3,Concluída,25,93,SP,Campinas
MLB2026-002858,2026-07-20,CAP-GS25-COU,Capa Galaxy S25 Ultra Couro Premium,Couro,Marrom,1,69.9,69.9,25.99,43.91,62.8,0.0,0.0,0.0,0.0,0,0,Orgânico,Cartão de crédito,,Concluída,11,111,RJ,Rio de Janeiro
MLB2026-002859,2026-07-20,CAP-GS24-SIL,Capa Galaxy S24 Silicone com Anel,Silicone,Azul,1,29.9,29.9,14.31,-0.07,-0.2,19.9,13.93,0.0,1.73,1532,40,Anúncios,Cartão de crédito,9,Concluída,29,63,SC,Blumenau
MLB2026-002860,2026-07-20,CAP-RN14-SIL,Capa Redmi Note 14 Silicone,Silicone,Preto,1,18.9,18.9,6.84,-1.87,-9.9,19.9,13.93,0.0,0.0,0,0,Orgânico,Cartão de débito,,Concluída,58,45,SC,Blumenau
MLB2026-002861,2026-07-20,CAP-RN13-TPU,Capa Redmi Note 13 TPU Cristal,TPU,Transparente,1,14.9,14.9,5.87,0.0,0.0,12.9,9.03,0.0,0.0,0,0,Orgânico,Pix,,Concluída,41,155,SC,Blumenau
MLB2026-002862,2026-07-20,CAP-RN13-TPU,Capa Redmi Note 13 TPU Cristal,TPU,Transparente,1,14.9,14.9,6.6,8.3,55.7,0.0,0.0,0.0,0.0,0,0,Orgânico,Cartão de crédito,12,Concluída,41,154,RS,Pelotas
MLB2026-002863,2026-07-20,CAP-MG85-SIL,Capa Moto G85 Silicone Azul,Silicone,Azul,1,19.9,19.9,8.22,-3.82,-19.2,19.9,13.93,0.0,1.57,306,4,Anúncios,Pix,,Concluída,49,132,RS,Porto Alegre
MLB2026-002864,2026-07-20,CAP-ME50-COU,Capa Moto Edge 50 Couro Sintético,Couro,Marrom,3,59.9,179.7,72.96,104.31,58.0,0.0,0.0,0.0,2.43,3322,99,Anúncios,Pix,,Concluída,43,5,SP,Campinas
MLB2026-002865,2026-07-20,CAP-IP16-CRI,Capa iPhone 16 Cristal Espelhada,Cristal,Prata,1,37.9,37.9,17.69,16.63,43.9,0.0,0.0,0.0,3.58,2574,76,Anúncios,Cartão de débito,,Concluída,23,83,DF,Brasília
MLB2026-002866,2026-07-20,CAP-MG84-SUP,Capa Moto G84 com Suporte,Com Suporte,Preto,1,29.9,29.9,10.5,10.37,34.7,12.9,9.03,0.0,0.0,0,0,Orgânico,Boleto,,Concluída,17,139,SP,São Paulo
MLB2026-002867,2026-07-20,CAP-GA56-CRI,Capa Galaxy A56 Cristal Espelhada,Cristal,Prata,1,34.9,34.9,14.27,11.6,33.2,12.9,9.03,0.0,0.0,0,0,Orgânico,Pix,,Concluída,45,59,SP,São Bernardo do Campo
MLB2026-002868,2026-07-20,CAP-R12-SUP,Capa realme 12 com Suporte,Com Suporte,Cinza,1,33.9,33.9,13.18,6.79,20.0,19.9,13.93,0.0,0.0,0,0,Orgânico,Pix,,Concluída,8,178,RJ,Campos dos Goytacazes
MLB2026-002869,2026-07-20,CAP-GA54-SIL,Capa Galaxy A54 Silicone Vermelho,Silicone,Vermelho,1,18.9,18.9,6.88,2.99,15.8,12.9,9.03,0.0,0.0,0,0,Orgânico,Cartão de débito,,Concluída,4,128,RJ,Duque de Caxias
MLB2026-002870,2026-07-20,CAP-GA54-SIL,Capa Galaxy A54 Silicone Vermelho,Silicone,Vermelho,1,18.9,18.9,6.8,3.07,16.2,12.9,9.03,0.0,0.0,0,0,Orgânico,Pix,,Concluída,4,127,PR,Maringá
MLB2026-002871,2026-07-20,CAP-GA54-SIL,Capa Galaxy A54 Silicone Vermelho,Silicone,Vermelho,1,18.9,18.9,7.48,6.18,32.7,0.0,0.0,1.19,4.05,3112,79,Anúncios,Pix,,Concluída,4,126,SP,São Paulo
MLB2026-002872,2026-07-21,CAP-IP14-COU,Capa iPhone 14 Couro Sintético Premium,Couro,Marrom,1,44.9,44.9,17.88,27.02,60.2,0.0,0.0,0.0,0.0,0,0,Orgânico,Cartão de crédito,6,Concluída,63,40,PR,Londrina
MLB2026-002873,2026-07-21,CAP-GA55-CRI,Capa Galaxy A55 Cristal Ultra Fino,Cristal,Transparente,1,26.9,26.9,9.53,17.37,64.6,0.0,0.0,0.0,0.0,0,0,Orgânico,Pix,,Concluída,73,32,MG,Uberlândia
MLB2026-002874,2026-07-21,CAP-GA55-CRI,Capa Galaxy A55 Cristal Ultra Fino,Cristal,Transparente,1,26.9,26.9,12.94,-1.26,-4.7,19.9,13.93,0.0,1.29,2061,38,Anúncios,Pix,,Concluída,73,31,SP,São Bernardo do Campo
MLB2026-002875,2026-07-21,CAP-GA54-TPU,Capa Galaxy A54 TPU Antirrisco,TPU,Cinza,1,15.9,15.9,7.87,-1.0,-6.3,12.9,9.03,0.0,0.0,0,0,Orgânico,Cartão de crédito,6,Concluída,10,92,ES,Vila Velha
MLB2026-002876,2026-07-21,CAP-GA54-TPU,Capa Galaxy A54 TPU Antirrisco,TPU,Cinza,1,15.9,15.9,7.35,-5.38,-33.8,19.9,13.93,0.0,0.0,0,0,Orgânico,Pix,,Concluída,10,91,MG,Belo Horizonte
MLB2026-002877,2026-07-21,CAP-MG84-TPU,Capa Moto G84 TPU Transparente,TPU,Transparente,1,15.9,15.9,6.73,6.38,40.1,0.0,0.0,0.0,2.79,2406,59,Anúncios,Pix,,Concluída,26,89,GO,Goiânia
MLB2026-002878,2026-07-21,CAP-IP16-CRI,Capa iPhone 16 Cristal Espelhada,Cristal,Prata,1,37.9,37.9,18.92,9.95,26.3,12.9,9.03,0.0,0.0,0,0,Orgânico,Pix,,Enviada,61,82,PR,Cascavel
MLB2026-002879,2026-07-21,CAP-GS25-SIL,Capa Galaxy S25 Ultra Silicone MagSafe,MagSafe,Preto,1,54.9,54.9,24.29,28.03,51.1,0.0,0.0,0.0,2.58,1193,6,Anúncios,Pix,,Enviada,24,0,SC,Blumenau
MLB2026-002880,2026-07-21,CAP-GS25-SIL,Capa Galaxy S25 Ultra Silicone MagSafe,MagSafe,Preto,1,54.9,54.9,20.29,33.55,61.1,0.0,0.0,0.0,1.06,2220,46,Anúncios,Pix,,Concluída,24,0,MA,São Luís
MLB2026-002881,2026-07-21,CAP-IP16-PLU,Capa iPhone 16 Pelúcia Colorida,Pelúcia,Verde,1,41.9,41.9,15.77,12.2,29.1,19.9,13.93,0.0,0.0,0,0,Orgânico,Pix,,Concluída,10,35,SP,Guarulhos
MLB2026-002882,2026-07-21,CAP-IP16-PLU,Capa iPhone 16 Pelúcia Colorida,Pelúcia,Verde,1,41.9,41.9,16.28,16.59,39.6,12.9,9.03,0.0,0.0,0,0,Orgânico,Boleto,,Concluída,10,34,RS,Caxias do Sul
MLB2026-002883,2026-07-21,CAP-GA56-CRI,Capa Galaxy A56 Cristal Espelhada,Cristal,Prata,1,34.9,34.9,12.85,22.05,63.2,0.0,0.0,0.0,0.0,0,0,Orgânico,Cartão de crédito,3,Concluída,12,58,CE,Fortaleza
MLB2026-002884,2026-07-21,CAP-RN14-PLU,Capa Redmi Note 14 Pelúcia,Pelúcia,Rosa,1,32.9,32.9,15.28,17.62,53.6,0.0,0.0,0.0,0.0,0,0,Orgânico,Cartão de crédito,,Concluída,5,0,RJ,Duque de Caxias
MLB2026-002885,2026-07-21,CAP-GS24-COU,Capa Galaxy S24 Couro Premium,Couro,Preto,1,64.9,64.9,29.4,35.5,54.7,0.0,0.0,0.0,0.0,0,0,Orgânico,Pix,,Concluída,36,138,PE,Petrolina
MLB2026-002886,2026-07-21,CAP-GA54-SIL,Capa Galaxy A54 Silicone Vermelho,Silicone,Vermelho,1,18.9,18.9,6.65,-4.5,-23.8,19.9,13.93,0.0,2.82,3130,67,Anúncios,Pix,,Concluída,61,125,CE,Sobral
MLB2026-002887,2026-07-21,CAP-R13C-SIL,Capa Redmi 13C Silicone Azul,Silicone,Azul,1,17.9,17.9,8.21,0.66,3.7,12.9,9.03,0.0,0.0,0,0,Orgânico,Pix,,Concluída,11,0,SP,Osasco
MLB2026-002888,2026-07-22,CAP-IP15-CRI,Capa iPhone 15 Acrílico Cristal Transparente,Cristal,Transparente,1,29.9,29.9,10.77,5.2,17.4,19.9,13.93,0.0,0.0,0,0,Orgânico,Pix,,Concluída,60,0,RS,Porto Alegre
MLB2026-002889,2026-07-22,CAP-GA55-SIL,Capa Galaxy A55 Silicone Fosca,Silicone,Verde,1,22.9,22.9,10.27,-1.3,-5.7,19.9,13.93,0.0,0.0,0,0,Orgânico,Pix,,Concluída,29,13,RS,Porto Alegre
MLB2026-002890,2026-07-22,CAP-GA55-SIL,Capa Galaxy A55 Silicone Fosca,Silicone,Verde,1,22.9,22.9,8.1,14.8,64.6,0.0,0.0,0.0,0.0,0,0,Orgânico,Cartão de crédito,,Concluída,29,12,SC,Blumenau
MLB2026-002891,2026-07-22,CAP-GA56-MAG,Capa Galaxy A56 com MagSafe,MagSafe,Roxo,1,47.9,47.9,23.12,22.63,47.2,0.0,0.0,0.0,2.15,2655,66,Anúncios,Pix,,Concluída,22,31,SP,Campinas
MLB2026-002892,2026-07-22,CAP-GA56-MAG,Capa Galaxy A56 com MagSafe,MagSafe,Roxo,1,47.9,47.9,17.1,29.79,62.2,0.0,0.0,0.0,1.01,1692,30,Anúncios,Pix,,Enviada,22,30,ES,Serra
MLB2026-002893,2026-07-22,CAP-GS24-SIL,Capa Galaxy S24 Silicone com Anel,Silicone,Azul,1,29.9,29.9,12.18,8.69,29.1,12.9,9.03,0.0,0.0,0,0,Orgânico,Pix,,Concluída,72,62,ES,Serra
MLB2026-002894,2026-07-22,CAP-GS24-SIL,Capa Galaxy S24 Silicone com Anel,Silicone,Azul,1,29.9,29.9,14.39,1.58,5.3,19.9,13.93,0.0,0.0,0,0,Orgânico,Cartão de crédito,9,Concluída,72,61,SP,Guarulhos
MLB2026-002895,2026-07-22,CAP-R11-PLU,Capa realme 11 Pelúcia Fofinha,Pelúcia,Rosa,2,34.9,69.8,24.9,35.87,51.4,12.9,9.03,0.0,0.0,0,0,Orgânico,Pix,,Concluída,19,31,SP,Guarulhos
MLB2026-002896,2026-07-22,CAP-ME50-COU,Capa Moto Edge 50 Couro Sintético,Couro,Marrom,1,59.9,59.9,24.36,35.54,59.3,0.0,0.0,0.0,0.0,0,0,Orgânico,Pix,,Concluída,3,4,SP,São Bernardo do Campo
MLB2026-002897,2026-07-22,CAP-ME50-COU,Capa Moto Edge 50 Couro Sintético,Couro,Marrom,1,59.9,59.9,26.92,32.98,55.1,0.0,0.0,0.0,0.0,0,0,Orgânico,Pix,,Concluída,3,3,PE,Recife
MLB2026-002898,2026-07-22,CAP-GA55-SUP,Capa Galaxy A55 com Suporte e Anel,Com Suporte,Preto,1,35.9,35.9,17.8,4.17,11.6,19.9,13.93,0.0,0.0,0,0,Orgânico,Pix,,Concluída,6,17,ES,Vitória
MLB2026-002899,2026-07-22,CAP-GA55-SUP,Capa Galaxy A55 com Suporte e Anel,Com Suporte,Preto,2,35.9,71.8,31.58,40.22,56.0,0.0,0.0,0.0,0.0,0,0,Orgânico,Boleto,,Concluída,6,15,MG,Contagem
MLB2026-002900,2026-07-22,CAP-GA55-SUP,Capa Galaxy A55 com Suporte e Anel,Com Suporte,Preto,1,35.9,35.9,15.55,6.42,17.9,19.9,13.93,0.0,0.0,0,0,Orgânico,Cartão de crédito,9,Concluída,6,14,SP,São Bernardo do Campo
MLB2026-002901,2026-07-22,CAP-IP16-CRI,Capa iPhone 16 Cristal Espelhada,Cristal,Prata,1,37.9,37.9,16.99,4.94,13.0,12.9,9.03,2.57,4.37,1503,24,Anúncios,Pix,,Concluída,11,81,RJ,Rio de Janeiro
MLB2026-002902,2026-07-22,CAP-IP16-CRI,Capa iPhone 16 Cristal Espelhada,Cristal,Prata,1,37.9,37.9,13.59,7.07,18.7,19.9,13.93,0.0,3.31,2490,28,Anúncios,Cartão de crédito,6,Concluída,11,80,BA,Feira de Santana
MLB2026-002903,2026-07-22,CAP-GS25-SIL,Capa Galaxy S25 Ultra Silicone MagSafe,MagSafe,Preto,1,54.9,54.9,22.86,28.61,52.1,0.0,0.0,0.0,3.43,964,21,Anúncios,Cartão de crédito,9,Concluída,52,0,SP,Osasco
MLB2026-002904,2026-07-22,CAP-MG84-SUP,Capa Moto G84 com Suporte,Com Suporte,Preto,1,29.9,29.9,12.71,5.03,16.8,12.9,9.03,0.0,3.13,1939,43,Anúncios,Cartão de crédito,,Pendente,8,138,SP,São Bernardo do Campo
MLB2026-002905,2026-07-22,CAP-IP16-PLU,Capa iPhone 16 Pelúcia Colorida,Pelúcia,Verde,1,41.9,41.9,16.58,24.57,58.6,0.0,0.0,0.75,0.0,0,0,Orgânico,Pix,,Concluída,4,33,SP,São Bernardo do Campo
MLB2026-002906,2026-07-22,CAP-GA56-CRI,Capa Galaxy A56 Cristal Espelhada,Cristal,Prata,1,34.9,34.9,15.95,18.95,54.3,0.0,0.0,0.0,0.0,0,0,Orgânico,Boleto,,Concluída,51,57,SP,Guarulhos
MLB2026-002907,2026-07-22,CAP-GA56-CRI,Capa Galaxy A56 Cristal Espelhada,Cristal,Prata,1,34.9,34.9,12.8,8.17,23.4,19.9,13.93,0.0,0.0,0,0,Orgânico,Pix,,Concluída,51,56,MG,Contagem
MLB2026-002908,2026-07-22,CAP-GS24-COU,Capa Galaxy S24 Couro Premium,Couro,Preto,1,64.9,64.9,29.37,35.53,54.7,0.0,0.0,0.0,0.0,0,0,Orgânico,Cartão de crédito,9,Concluída,16,137,GO,Aparecida de Goiânia
MLB2026-002909,2026-07-23,CAP-IP15-SIL,Capa de Celular iPhone 15 Silicone Fosca,Silicone,Preto,1,24.9,24.9,10.45,14.45,58.0,0.0,0.0,0.0,0.0,0,0,Orgânico,Cartão de crédito,3,Concluída,75,0,RS,Porto Alegre
MLB2026-002910,2026-07-23,CAP-IP15-CRI,Capa iPhone 15 Acrílico Cristal Transparente,Cristal,Transparente,1,29.9,29.9,10.55,4.15,13.9,19.9,13.93,0.0,1.27,884,5,Anúncios,Pix,,Concluída,32,0,PR,Londrina
MLB2026-002911,2026-07-23,CAP-IP16-MAG,Capa iPhone 16 Silicone com MagSafe,MagSafe,Azul,1,49.9,49.9,18.71,28.68,57.5,0.0,0.0,0.0,2.51,3365,90,Anúncios,Pix,,Concluída,104,77,ES,Vitória
MLB2026-002912,2026-07-23,CAP-IP14-COU,Capa iPhone 14 Couro Sintético Premium,Couro,Marrom,1,44.9,44.9,18.95,25.95,57.8,0.0,0.0,0.0,0.0,0,0,Orgânico,Pix,,Concluída,13,39,PA,Ananindeua
MLB2026-002913,2026-07-23,CAP-IP11-SIL,Capinha iPhone 11 Silicone Antichoque,Silicone,Preto,1,15.9,15.9,6.59,0.28,1.8,12.9,9.03,0.0,0.0,0,0,Orgânico,Cartão de débito,,Concluída,35,0,SP,São Paulo
MLB2026-002914,2026-07-23,CAP-GS23-TPU,Capa Galaxy S23 TPU Camuflada,TPU,Camuflado,1,19.9,19.9,8.09,2.78,14.0,12.9,9.03,0.0,0.0,0,0,Orgânico,Boleto,,Concluída,8,144,PA,Ananindeua
MLB2026-002915,2026-07-23,CAP-IP15-PLU,Capa iPhone 15 Pelúcia Colorida,Pelúcia,Rosa,1,39.9,39.9,15.08,24.13,60.5,0.0,0.0,0.69,0.0,0,0,Orgânico,Cartão de crédito,6,Concluída,21,101,BA,Salvador
MLB2026-002916,2026-07-23,CAP-RN14-AGU,Capa Redmi Note 14 À Prova d'Água,À Prova d'Água,Azul,1,54.9,54.9,26.62,27.11,49.4,0.0,0.0,0.0,1.17,2262,23,Anúncios,Cartão de crédito,,Concluída,18,28,SP,Campinas
MLB2026-002917,2026-07-23,CAP-RN14-AGU,Capa Redmi Note 14 À Prova d'Água,À Prova d'Água,Azul,1,54.9,54.9,23.39,29.26,53.3,0.0,0.0,0.0,2.25,3046,44,Anúncios,Pix,,Concluída,18,27,PR,Maringá
MLB2026-002918,2026-07-23,CAP-RN14-AGU,Capa Redmi Note 14 À Prova d'Água,À Prova d'Água,Azul,2,54.9,109.8,47.24,62.56,57.0,0.0,0.0,0.0,0.0,0,0,Orgânico,Cartão de crédito,9,Concluída,18,25,SP,Guarulhos
MLB2026-002919,2026-07-23,CAP-GS25-SIL,Capa Galaxy S25 Ultra Silicone MagSafe,MagSafe,Preto,1,54.9,54.9,23.46,31.44,57.3,0.0,0.0,0.0,0.0,0,0,Orgânico,Pix,,Concluída,41,0,RS,Caxias do Sul
MLB2026-002920,2026-07-23,CAP-MG85-TPU,Capa Moto G85 TPU Cinza,TPU,Cinza,1,16.9,16.9,6.09,-6.97,-41.2,19.9,13.93,0.0,3.85,1824,10,Anúncios,Pix,,Concluída,27,0,DF,Taguatinga
MLB2026-002921,2026-07-23,CAP-MG85-TPU,Capa Moto G85 TPU Cinza,TPU,Cinza,1,16.9,16.9,6.37,10.53,62.3,0.0,0.0,0.0,0.0,0,0,Orgânico,Pix,,Concluída,27,0,BA,Salvador
MLB2026-002922,2026-07-24,CAP-IP14-COU,Capa iPhone 14 Couro Sintético Premium,Couro,Marrom,1,44.9,44.9,17.29,25.74,57.3,0.0,0.0,0.0,1.87,838,14,Anúncios,Cartão de crédito,,Concluída,68,38,SP,São Bernardo do Campo
MLB2026-002923,2026-07-24,CAP-IP13-SIL,Capa iPhone 13 Silicone Colorida,Silicone,Rosa,1,21.9,21.9,9.51,-1.54,-7.0,19.9,13.93,0.0,0.0,0,0,Orgânico,Cartão de débito,,Concluída,62,135,MG,Uberlândia
MLB2026-002924,2026-07-24,CAP-GA55-SIL,Capa Galaxy A55 Silicone Fosca,Silicone,Verde,1,22.9,22.9,9.09,-0.12,-0.5,19.9,13.93,0.0,0.0,0,0,Orgânico,Cartão de crédito,,Concluída,59,11,GO,Goiânia
MLB2026-002925,2026-07-24,CAP-GA55-SIL,Capa Galaxy A55 Silicone Fosca,Silicone,Verde,1,22.9,22.9,10.4,1.98,8.6,12.9,9.03,0.0,1.49,626,6,Anúncios,Pix,,Concluída,59,10,SP,Guarulhos
MLB2026-002926,2026-07-24,CAP-GA55-CRI,Capa Galaxy A55 Cristal Ultra Fino,Cristal,Transparente,1,26.9,26.9,13.34,1.56,5.8,12.9,9.03,0.0,2.97,2762,35,Anúncios,Pix,,Pendente,15,30,SC,Joinville
MLB2026-002927,2026-07-24,CAP-GA56-MAG,Capa Galaxy A56 com MagSafe,MagSafe,Roxo,1,47.9,47.9,23.64,24.26,50.6,0.0,0.0,0.0,0.0,0,0,Orgânico,Boleto,,Concluída,17,29,BA,Salvador
MLB2026-002928,2026-07-24,CAP-GA56-MAG,Capa Galaxy A56 com MagSafe,MagSafe,Roxo,1,47.9,47.9,21.59,25.37,53.0,0.0,0.0,0.0,0.94,1817,26,Anúncios,Pix,,Concluída,17,28,SC,Joinville
MLB2026-002929,2026-07-24,CAP-RN14-SIL,Capa Redmi Note 14 Silicone,Silicone,Preto,1,18.9,18.9,8.48,10.42,55.1,0.0,0.0,0.0,0.0,0,0,Orgânico,Pix,,Concluída,96,44,CE,Fortaleza
MLB2026-002930,2026-07-24,CAP-RN14-SIL,Capa Redmi Note 14 Silicone,Silicone,Preto,1,18.9,18.9,6.65,3.22,17.0,12.9,9.03,0.0,0.0,0,0,Orgânico,Pix,,Concluída,96,43,RJ,Campos dos Goytacazes
MLB2026-002931,2026-07-24,CAP-RN13-TPU,Capa Redmi Note 13 TPU Cristal,TPU,Transparente,1,14.9,14.9,5.82,0.05,0.3,12.9,9.03,0.0,0.0,0,0,Orgânico,Pix,,Concluída,23,153,MG,Uberlândia
MLB2026-002932,2026-07-24,CAP-RN13-TPU,Capa Redmi Note 13 TPU Cristal,TPU,Transparente,1,14.9,14.9,5.61,0.26,1.7,12.9,9.03,0.0,0.0,0,0,Orgânico,Pix,,Concluída,23,152,DF,Ceilândia
MLB2026-002933,2026-07-24,CAP-RN13-TPU,Capa Redmi Note 13 TPU Cristal,TPU,Transparente,1,14.9,14.9,6.74,-5.77,-38.7,19.9,13.93,0.0,0.0,0,0,Orgânico,Cartão de crédito,9,Cancelada,23,151,MA,São Luís
MLB2026-002934,2026-07-24,CAP-RN13-SUP,Capa Redmi Note 13 com Suporte,Com Suporte,Preto,1,32.9,32.9,13.29,5.68,17.3,19.9,13.93,0.0,0.0,0,0,Orgânico,Pix,,Concluída,21,138,PR,Cascavel
MLB2026-002935,2026-07-24,CAP-R11-PLU,Capa realme 11 Pelúcia Fofinha,Pelúcia,Rosa,2,34.9,69.8,30.88,34.83,49.9,0.0,0.0,0.0,4.09,2081,32,Anúncios,Pix,,Concluída,12,29,SC,Joinville
MLB2026-002936,2026-07-24,CAP-R11-PLU,Capa realme 11 Pelúcia Fofinha,Pelúcia,Rosa,1,34.9,34.9,16.37,7.68,22.0,12.9,9.03,0.0,1.82,733,10,Anúncios,Pix,,Concluída,12,28,MG,Uberlândia
MLB2026-002937,2026-07-24,CAP-MG84-TPU,Capa Moto G84 TPU Transparente,TPU,Transparente,2,15.9,31.8,11.62,7.21,22.7,12.9,9.03,0.0,3.94,422,4,Anúncios,Cartão de crédito,,Concluída,20,87,RJ,Duque de Caxias
MLB2026-002938,2026-07-24,CAP-MG84-TPU,Capa Moto G84 TPU Transparente,TPU,Transparente,1,15.9,15.9,7.72,-5.75,-36.2,19.9,13.93,0.0,0.0,0,0,Orgânico,Boleto,,Concluída,20,86,GO,Anápolis
MLB2026-002939,2026-07-24,CAP-ME50-COU,Capa Moto Edge 50 Couro Sintético,Couro,Marrom,1,59.9,59.9,26.76,30.38,50.7,0.0,0.0,2.76,0.0,0,0,Orgânico,Cartão de crédito,3,Concluída,8,2,MG,Juiz de Fora
MLB2026-002940,2026-07-24,CAP-GA55-SUP,Capa Galaxy A55 com Suporte e Anel,Com Suporte,Preto,1,35.9,35.9,17.6,18.3,51.0,0.0,0.0,0.0,0.0,0,0,Orgânico,Pix,,Concluída,11,13,SP,São Paulo
MLB2026-002941,2026-07-24,CAP-GA56-CRI,Capa Galaxy A56 Cristal Espelhada,Cristal,Prata,1,34.9,34.9,16.26,8.38,24.0,12.9,9.03,0.0,1.23,1847,48,Anúncios,Pix,,Concluída,10,55,PA,Ananindeua
MLB2026-002942,2026-07-24,CAP-R12-SUP,Capa realme 12 com Suporte,Com Suporte,Cinza,1,33.9,33.9,16.94,6.41,18.9,12.9,9.03,0.0,1.52,1397,19,Anúncios,Pix,,Concluída,10,177,MA,São Luís
MLB2026-002943,2026-07-24,CAP-MG85-TPU,Capa Moto G85 TPU Cinza,TPU,Cinza,1,16.9,16.9,8.42,-0.55,-3.3,12.9,9.03,0.0,0.0,0,0,Orgânico,Cartão de crédito,6,Concluída,22,0,SP,Guarulhos
MLB2026-002944,2026-07-24,CAP-MG85-TPU,Capa Moto G85 TPU Cinza,TPU,Cinza,1,16.9,16.9,7.46,-2.12,-12.5,12.9,9.03,0.0,2.53,1039,21,Anúncios,Pix,,Concluída,22,0,PR,Curitiba
MLB2026-002945,2026-07-24,CAP-R13C-SIL,Capa Redmi 13C Silicone Azul,Silicone,Azul,1,17.9,17.9,8.74,-4.77,-26.6,19.9,13.93,0.0,0.0,0,0,Orgânico,Pix,,Cancelada,32,0,MG,Uberlândia
MLB2026-002946,2026-07-25,CAP-IP15-SIL,Capa de Celular iPhone 15 Silicone Fosca,Silicone,Preto,1,24.9,24.9,9.38,2.11,8.5,12.9,9.03,1.34,3.04,1961,34,Anúncios,Boleto,,Concluída,73,0,MG,Belo Horizonte
MLB2026-002947,2026-07-25,CAP-IP15-CRI,Capa iPhone 15 Acrílico Cristal Transparente,Cristal,Transparente,1,29.9,29.9,14.73,6.14,20.5,12.9,9.03,0.0,0.0,0,0,Orgânico,Pix,,Concluída,48,0,ES,Vila Velha
MLB2026-002948,2026-07-25,CAP-IP16-MAG,Capa iPhone 16 Silicone com MagSafe,MagSafe,Azul,1,49.9,49.9,23.52,26.38,52.9,0.0,0.0,0.0,0.0,0,0,Orgânico,Cartão de crédito,12,Concluída,65,76,PR,Cascavel
MLB2026-002949,2026-07-25,CAP-IP14-COU,Capa iPhone 14 Couro Sintético Premium,Couro,Marrom,1,44.9,44.9,18.49,22.95,51.1,0.0,0.0,0.0,3.46,679,10,Anúncios,Pix,,Concluída,38,37,CE,Juazeiro do Norte
MLB2026-002950,2026-07-25,CAP-IP13-SIL,Capa iPhone 13 Silicone Colorida,Silicone,Rosa,1,21.9,21.9,7.71,12.7,58.0,0.0,0.0,0.0,1.49,3166,50,Anúncios,Cartão de crédito,9,Concluída,68,134,GO,Goiânia
MLB2026-002951,2026-07-25,CAP-IP13-SIL,Capa iPhone 13 Silicone Colorida,Silicone,Rosa,1,21.9,21.9,9.56,9.7,44.3,0.0,0.0,2.64,0.0,0,0,Orgânico,Pix,,Concluída,68,133,RS,Porto Alegre
MLB2026-002952,2026-07-25,CAP-GA55-SIL,Capa Galaxy A55 Silicone Fosca,Silicone,Verde,1,22.9,22.9,9.87,4.0,17.5,12.9,9.03,0.0,0.0,0,0,Orgânico,Cartão de crédito,12,Concluída,16,9,SP,São Bernardo do Campo
MLB2026-002953,2026-07-25,CAP-GA55-SIL,Capa Galaxy A55 Silicone Fosca,Silicone,Verde,1,22.9,22.9,10.05,3.82,16.7,12.9,9.03,0.0,0.0,0,0,Orgânico,Pix,,Concluída,16,8,SP,São Bernardo do Campo
MLB2026-002954,2026-07-25,CAP-GA55-CRI,Capa Galaxy A55 Cristal Ultra Fino,Cristal,Transparente,1,26.9,26.9,10.33,13.51,50.2,0.0,0.0,0.0,3.06,417,3,Anúncios,Pix,,Pendente,160,29,RJ,Niterói
MLB2026-002955,2026-07-25,CAP-GA56-MAG,Capa Galaxy A56 com MagSafe,MagSafe,Roxo,1,47.9,47.9,19.71,26.71,55.8,0.0,0.0,1.48,0.0,0,0,Orgânico,Cartão de crédito,9,Concluída,45,27,SP,Campinas
MLB2026-002956,2026-07-25,CAP-GS25-COU,Capa Galaxy S25 Ultra Couro Premium,Couro,Marrom,1,69.9,69.9,24.75,45.15,64.6,0.0,0.0,0.0,0.0,0,0,Orgânico,Pix,,Concluída,9,110,SP,Osasco
MLB2026-002957,2026-07-25,CAP-GS25-COU,Capa Galaxy S25 Ultra Couro Premium,Couro,Marrom,1,69.9,69.9,24.78,42.01,60.1,0.0,0.0,0.0,3.11,1500,14,Anúncios,Cartão de crédito,9,Cancelada,9,109,GO,Aparecida de Goiânia
MLB2026-002958,2026-07-25,CAP-RN13-TPU,Capa Redmi Note 13 TPU Cristal,TPU,Transparente,1,14.9,14.9,7.25,-6.28,-42.1,19.9,13.93,0.0,0.0,0,0,Orgânico,Pix,,Concluída,52,150,CE,Juazeiro do Norte
MLB2026-002959,2026-07-25,CAP-IP15-PLU,Capa iPhone 15 Pelúcia Colorida,Pelúcia,Rosa,1,39.9,39.9,17.88,8.09,20.3,19.9,13.93,0.0,0.0,0,0,Orgânico,Cartão de crédito,6,Concluída,18,100,PE,Olinda
MLB2026-002960,2026-07-25,CAP-IP15-PLU,Capa iPhone 15 Pelúcia Colorida,Pelúcia,Rosa,1,39.9,39.9,17.7,13.17,33.0,12.9,9.03,0.0,0.0,0,0,Orgânico,Cartão de crédito,12,Concluída,18,99,CE,Juazeiro do Norte
MLB2026-002961,2026-07-25,CAP-GS25-SIL,Capa Galaxy S25 Ultra Silicone MagSafe,MagSafe,Preto,1,54.9,54.9,20.44,34.46,62.8,0.0,0.0,0.0,0.0,0,0,Orgânico,Pix,,Concluída,16,0,SP,Osasco
MLB2026-002962,2026-07-25,CAP-R12-CRI,Capa realme 12 Cristal Transparente,Cristal,Transparente,1,24.9,24.9,9.49,15.41,61.9,0.0,0.0,0.0,0.0,0,0,Orgânico,Pix,,Cancelada,36,0,RS,Porto Alegre
MLB2026-002963,2026-07-25,CAP-IP16-PLU,Capa iPhone 16 Pelúcia Colorida,Pelúcia,Verde,1,41.9,41.9,16.93,11.04,26.3,19.9,13.93,0.0,0.0,0,0,Orgânico,Cartão de crédito,3,Concluída,20,32,PR,Cascavel
MLB2026-002964,2026-07-25,CAP-IP13-MAG,Capa iPhone 13 Silicone MagSafe,MagSafe,Branco,1,44.9,44.9,18.86,26.04,58.0,0.0,0.0,0.0,0.0,0,0,Orgânico,Pix,,Enviada,47,0,BA,Salvador
MLB2026-002965,2026-07-25,CAP-GA54-SIL,Capa Galaxy A54 Silicone Vermelho,Silicone,Vermelho,2,18.9,37.8,15.06,22.74,60.2,0.0,0.0,0.0,0.0,0,0,Orgânico,Pix,,Concluída,11,123,SP,Osasco
MLB2026-002966,2026-07-25,CAP-GA54-SIL,Capa Galaxy A54 Silicone Vermelho,Silicone,Vermelho,1,18.9,18.9,8.19,1.68,8.9,12.9,9.03,0.0,0.0,0,0,Orgânico,Pix,,Concluída,11,122,MG,Belo Horizonte
MLB2026-002967,2026-07-26,CAP-IP15-CRI,Capa iPhone 15 Acrílico Cristal Transparente,Cristal,Transparente,1,29.9,29.9,10.55,10.32,34.5,12.9,9.03,0.0,0.0,0,0,Orgânico,Pix,,Concluída,21,0,MG,Uberlândia
MLB2026-002968,2026-07-26,CAP-IP15-CRI,Capa iPhone 15 Acrílico Cristal Transparente,Cristal,Transparente,1,29.9,29.9,12.44,16.26,54.4,0.0,0.0,1.2,0.0,0,0,Orgânico,Boleto,,Concluída,21,0,MG,Juiz de Fora
MLB2026-002969,2026-07-26,CAP-IP16-MAG,Capa iPhone 16 Silicone com MagSafe,MagSafe,Azul,1,49.9,49.9,19.19,25.75,51.6,0.0,0.0,4.96,0.0,0,0,Orgânico,Pix,,Concluída,71,75,RJ,Niterói
MLB2026-002970,2026-07-26,CAP-IP14-COU,Capa iPhone 14 Couro Sintético Premium,Couro,Marrom,1,44.9,44.9,18.38,23.59,52.5,0.0,0.0,0.0,2.93,3097,81,Anúncios,Cartão de crédito,,Concluída,44,36,GO,Goiânia
MLB2026-002971,2026-07-26,CAP-GA55-SIL,Capa Galaxy A55 Silicone Fosca,Silicone,Verde,1,22.9,22.9,8.34,0.63,2.8,19.9,13.93,0.0,0.0,0,0,Orgânico,Pix,,Concluída,89,7,SP,Osasco
MLB2026-002972,2026-07-26,CAP-GA55-CRI,Capa Galaxy A55 Cristal Ultra Fino,Cristal,Transparente,1,26.9,26.9,10.9,16.0,59.5,0.0,0.0,0.0,0.0,0,0,Orgânico,Pix,,Concluída,51,28,MG,Contagem
MLB2026-002973,2026-07-26,CAP-GA56-MAG,Capa Galaxy A56 com MagSafe,MagSafe,Roxo,1,47.9,47.9,23.87,24.03,50.2,0.0,0.0,0.0,0.0,0,0,Orgânico,Pix,,Concluída,17,26,CE,Sobral
MLB2026-002974,2026-07-26,CAP-GA56-MAG,Capa Galaxy A56 com MagSafe,MagSafe,Roxo,1,47.9,47.9,22.9,25.0,52.2,0.0,0.0,0.0,0.0,0,0,Orgânico,Cartão de crédito,,Concluída,17,25,MG,Juiz de Fora
MLB2026-002975,2026-07-26,CAP-RN14-SIL,Capa Redmi Note 14 Silicone,Silicone,Preto,1,18.9,18.9,8.93,-7.49,-39.6,19.9,13.93,0.0,3.53,1458,28,Anúncios,Cartão de crédito,9,Concluída,51,42,RJ,Duque de Caxias
MLB2026-002976,2026-07-26,CAP-R11-PLU,Capa realme 11 Pelúcia Fofinha,Pelúcia,Rosa,1,34.9,34.9,15.58,16.56,47.4,0.0,0.0,0.0,2.76,942,26,Anúncios,Pix,,Concluída,14,27,SP,Guarulhos
MLB2026-002977,2026-07-26,CAP-IP15-PLU,Capa iPhone 15 Pelúcia Colorida,Pelúcia,Rosa,1,39.9,39.9,17.63,17.86,44.8,0.0,0.0,4.41,0.0,0,0,Orgânico,Cartão de crédito,3,Concluída,17,98,SC,Blumenau
MLB2026-002978,2026-07-26,CAP-RN14-AGU,Capa Redmi Note 14 À Prova d'Água,À Prova d'Água,Azul,1,54.9,54.9,19.93,33.66,61.3,0.0,0.0,0.0,1.31,3270,86,Anúncios,Boleto,,Concluída,5,24,BA,Vitória da Conquista
MLB2026-002979,2026-07-26,CAP-IP16-CRI,Capa iPhone 16 Cristal Espelhada,Cristal,Prata,1,37.9,37.9,15.57,13.3,35.1,12.9,9.03,0.0,0.0,0,0,Orgânico,Pix,,Concluída,40,79,SP,Osasco
MLB2026-002980,2026-07-26,CAP-IP12-PLU,Capinha iPhone 12 Pelúcia,Pelúcia,Amarelo,1,33.9,33.9,15.92,7.97,23.5,12.9,9.03,0.0,0.98,1836,24,Anúncios,Pix,,Concluída,20,203,CE,Juazeiro do Norte
MLB2026-002981,2026-07-26,CAP-MG84-SUP,Capa Moto G84 com Suporte,Com Suporte,Preto,1,29.9,29.9,11.24,18.66,62.4,0.0,0.0,0.0,0.0,0,0,Orgânico,Pix,,Concluída,4,137,SP,Guarulhos
MLB2026-002982,2026-07-26,CAP-IP16-PLU,Capa iPhone 16 Pelúcia Colorida,Pelúcia,Verde,1,41.9,41.9,15.9,26.0,62.1,0.0,0.0,0.0,0.0,0,0,Orgânico,Cartão de crédito,3,Concluída,18,31,BA,Vitória da Conquista
MLB2026-002983,2026-07-26,CAP-RN14-PLU,Capa Redmi Note 14 Pelúcia,Pelúcia,Rosa,1,32.9,32.9,13.69,3.88,11.8,19.9,13.93,0.0,1.4,1997,11,Anúncios,Pix,,Concluída,14,0,RS,Pelotas
MLB2026-002984,2026-07-26,CAP-IP15-AGU,Capa iPhone 15 À Prova d'Água,À Prova d'Água,Preto,1,57.9,57.9,20.75,37.15,64.2,0.0,0.0,0.0,0.0,0,0,Orgânico,Pix,,Concluída,32,70,PA,Ananindeua
MLB2026-002985,2026-07-26,CAP-GA54-SIL,Capa Galaxy A54 Silicone Vermelho,Silicone,Vermelho,1,18.9,18.9,7.29,-2.98,-15.8,19.9,13.93,0.66,0.0,0,0,Orgânico,Pix,,Enviada,45,121,RJ,Niterói
MLB2026-002986,2026-07-27,CAP-IP13-SIL,Capa iPhone 13 Silicone Colorida,Silicone,Rosa,1,21.9,21.9,10.89,7.96,36.3,0.0,0.0,0.0,3.05,1650,15,Anúncios,Pix,,Concluída,39,132,SP,Guarulhos
MLB2026-002987,2026-07-27,CAP-IP12-TPU,Capa iPhone 12 TPU Transparente,TPU,Transparente,1,16.9,16.9,7.03,-5.71,-33.8,19.9,13.93,1.65,0.0,0,0,Orgânico,Pix,,Concluída,76,0,PE,Caruaru
MLB2026-002988,2026-07-27,CAP-GA55-CRI,Capa Galaxy A55 Cristal Ultra Fino,Cristal,Transparente,1,26.9,26.9,12.05,3.82,14.2,12.9,9.03,0.0,2.0,3031,85,Anúncios,Pix,,Concluída,109,27,SP,São Bernardo do Campo
MLB2026-002989,2026-07-27,CAP-GS24-SIL,Capa Galaxy S24 Silicone com Anel,Silicone,Azul,1,29.9,29.9,12.49,12.73,42.6,0.0,0.0,4.68,0.0,0,0,Orgânico,Cartão de crédito,,Concluída,69,60,CE,Sobral
MLB2026-002990,2026-07-27,CAP-GS24-SIL,Capa Galaxy S24 Silicone com Anel,Silicone,Azul,1,29.9,29.9,12.42,1.65,5.5,19.9,13.93,0.0,1.9,1155,22,Anúncios,Pix,,Concluída,69,59,MG,Contagem
MLB2026-002991,2026-07-27,CAP-MG85-SIL,Capa Moto G85 Silicone Azul,Silicone,Azul,1,19.9,19.9,8.53,1.88,9.4,12.9,9.03,0.46,0.0,0,0,Orgânico,Pix,,Concluída,20,131,RJ,Duque de Caxias
MLB2026-002992,2026-07-27,CAP-MG85-SIL,Capa Moto G85 Silicone Azul,Silicone,Azul,1,19.9,19.9,7.37,3.5,17.6,12.9,9.03,0.0,0.0,0,0,Orgânico,Cartão de crédito,,Concluída,20,130,SC,Joinville
MLB2026-002993,2026-07-27,CAP-IP15-PLU,Capa iPhone 15 Pelúcia Colorida,Pelúcia,Rosa,1,39.9,39.9,14.92,15.95,40.0,12.9,9.03,0.0,0.0,0,0,Orgânico,Pix,,Concluída,42,97,PE,Olinda
MLB2026-002994,2026-07-27,CAP-GA55-SUP,Capa Galaxy A55 com Suporte e Anel,Com Suporte,Preto,1,35.9,35.9,13.34,13.53,37.7,12.9,9.03,0.0,0.0,0,0,Orgânico,Cartão de crédito,12,Concluída,11,12,BA,Vitória da Conquista
MLB2026-002995,2026-07-27,CAP-GS25-SIL,Capa Galaxy S25 Ultra Silicone MagSafe,MagSafe,Preto,1,54.9,54.9,21.36,33.54,61.1,0.0,0.0,0.0,0.0,0,0,Orgânico,Cartão de débito,,Concluída,14,0,PR,Curitiba
MLB2026-002996,2026-07-27,CAP-GS25-SIL,Capa Galaxy S25 Ultra Silicone MagSafe,MagSafe,Preto,1,54.9,54.9,25.57,25.51,46.5,0.0,0.0,0.0,3.82,2018,10,Anúncios,Pix,,Concluída,14,0,SP,São Bernardo do Campo
MLB2026-002997,2026-07-27,CAP-IP12-PLU,Capinha iPhone 12 Pelúcia,Pelúcia,Amarelo,1,33.9,33.9,16.7,3.27,9.6,19.9,13.93,0.0,0.0,0,0,Orgânico,Cartão de crédito,6,Concluída,7,202,PE,Olinda
MLB2026-002998,2026-07-27,CAP-IP12-PLU,Capinha iPhone 12 Pelúcia,Pelúcia,Amarelo,1,33.9,33.9,12.46,21.44,63.2,0.0,0.0,0.0,0.0,0,0,Orgânico,Boleto,,Concluída,7,201,SP,São Paulo
MLB2026-002999,2026-07-27,CAP-IP16-PLU,Capa iPhone 16 Pelúcia Colorida,Pelúcia,Verde,1,41.9,41.9,18.33,9.64,23.0,19.9,13.93,0.0,0.0,0,0,Orgânico,Pix,,Concluída,21,30,SP,Campinas
MLB2026-003000,2026-07-27,CAP-GA56-CRI,Capa Galaxy A56 Cristal Espelhada,Cristal,Prata,1,34.9,34.9,14.99,8.03,23.0,12.9,9.03,0.0,2.85,665,15,Anúncios,Pix,,Concluída,22,54,MG,Contagem
MLB2026-003001,2026-07-27,CAP-IP13-MAG,Capa iPhone 13 Silicone MagSafe,MagSafe,Branco,1,44.9,44.9,22.18,22.72,50.6,0.0,0.0,0.0,0.0,0,0,Orgânico,Pix,,Enviada,44,0,SP,São Paulo
MLB2026-003002,2026-07-27,CAP-IP15-AGU,Capa iPhone 15 À Prova d'Água,À Prova d'Água,Preto,1,57.9,57.9,22.94,30.67,53.0,0.0,0.0,0.0,4.29,852,4,Anúncios,Pix,,Pendente,3,69,SP,São Paulo
MLB2026-003003,2026-07-28,CAP-IP15-SIL,Capa de Celular iPhone 15 Silicone Fosca,Silicone,Preto,1,24.9,24.9,9.33,13.49,54.2,0.0,0.0,0.0,2.08,3401,52,Anúncios,Pix,,Concluída,97,0,MG,Uberlândia
MLB2026-003004,2026-07-28,CAP-IP15-CRI,Capa iPhone 15 Acrílico Cristal Transparente,Cristal,Transparente,1,29.9,29.9,13.08,16.82,56.3,0.0,0.0,0.0,0.0,0,0,Orgânico,Boleto,,Concluída,59,0,SP,São Paulo
MLB2026-003005,2026-07-28,CAP-IP15-CRI,Capa iPhone 15 Acrílico Cristal Transparente,Cristal,Transparente,1,29.9,29.9,12.49,3.48,11.6,19.9,13.93,0.0,0.0,0,0,Orgânico,Cartão de débito,,Concluída,59,0,MA,São Luís
MLB2026-003006,2026-07-28,CAP-IP13-SIL,Capa iPhone 13 Silicone Colorida,Silicone,Rosa,1,21.9,21.9,10.05,-2.8,-12.8,19.9,13.93,0.72,0.0,0,0,Orgânico,Cartão de crédito,3,Concluída,47,131,SC,Joinville
MLB2026-003007,2026-07-28,CAP-GS25-COU,Capa Galaxy S25 Ultra Couro Premium,Couro,Marrom,1,69.9,69.9,31.93,34.23,49.0,0.0,0.0,0.0,3.74,2362,15,Anúncios,Boleto,,Concluída,34,108,RS,Porto Alegre
MLB2026-003008,2026-07-28,CAP-GS25-COU,Capa Galaxy S25 Ultra Couro Premium,Couro,Marrom,3,69.9,209.7,78.51,131.19,62.6,0.0,0.0,0.0,0.0,0,0,Orgânico,Pix,,Concluída,34,105,MG,Belo Horizonte
MLB2026-003009,2026-07-28,CAP-GS25-COU,Capa Galaxy S25 Ultra Couro Premium,Couro,Marrom,1,69.9,69.9,33.49,36.41,52.1,0.0,0.0,0.0,0.0,0,0,Orgânico,Pix,,Concluída,34,104,AM,Manaus
MLB2026-003010,2026-07-28,CAP-GS24-SIL,Capa Galaxy S24 Silicone com Anel,Silicone,Azul,1,29.9,29.9,12.9,5.75,19.2,12.9,9.03,0.0,2.22,2874,73,Anúncios,Pix,,Concluída,9,58,RJ,Duque de Caxias
MLB2026-003011,2026-07-28,CAP-R12-SIL,Capa realme 12 Silicone Fosca,Silicone,Branco,1,20.9,20.9,7.57,4.3,20.6,12.9,9.03,0.0,0.0,0,0,Orgânico,Cartão de crédito,,Concluída,62,80,PR,Cascavel
MLB2026-003012,2026-07-28,CAP-R12-SIL,Capa realme 12 Silicone Fosca,Silicone,Branco,1,20.9,20.9,7.8,4.07,19.5,12.9,9.03,0.0,0.0,0,0,Orgânico,Pix,,Concluída,62,79,SP,São Paulo
MLB2026-003013,2026-07-28,CAP-MG84-SUP,Capa Moto G84 com Suporte,Com Suporte,Preto,1,29.9,29.9,11.27,14.77,49.4,0.0,0.0,0.0,3.86,2379,34,Anúncios,Pix,,Concluída,12,136,RJ,Niterói
MLB2026-003014,2026-07-28,CAP-MG84-SUP,Capa Moto G84 com Suporte,Com Suporte,Preto,1,29.9,29.9,10.87,10.0,33.4,12.9,9.03,0.0,0.0,0,0,Orgânico,Pix,,Concluída,12,135,CE,Sobral
MLB2026-003015,2026-07-28,CAP-MG85-TPU,Capa Moto G85 TPU Cinza,TPU,Cinza,1,16.9,16.9,7.01,-4.04,-23.9,19.9,13.93,0.0,0.0,0,0,Orgânico,Pix,,Concluída,13,0,SP,Campinas
MLB2026-003016,2026-07-28,CAP-IP15-AGU,Capa iPhone 15 À Prova d'Água,À Prova d'Água,Preto,1,57.9,57.9,22.23,35.67,61.6,0.0,0.0,0.0,0.0,0,0,Orgânico,Cartão de crédito,,Concluída,4,68,MG,Contagem
MLB2026-003017,2026-07-29,CAP-IP15-SIL,Capa de Celular iPhone 15 Silicone Fosca,Silicone,Preto,1,24.9,24.9,11.35,10.42,41.8,0.0,0.0,0.0,3.13,2014,19,Anúncios,Cartão de crédito,3,Concluída,40,0,MG,Uberlândia
MLB2026-003018,2026-07-29,CAP-IP11-SIL,Capinha iPhone 11 Silicone Antichoque,Silicone,Preto,1,15.9,15.9,7.12,5.37,33.8,0.0,0.0,0.0,3.41,1684,12,Anúncios,Cartão de crédito,12,Concluída,45,0,RS,Caxias do Sul
MLB2026-003019,2026-07-29,CAP-GA55-SIL,Capa Galaxy A55 Silicone Fosca,Silicone,Verde,2,22.9,45.8,21.72,24.08,52.6,0.0,0.0,0.0,0.0,0,0,Orgânico,Boleto,,Concluída,228,5,SP,Campinas
MLB2026-003020,2026-07-29,CAP-GA55-CRI,Capa Galaxy A55 Cristal Ultra Fino,Cristal,Transparente,1,26.9,26.9,11.92,14.98,55.7,0.0,0.0,0.0,0.0,0,0,Orgânico,Pix,,Concluída,9,26,CE,Juazeiro do Norte
MLB2026-003021,2026-07-29,CAP-GA55-CRI,Capa Galaxy A55 Cristal Ultra Fino,Cristal,Transparente,1,26.9,26.9,13.38,12.46,46.3,0.0,0.0,0.0,1.06,1699,37,Anúncios,Cartão de crédito,9,Pendente,9,25,MG,Contagem
MLB2026-003022,2026-07-29,CAP-GA55-CRI,Capa Galaxy A55 Cristal Ultra Fino,Cristal,Transparente,1,26.9,26.9,11.65,11.72,43.6,0.0,0.0,0.0,3.53,463,6,Anúncios,Pix,,Cancelada,9,24,PA,Belém
MLB2026-003023,2026-07-29,CAP-RN14-SIL,Capa Redmi Note 14 Silicone,Silicone,Preto,1,18.9,18.9,8.6,-3.63,-19.2,19.9,13.93,0.0,0.0,0,0,Orgânico,Pix,,Concluída,38,41,SP,Osasco
MLB2026-003024,2026-07-29,CAP-RN13-TPU,Capa Redmi Note 13 TPU Cristal,TPU,Transparente,1,14.9,14.9,5.53,-2.6,-17.4,12.9,9.03,0.0,2.94,2597,21,Anúncios,Cartão de débito,,Concluída,35,149,SP,Osasco
MLB2026-003025,2026-07-29,CAP-RN13-TPU,Capa Redmi Note 13 TPU Cristal,TPU,Transparente,1,14.9,14.9,6.86,-4.44,-29.8,12.9,9.03,3.45,0.0,0,0,Orgânico,Cartão de crédito,3,Concluída,35,148,SP,São Bernardo do Campo
MLB2026-003026,2026-07-29,CAP-MG85-SIL,Capa Moto G85 Silicone Azul,Silicone,Azul,2,19.9,39.8,16.0,7.43,18.7,19.9,13.93,0.0,2.44,888,12,Anúncios,Pix,,Concluída,16,128,GO,Goiânia
MLB2026-003027,2026-07-29,CAP-IP15-PLU,Capa iPhone 15 Pelúcia Colorida,Pelúcia,Rosa,1,39.9,39.9,17.03,8.94,22.4,19.9,13.93,0.0,0.0,0,0,Orgânico,Pix,,Concluída,48,96,PR,Curitiba
MLB2026-003028,2026-07-29,CAP-RN14-AGU,Capa Redmi Note 14 À Prova d'Água,À Prova d'Água,Azul,1,54.9,54.9,24.86,29.11,53.0,0.0,0.0,0.0,0.93,928,27,Anúncios,Pix,,Concluída,5,23,GO,Anápolis
MLB2026-003029,2026-07-29,CAP-RN14-AGU,Capa Redmi Note 14 À Prova d'Água,À Prova d'Água,Azul,1,54.9,54.9,26.46,28.44,51.8,0.0,0.0,0.0,0.0,0,0,Orgânico,Boleto,,Concluída,5,22,SC,Joinville
MLB2026-003030,2026-07-29,CAP-RN14-AGU,Capa Redmi Note 14 À Prova d'Água,À Prova d'Água,Azul,1,54.9,54.9,24.43,25.64,46.7,0.0,0.0,3.52,1.31,2757,13,Anúncios,Pix,,Concluída,5,21,PR,Curitiba
MLB2026-003031,2026-07-29,CAP-GS24-COU,Capa Galaxy S24 Couro Premium,Couro,Preto,1,64.9,64.9,27.38,35.03,54.0,0.0,0.0,0.0,2.49,2570,72,Anúncios,Cartão de crédito,12,Concluída,7,136,PE,Recife
MLB2026-003032,2026-07-29,CAP-GA54-SIL,Capa Galaxy A54 Silicone Vermelho,Silicone,Vermelho,1,18.9,18.9,9.18,-4.21,-22.3,19.9,13.93,0.0,0.0,0,0,Orgânico,Cartão de crédito,9,Concluída,53,120,SP,Osasco
MLB2026-003033,2026-07-30,CAP-IP15-SIL,Capa de Celular iPhone 15 Silicone Fosca,Silicone,Preto,1,24.9,24.9,9.02,-2.29,-9.2,19.9,13.93,0.0,4.24,448,2,Anúncios,Cartão de crédito,,Concluída,45,0,SC,Florianópolis
MLB2026-003034,2026-07-30,CAP-IP16-MAG,Capa iPhone 16 Silicone com MagSafe,MagSafe,Azul,1,49.9,49.9,24.54,25.36,50.8,0.0,0.0,0.0,0.0,0,0,Orgânico,Cartão de crédito,12,Concluída,54,74,SP,Osasco
MLB2026-003035,2026-07-30,CAP-IP13-SIL,Capa iPhone 13 Silicone Colorida,Silicone,Rosa,1,21.9,21.9,8.83,-0.86,-3.9,19.9,13.93,0.0,0.0,0,0,Orgânico,Cartão de crédito,,Concluída,95,130,SP,Guarulhos
MLB2026-003036,2026-07-30,CAP-GA55-CRI,Capa Galaxy A55 Cristal Ultra Fino,Cristal,Transparente,2,26.9,53.8,21.64,14.93,27.8,19.9,13.93,0.0,3.3,3444,42,Anúncios,Cartão de crédito,9,Concluída,56,22,BA,Salvador
MLB2026-003037,2026-07-30,CAP-GA55-CRI,Capa Galaxy A55 Cristal Ultra Fino,Cristal,Transparente,1,26.9,26.9,11.3,6.57,24.4,12.9,9.03,0.0,0.0,0,0,Orgânico,Pix,,Cancelada,56,21,MG,Belo Horizonte
MLB2026-003038,2026-07-30,CAP-GA56-MAG,Capa Galaxy A56 com MagSafe,MagSafe,Roxo,1,47.9,47.9,18.8,23.37,48.8,0.0,0.0,2.36,3.37,2389,29,Anúncios,Pix,,Concluída,59,24,PR,Curitiba
MLB2026-003039,2026-07-30,CAP-GS24-SIL,Capa Galaxy S24 Silicone com Anel,Silicone,Azul,2,29.9,59.8,29.3,30.5,51.0,0.0,0.0,0.0,0.0,0,0,Orgânico,Cartão de crédito,12,Concluída,40,56,SP,São Bernardo do Campo
MLB2026-003040,2026-07-30,CAP-RN14-SIL,Capa Redmi Note 14 Silicone,Silicone,Preto,1,18.9,18.9,7.45,11.45,60.6,0.0,0.0,0.0,0.0,0,0,Orgânico,Boleto,,Concluída,12,40,RJ,Niterói
MLB2026-003041,2026-07-30,CAP-MG84-TPU,Capa Moto G84 TPU Transparente,TPU,Transparente,1,15.9,15.9,5.75,-7.01,-44.1,19.9,13.93,0.0,3.23,2922,20,Anúncios,Pix,,Cancelada,47,85,PR,Londrina
MLB2026-003042,2026-07-30,CAP-MG84-TPU,Capa Moto G84 TPU Transparente,TPU,Transparente,1,15.9,15.9,6.08,-4.11,-25.8,19.9,13.93,0.0,0.0,0,0,Orgânico,Boleto,,Concluída,47,84,RJ,Campos dos Goytacazes
MLB2026-003043,2026-07-30,CAP-IP15-PLU,Capa iPhone 15 Pelúcia Colorida,Pelúcia,Rosa,1,39.9,39.9,18.26,21.64,54.2,0.0,0.0,0.0,0.0,0,0,Orgânico,Cartão de débito,,Concluída,8,95,CE,Fortaleza
MLB2026-003044,2026-07-30,CAP-IP16-CRI,Capa iPhone 16 Cristal Espelhada,Cristal,Prata,1,37.9,37.9,15.47,15.23,40.2,0.0,0.0,2.7,4.5,3262,17,Anúncios,Boleto,,Cancelada,24,78,RS,Porto Alegre
MLB2026-003045,2026-07-30,CAP-IP12-PLU,Capinha iPhone 12 Pelúcia,Pelúcia,Amarelo,1,33.9,33.9,14.59,10.28,30.3,12.9,9.03,0.0,0.0,0,0,Orgânico,Cartão de crédito,,Concluída,18,200,CE,Sobral
MLB2026-003046,2026-07-30,CAP-IP13-MAG,Capa iPhone 13 Silicone MagSafe,MagSafe,Branco,1,44.9,44.9,17.03,24.0,53.5,0.0,0.0,0.0,3.87,2286,54,Anúncios,Cartão de débito,,Concluída,34,0,AM,Manaus
MLB2026-003047,2026-07-30,CAP-MG85-TPU,Capa Moto G85 TPU Cinza,TPU,Cinza,1,16.9,16.9,7.21,9.69,57.3,0.0,0.0,0.0,0.0,0,0,Orgânico,Pix,,Concluída,6,0,AM,Manaus
MLB2026-003048,2026-07-31,CAP-IP15-SIL,Capa de Celular iPhone 15 Silicone Fosca,Silicone,Preto,1,24.9,24.9,8.99,-0.13,-0.5,12.9,9.03,4.18,2.83,3462,95,Anúncios,Cartão de crédito,12,Enviada,109,0,MA,São Luís
MLB2026-003049,2026-07-31,CAP-IP15-SIL,Capa de Celular iPhone 15 Silicone Fosca,Silicone,Preto,1,24.9,24.9,12.27,9.66,38.8,0.0,0.0,2.97,0.0,0,0,Orgânico,Cartão de crédito,12,Concluída,109,0,PR,Londrina
MLB2026-003050,2026-07-31,CAP-IP13-SIL,Capa iPhone 13 Silicone Colorida,Silicone,Rosa,1,21.9,21.9,8.69,12.4,56.6,0.0,0.0,0.0,0.81,1203,30,Anúncios,Pix,,Concluída,31,129,SP,Guarulhos
MLB2026-003051,2026-07-31,CAP-IP12-TPU,Capa iPhone 12 TPU Transparente,TPU,Transparente,1,16.9,16.9,8.1,-5.13,-30.4,19.9,13.93,0.0,0.0,0,0,Orgânico,Pix,,Concluída,54,0,MG,Contagem
MLB2026-003052,2026-07-31,CAP-IP11-SIL,Capinha iPhone 11 Silicone Antichoque,Silicone,Preto,1,15.9,15.9,6.84,-1.34,-8.4,12.9,9.03,1.37,0.0,0,0,Orgânico,Pix,,Concluída,51,0,SC,Blumenau
MLB2026-003053,2026-07-31,CAP-GA56-MAG,Capa Galaxy A56 com MagSafe,MagSafe,Roxo,1,47.9,47.9,22.65,25.25,52.7,0.0,0.0,0.0,0.0,0,0,Orgânico,Cartão de débito,,Enviada,22,23,CE,Sobral
MLB2026-003054,2026-07-31,CAP-GS23-TPU,Capa Galaxy S23 TPU Camuflada,TPU,Camuflado,1,19.9,19.9,7.92,-1.95,-9.8,19.9,13.93,0.0,0.0,0,0,Orgânico,Cartão de crédito,,Cancelada,40,143,MG,Contagem
MLB2026-003055,2026-07-31,CAP-GS23-TPU,Capa Galaxy S23 TPU Camuflada,TPU,Camuflado,1,19.9,19.9,9.25,1.62,8.1,12.9,9.03,0.0,0.0,0,0,Orgânico,Cartão de crédito,,Concluída,40,142,MA,São Luís
MLB2026-003056,2026-07-31,CAP-GS23-TPU,Capa Galaxy S23 TPU Camuflada,TPU,Camuflado,1,19.9,19.9,8.25,-7.49,-37.6,19.9,13.93,3.55,1.66,3494,25,Anúncios,Pix,,Concluída,40,141,GO,Anápolis
MLB2026-003057,2026-07-31,CAP-IP16-CRI,Capa iPhone 16 Cristal Espelhada,Cristal,Prata,1,37.9,37.9,16.76,12.11,32.0,12.9,9.03,0.0,0.0,0,0,Orgânico,Pix,,Concluída,21,77,SP,Guarulhos
MLB2026-003058,2026-07-31,CAP-GA54-SIL,Capa Galaxy A54 Silicone Vermelho,Silicone,Vermelho,1,18.9,18.9,8.92,0.95,5.0,12.9,9.03,0.0,0.0,0,0,Orgânico,Boleto,,Cancelada,10,119,MG,Belo Horizonte
MLB2026-003059,2026-08-01,CAP-IP15-CRI,Capa iPhone 15 Acrílico Cristal Transparente,Cristal,Transparente,1,29.9,29.9,14.82,-2.56,-8.6,19.9,13.93,0.0,3.71,795,10,Anúncios,Pix,,Concluída,50,0,PA,Belém
MLB2026-003060,2026-08-01,CAP-IP13-SIL,Capa iPhone 13 Silicone Colorida,Silicone,Rosa,1,21.9,21.9,9.27,6.06,27.7,0.0,0.0,2.45,4.12,1240,16,Anúncios,Cartão de crédito,12,Concluída,13,128,RS,Caxias do Sul
MLB2026-003061,2026-08-01,CAP-IP11-SIL,Capinha iPhone 11 Silicone Antichoque,Silicone,Preto,1,15.9,15.9,6.18,-4.21,-26.5,19.9,13.93,0.0,0.0,0,0,Orgânico,Pix,,Concluída,69,0,PR,Curitiba
MLB2026-003062,2026-08-01,CAP-IP11-SIL,Capinha iPhone 11 Silicone Antichoque,Silicone,Preto,1,15.9,15.9,7.53,-5.56,-35.0,19.9,13.93,0.0,0.0,0,0,Orgânico,Pix,,Concluída,69,0,SP,Osasco
MLB2026-003063,2026-08-01,CAP-GS24-SIL,Capa Galaxy S24 Silicone com Anel,Silicone,Azul,1,29.9,29.9,13.03,6.93,23.2,12.9,9.03,0.0,0.91,2313,16,Anúncios,Cartão de débito,,Concluída,35,55,RJ,Campos dos Goytacazes
MLB2026-003064,2026-08-01,CAP-GS23-TPU,Capa Galaxy S23 TPU Camuflada,TPU,Camuflado,1,19.9,19.9,8.5,11.4,57.3,0.0,0.0,0.0,0.0,0,0,Orgânico,Cartão de crédito,,Cancelada,34,140,RJ,Niterói
MLB2026-003065,2026-08-01,CAP-RN14-SIL,Capa Redmi Note 14 Silicone,Silicone,Preto,1,18.9,18.9,6.79,3.08,16.3,12.9,9.03,0.0,0.0,0,0,Orgânico,Pix,,Concluída,45,39,PE,Olinda
MLB2026-003066,2026-08-01,CAP-RN14-SIL,Capa Redmi Note 14 Silicone,Silicone,Preto,1,18.9,18.9,7.29,-2.32,-12.3,19.9,13.93,0.0,0.0,0,0,Orgânico,Pix,,Concluída,45,38,RJ,Rio de Janeiro
MLB2026-003067,2026-08-01,CAP-R12-SIL,Capa realme 12 Silicone Fosca,Silicone,Branco,1,20.9,20.9,9.32,-1.57,-7.5,12.9,9.03,0.0,4.12,3253,43,Anúncios,Cartão de crédito,12,Pendente,30,78,SP,São Paulo
MLB2026-003068,2026-08-01,CAP-MG85-SIL,Capa Moto G85 Silicone Azul,Silicone,Azul,1,19.9,19.9,8.66,2.21,11.1,12.9,9.03,0.0,0.0,0,0,Orgânico,Pix,,Cancelada,12,127,RJ,Duque de Caxias
MLB2026-003069,2026-08-01,CAP-IP15-PLU,Capa iPhone 15 Pelúcia Colorida,Pelúcia,Rosa,1,39.9,39.9,16.39,10.78,27.0,12.9,9.03,0.0,3.7,613,11,Anúncios,Cartão de crédito,,Concluída,11,94,PR,Maringá
MLB2026-003070,2026-08-01,CAP-IP16-CRI,Capa iPhone 16 Cristal Espelhada,Cristal,Prata,1,37.9,37.9,14.59,14.28,37.7,12.9,9.03,0.0,0.0,0,0,Orgânico,Cartão de crédito,,Concluída,31,76,RJ,Rio de Janeiro
MLB2026-003071,2026-08-01,CAP-R12-SUP,Capa realme 12 com Suporte,Com Suporte,Cinza,1,33.9,33.9,16.4,17.5,51.6,0.0,0.0,0.0,0.0,0,0,Orgânico,Pix,,Concluída,2,176,ES,Serra
MLB2026-003072,2026-08-01,CAP-MG85-TPU,Capa Moto G85 TPU Cinza,TPU,Cinza,1,16.9,16.9,6.14,10.76,63.7,0.0,0.0,0.0,0.0,0,0,Orgânico,Cartão de crédito,12,Concluída,35,0,SP,São Paulo
MLB2026-003073,2026-08-02,CAP-IP15-CRI,Capa iPhone 15 Acrílico Cristal Transparente,Cristal,Transparente,1,29.9,29.9,10.74,6.39,21.4,12.9,9.03,3.74,0.0,0,0,Orgânico,Cartão de crédito,,Concluída,31,0,AM,Parintins
MLB2026-003074,2026-08-02,CAP-IP15-CRI,Capa iPhone 15 Acrílico Cristal Transparente,Cristal,Transparente,1,29.9,29.9,14.31,5.27,17.6,12.9,9.03,0.0,1.29,816,13,Anúncios,Boleto,,Enviada,31,0,MG,Contagem
MLB2026-003075,2026-08-02,CAP-IP15-CRI,Capa iPhone 15 Acrílico Cristal Transparente,Cristal,Transparente,1,29.9,29.9,13.41,2.56,8.6,19.9,13.93,0.0,0.0,0,0,Orgânico,Pix,,Concluída,31,0,RS,Caxias do Sul
MLB2026-003076,2026-08-02,CAP-IP16-MAG,Capa iPhone 16 Silicone com MagSafe,MagSafe,Azul,1,49.9,49.9,23.2,26.7,53.5,0.0,0.0,0.0,0.0,0,0,Orgânico,Cartão de crédito,,Concluída,58,73,SP,Osasco
MLB2026-003077,2026-08-02,CAP-IP16-MAG,Capa iPhone 16 Silicone com MagSafe,MagSafe,Azul,1,49.9,49.9,20.23,29.67,59.5,0.0,0.0,0.0,0.0,0,0,Orgânico,Cartão de crédito,9,Concluída,58,72,SP,Campinas
MLB2026-003078,2026-08-02,CAP-IP13-SIL,Capa iPhone 13 Silicone Colorida,Silicone,Rosa,1,21.9,21.9,9.92,-3.42,-15.6,19.9,13.93,0.0,1.47,887,7,Anúncios,Cartão de crédito,,Cancelada,19,127,SP,Campinas
MLB2026-003079,2026-08-02,CAP-IP13-SIL,Capa iPhone 13 Silicone Colorida,Silicone,Rosa,1,21.9,21.9,10.03,1.02,4.7,12.9,9.03,0.0,1.82,1182,22,Anúncios,Pix,,Concluída,19,126,SP,Osasco
MLB2026-003080,2026-08-02,CAP-GA55-SIL,Capa Galaxy A55 Silicone Fosca,Silicone,Verde,1,22.9,22.9,9.8,-3.08,-13.4,19.9,13.93,0.0,2.25,1672,21,Anúncios,Pix,,Concluída,109,4,PE,Olinda
MLB2026-003081,2026-08-02,CAP-GA55-CRI,Capa Galaxy A55 Cristal Ultra Fino,Cristal,Transparente,1,26.9,26.9,10.42,2.55,9.5,19.9,13.93,0.0,0.0,0,0,Orgânico,Cartão de crédito,9,Concluída,33,20,PR,Maringá
MLB2026-003082,2026-08-02,CAP-GA54-TPU,Capa Galaxy A54 TPU Antirrisco,TPU,Cinza,1,15.9,15.9,5.64,10.26,64.5,0.0,0.0,0.0,0.0,0,0,Orgânico,Cartão de crédito,9,Concluída,7,90,SP,Osasco
MLB2026-003083,2026-08-02,CAP-GS24-SIL,Capa Galaxy S24 Silicone com Anel,Silicone,Azul,1,29.9,29.9,14.74,-1.51,-5.1,19.9,13.93,0.0,2.74,1058,29,Anúncios,Pix,,Concluída,24,54,BA,Salvador
MLB2026-003084,2026-08-02,CAP-GS24-SIL,Capa Galaxy S24 Silicone com Anel,Silicone,Azul,1,29.9,29.9,11.04,7.94,26.6,12.9,9.03,0.0,1.89,1186,24,Anúncios,Pix,,Concluída,24,53,PR,Maringá
MLB2026-003085,2026-08-02,CAP-RN14-SIL,Capa Redmi Note 14 Silicone,Silicone,Preto,1,18.9,18.9,6.65,12.25,64.8,0.0,0.0,0.0,0.0,0,0,Orgânico,Pix,,Concluída,28,37,PR,Curitiba
MLB2026-003086,2026-08-02,CAP-R12-SIL,Capa realme 12 Silicone Fosca,Silicone,Branco,1,20.9,20.9,8.87,-5.87,-28.1,19.9,13.93,3.97,0.0,0,0,Orgânico,Boleto,,Cancelada,47,77,SP,Campinas
MLB2026-003087,2026-08-02,CAP-R12-SIL,Capa realme 12 Silicone Fosca,Silicone,Branco,1,20.9,20.9,9.22,-2.25,-10.8,19.9,13.93,0.0,0.0,0,0,Orgânico,Boleto,,Concluída,47,76,SP,Osasco
MLB2026-003088,2026-08-02,CAP-MG84-TPU,Capa Moto G84 TPU Transparente,TPU,Transparente,1,15.9,15.9,6.65,-5.56,-35.0,19.9,13.93,0.0,0.88,979,4,Anúncios,Cartão de crédito,6,Concluída,49,83,MG,Contagem
MLB2026-003089,2026-08-02,CAP-MG84-TPU,Capa Moto G84 TPU Transparente,TPU,Transparente,1,15.9,15.9,5.62,-2.88,-18.1,12.9,9.03,4.13,0.0,0,0,Orgânico,Pix,,Concluída,49,82,SP,Osasco
MLB2026-003090,2026-08-02,CAP-MG84-TPU,Capa Moto G84 TPU Transparente,TPU,Transparente,1,15.9,15.9,7.15,-0.28,-1.8,12.9,9.03,0.0,0.0,0,0,Orgânico,Cartão de crédito,9,Cancelada,49,81,RJ,Niterói
MLB2026-003091,2026-08-02,CAP-MG84-SUP,Capa Moto G84 com Suporte,Com Suporte,Preto,1,29.9,29.9,14.86,10.69,35.8,0.0,0.0,0.0,4.35,2573,71,Anúncios,Pix,,Concluída,12,134,ES,Vitória
MLB2026-003092,2026-08-02,CAP-MG84-SUP,Capa Moto G84 com Suporte,Com Suporte,Preto,3,29.9,89.7,39.6,41.07,45.8,12.9,9.03,0.0,0.0,0,0,Orgânico,Pix,,Cancelada,12,131,RS,Canoas
MLB2026-003093,2026-08-02,CAP-GA54-SIL,Capa Galaxy A54 Silicone Vermelho,Silicone,Vermelho,1,18.9,18.9,7.67,0.92,4.9,12.9,9.03,0.0,1.28,1669,20,Anúncios,Pix,,Concluída,23,118,ES,Vila Velha
MLB2026-003094,2026-08-03,CAP-IP13-SIL,Capa iPhone 13 Silicone Colorida,Silicone,Rosa,1,21.9,21.9,9.75,9.48,43.3,0.0,0.0,0.0,2.67,839,20,Anúncios,Pix,,Concluída,22,125,MG,Contagem
MLB2026-003095,2026-08-03,CAP-IP12-TPU,Capa iPhone 12 TPU Transparente,TPU,Transparente,1,16.9,16.9,7.35,0.52,3.1,12.9,9.03,0.0,0.0,0,0,Orgânico,Pix,,Concluída,52,0,SP,São Bernardo do Campo
MLB2026-003096,2026-08-03,CAP-GA55-CRI,Capa Galaxy A55 Cristal Ultra Fino,Cristal,Transparente,1,26.9,26.9,13.11,13.79,51.3,0.0,0.0,0.0,0.0,0,0,Orgânico,Pix,,Concluída,57,19,SC,Chapecó
MLB2026-003097,2026-08-03,CAP-GS25-COU,Capa Galaxy S25 Ultra Couro Premium,Couro,Marrom,1,69.9,69.9,27.11,39.35,56.3,0.0,0.0,3.44,0.0,0,0,Orgânico,Cartão de débito,,Concluída,42,103,PR,Londrina
MLB2026-003098,2026-08-03,CAP-GS24-SIL,Capa Galaxy S24 Silicone com Anel,Silicone,Azul,1,29.9,29.9,14.13,6.74,22.5,12.9,9.03,0.0,0.0,0,0,Orgânico,Pix,,Concluída,20,52,SP,São Paulo
MLB2026-003099,2026-08-03,CAP-GS24-SIL,Capa Galaxy S24 Silicone com Anel,Silicone,Azul,1,29.9,29.9,11.58,18.32,61.3,0.0,0.0,0.0,0.0,0,0,Orgânico,Cartão de crédito,12,Concluída,20,51,RJ,Rio de Janeiro
MLB2026-003100,2026-08-03,CAP-R11-PLU,Capa realme 11 Pelúcia Fofinha,Pelúcia,Rosa,1,34.9,34.9,15.95,9.92,28.4,12.9,9.03,0.0,0.0,0,0,Orgânico,Pix,,Cancelada,35,26,DF,Brasília
MLB2026-003101,2026-08-03,CAP-R11-PLU,Capa realme 11 Pelúcia Fofinha,Pelúcia,Rosa,1,34.9,34.9,12.27,8.7,24.9,19.9,13.93,0.0,0.0,0,0,Orgânico,Pix,,Cancelada,35,25,MG,Belo Horizonte
MLB2026-003102,2026-08-03,CAP-MG84-TPU,Capa Moto G84 TPU Transparente,TPU,Transparente,1,15.9,15.9,6.29,-1.39,-8.7,12.9,9.03,0.0,1.97,1827,15,Anúncios,Cartão de crédito,3,Concluída,32,80,SP,Campinas
MLB2026-003103,2026-08-03,CAP-GA55-SUP,Capa Galaxy A55 com Suporte e Anel,Com Suporte,Preto,1,35.9,35.9,13.0,7.19,20.0,19.9,13.93,0.0,1.78,1238,26,Anúncios,Pix,,Concluída,10,11,CE,Fortaleza
MLB2026-003104,2026-08-03,CAP-GS24-COU,Capa Galaxy S24 Couro Premium,Couro,Preto,2,64.9,129.8,59.46,70.34,54.2,0.0,0.0,0.0,0.0,0,0,Orgânico,Cartão de crédito,12,Concluída,13,134,MG,Juiz de Fora
MLB2026-003105,2026-08-03,CAP-R12-SUP,Capa realme 12 com Suporte,Com Suporte,Cinza,1,33.9,33.9,16.48,17.42,51.4,0.0,0.0,0.0,0.0,0,0,Orgânico,Pix,,Concluída,25,175,MG,Juiz de Fora
MLB2026-003106,2026-08-04,CAP-IP16-MAG,Capa iPhone 16 Silicone com MagSafe,MagSafe,Azul,1,49.9,49.9,19.69,24.53,49.2,0.0,0.0,3.3,2.38,1260,13,Anúncios,Cartão de crédito,9,Concluída,30,71,SP,São Bernardo do Campo
MLB2026-003107,2026-08-04,CAP-IP13-SIL,Capa iPhone 13 Silicone Colorida,Silicone,Rosa,1,21.9,21.9,10.75,-2.78,-12.7,19.9,13.93,0.0,0.0,0,0,Orgânico,Pix,,Concluída,77,124,PA,Belém
MLB2026-003108,2026-08-04,CAP-GA54-TPU,Capa Galaxy A54 TPU Antirrisco,TPU,Cinza,1,15.9,15.9,6.02,0.85,5.3,12.9,9.03,0.0,0.0,0,0,Orgânico,Pix,,Concluída,11,89,SP,Campinas
MLB2026-003109,2026-08-04,CAP-GA54-TPU,Capa Galaxy A54 TPU Antirrisco,TPU,Cinza,1,15.9,15.9,7.58,-5.61,-35.3,19.9,13.93,0.0,0.0,0,0,Orgânico,Pix,,Concluída,11,88,SP,São Bernardo do Campo
MLB2026-003110,2026-08-04,CAP-MG84-TPU,Capa Moto G84 TPU Transparente,TPU,Transparente,1,15.9,15.9,7.44,-2.37,-14.9,12.9,9.03,0.0,1.8,631,9,Anúncios,Pix,,Cancelada,41,79,RJ,Niterói
MLB2026-003111,2026-08-04,CAP-ME50-COU,Capa Moto Edge 50 Couro Sintético,Couro,Marrom,1,59.9,59.9,28.18,30.57,51.0,0.0,0.0,0.0,1.15,2590,64,Anúncios,Pix,,Concluída,12,1,MG,Uberlândia
MLB2026-003112,2026-08-04,CAP-IP15-PLU,Capa iPhone 15 Pelúcia Colorida,Pelúcia,Rosa,2,39.9,79.8,35.94,31.47,39.4,12.9,9.03,0.0,3.36,2374,31,Anúncios,Cartão de crédito,,Concluída,31,92,MG,Uberlândia
MLB2026-003113,2026-08-04,CAP-IP16-CRI,Capa iPhone 16 Cristal Espelhada,Cristal,Prata,1,37.9,37.9,14.42,11.66,30.8,12.9,9.03,0.0,2.79,2923,62,Anúncios,Pix,,Concluída,49,75,MG,Juiz de Fora
MLB2026-003114,2026-08-04,CAP-R12-CRI,Capa realme 12 Cristal Transparente,Cristal,Transparente,1,24.9,24.9,11.21,4.66,18.7,12.9,9.03,0.0,0.0,0,0,Orgânico,Cartão de crédito,,Concluída,18,0,BA,Salvador
MLB2026-003115,2026-08-04,CAP-IP16-PLU,Capa iPhone 16 Pelúcia Colorida,Pelúcia,Verde,1,41.9,41.9,14.7,13.27,31.7,19.9,13.93,0.0,0.0,0,0,Orgânico,Cartão de crédito,6,Concluída,14,29,SC,Blumenau
MLB2026-003116,2026-08-04,CAP-IP13-MAG,Capa iPhone 13 Silicone MagSafe,MagSafe,Branco,1,44.9,44.9,17.82,27.08,60.3,0.0,0.0,0.0,0.0,0,0,Orgânico,Cartão de crédito,6,Concluída,37,0,PR,Londrina
MLB2026-003117,2026-08-04,CAP-IP15-AGU,Capa iPhone 15 À Prova d'Água,À Prova d'Água,Preto,1,57.9,57.9,25.29,28.34,48.9,0.0,0.0,0.0,4.27,2113,50,Anúncios,Cartão de crédito,9,Concluída,2,67,SP,São Paulo
MLB2026-003118,2026-08-05,CAP-IP15-SIL,Capa de Celular iPhone 15 Silicone Fosca,Silicone,Preto,1,24.9,24.9,11.01,10.97,44.1,0.0,0.0,0.0,2.92,821,17,Anúncios,Cartão de crédito,,Concluída,25,0,PR,Maringá
MLB2026-003119,2026-08-05,CAP-IP15-CRI,Capa iPhone 15 Acrílico Cristal Transparente,Cristal,Transparente,1,29.9,29.9,10.75,19.15,64.0,0.0,0.0,0.0,0.0,0,0,Orgânico,Pix,,Concluída,69,0,SP,Osasco
MLB2026-003120,2026-08-05,CAP-IP15-CRI,Capa iPhone 15 Acrílico Cristal Transparente,Cristal,Transparente,1,29.9,29.9,12.37,16.38,54.8,0.0,0.0,0.0,1.15,2449,12,Anúncios,Pix,,Concluída,69,0,SP,Campinas
MLB2026-003121,2026-08-05,CAP-IP14-COU,Capa iPhone 14 Couro Sintético Premium,Couro,Marrom,1,44.9,44.9,17.03,27.87,62.1,0.0,0.0,0.0,0.0,0,0,Orgânico,Pix,,Concluída,19,35,MG,Belo Horizonte
MLB2026-003122,2026-08-05,CAP-IP13-SIL,Capa iPhone 13 Silicone Colorida,Silicone,Rosa,1,21.9,21.9,8.31,13.59,62.1,0.0,0.0,0.0,0.0,0,0,Orgânico,Boleto,,Cancelada,39,123,PE,Caruaru
MLB2026-003123,2026-08-05,CAP-GA55-CRI,Capa Galaxy A55 Cristal Ultra Fino,Cristal,Transparente,1,26.9,26.9,13.06,-3.16,-11.7,19.9,13.93,3.07,0.0,0,0,Orgânico,Boleto,,Concluída,37,18,RS,Canoas
MLB2026-003124,2026-08-05,CAP-GS24-SIL,Capa Galaxy S24 Silicone com Anel,Silicone,Azul,2,29.9,59.8,26.04,24.73,41.4,12.9,9.03,0.0,0.0,0,0,Orgânico,Pix,,Concluída,54,49,PE,Olinda
MLB2026-003125,2026-08-05,CAP-GA55-SUP,Capa Galaxy A55 com Suporte e Anel,Com Suporte,Preto,1,35.9,35.9,16.72,18.21,50.7,0.0,0.0,0.0,0.97,2073,46,Anúncios,Boleto,,Concluída,8,10,SP,São Bernardo do Campo
MLB2026-003126,2026-08-05,CAP-GS25-SIL,Capa Galaxy S25 Ultra Silicone MagSafe,MagSafe,Preto,1,54.9,54.9,25.07,26.49,48.3,0.0,0.0,0.0,3.34,2358,33,Anúncios,Cartão de débito,,Concluída,17,0,RS,Porto Alegre
MLB2026-003127,2026-08-05,CAP-R12-CRI,Capa realme 12 Cristal Transparente,Cristal,Transparente,1,24.9,24.9,12.28,-4.31,-17.3,19.9,13.93,3.0,0.0,0,0,Orgânico,Pix,,Concluída,20,0,SP,Guarulhos
MLB2026-003128,2026-08-05,CAP-MG84-SUP,Capa Moto G84 com Suporte,Com Suporte,Preto,1,29.9,29.9,12.62,4.12,13.8,12.9,9.03,0.0,4.13,1879,33,Anúncios,Cartão de crédito,12,Concluída,9,130,BA,Vitória da Conquista
MLB2026-003129,2026-08-05,CAP-IP16-PLU,Capa iPhone 16 Pelúcia Colorida,Pelúcia,Verde,1,41.9,41.9,15.68,26.22,62.6,0.0,0.0,0.0,0.0,0,0,Orgânico,Cartão de crédito,,Concluída,5,28,MG,Juiz de Fora
MLB2026-003130,2026-08-05,CAP-GA56-CRI,Capa Galaxy A56 Cristal Espelhada,Cristal,Prata,1,34.9,34.9,16.83,4.14,11.9,19.9,13.93,0.0,0.0,0,0,Orgânico,Cartão de débito,,Concluída,33,53,SP,São Bernardo do Campo
MLB2026-003131,2026-08-05,CAP-GA56-CRI,Capa Galaxy A56 Cristal Espelhada,Cristal,Prata,1,34.9,34.9,17.22,17.68,50.7,0.0,0.0,0.0,0.0,0,0,Orgânico,Pix,,Concluída,33,52,RJ,Duque de Caxias
MLB2026-003132,2026-08-05,CAP-GS24-COU,Capa Galaxy S24 Couro Premium,Couro,Preto,1,64.9,64.9,27.46,37.44,57.7,0.0,0.0,0.0,0.0,0,0,Orgânico,Pix,,Concluída,16,133,PR,Londrina
MLB2026-003133,2026-08-05,CAP-IP13-MAG,Capa iPhone 13 Silicone MagSafe,MagSafe,Branco,1,44.9,44.9,21.16,23.74,52.9,0.0,0.0,0.0,0.0,0,0,Orgânico,Cartão de crédito,,Concluída,18,0,PR,Curitiba
MLB2026-003134,2026-08-05,CAP-IP15-AGU,Capa iPhone 15 À Prova d'Água,À Prova d'Água,Preto,1,57.9,57.9,22.21,32.22,55.6,0.0,0.0,0.0,3.47,1218,11,Anúncios,Pix,,Concluída,5,66,SP,São Paulo
MLB2026-003135,2026-08-05,CAP-IP15-AGU,Capa iPhone 15 À Prova d'Água,À Prova d'Água,Preto,1,57.9,57.9,23.57,34.33,59.3,0.0,0.0,0.0,0.0,0,0,Orgânico,Pix,,Cancelada,5,65,DF,Taguatinga
MLB2026-003136,2026-08-05,CAP-R13C-SIL,Capa Redmi 13C Silicone Azul,Silicone,Azul,1,17.9,17.9,6.29,11.61,64.9,0.0,0.0,0.0,0.0,0,0,Orgânico,Pix,,Concluída,41,0,SP,Campinas
MLB2026-003137,2026-08-06,CAP-IP14-COU,Capa iPhone 14 Couro Sintético Premium,Couro,Marrom,1,44.9,44.9,20.67,23.07,51.4,0.0,0.0,0.0,1.16,1288,22,Anúncios,Cartão de crédito,9,Concluída,58,34,DF,Taguatinga
MLB2026-003138,2026-08-06,CAP-IP13-SIL,Capa iPhone 13 Silicone Colorida,Silicone,Rosa,1,21.9,21.9,10.05,7.5,34.2,0.0,0.0,4.35,0.0,0,0,Orgânico,Pix,,Concluída,48,122,SP,Campinas
MLB2026-003139,2026-08-06,CAP-IP12-TPU,Capa iPhone 12 TPU Transparente,TPU,Transparente,1,16.9,16.9,6.6,10.3,60.9,0.0,0.0,0.0,0.0,0,0,Orgânico,Cartão de crédito,,Cancelada,22,0,SP,Osasco
MLB2026-003140,2026-08-06,CAP-IP11-SIL,Capinha iPhone 11 Silicone Antichoque,Silicone,Preto,1,15.9,15.9,5.92,0.09,0.6,12.9,9.03,0.0,0.86,1198,31,Anúncios,Cartão de crédito,,Concluída,28,0,AM,Parintins
MLB2026-003141,2026-08-06,CAP-IP11-SIL,Capinha iPhone 11 Silicone Antichoque,Silicone,Preto,1,15.9,15.9,6.94,-4.97,-31.3,19.9,13.93,0.0,0.0,0,0,Orgânico,Pix,,Enviada,28,0,RS,Canoas
MLB2026-003142,2026-08-06,CAP-GA55-SIL,Capa Galaxy A55 Silicone Fosca,Silicone,Verde,1,22.9,22.9,8.67,14.23,62.1,0.0,0.0,0.0,0.0,0,0,Orgânico,Cartão de crédito,12,Concluída,59,3,DF,Taguatinga
MLB2026-003143,2026-08-06,CAP-GS24-SIL,Capa Galaxy S24 Silicone com Anel,Silicone,Azul,1,29.9,29.9,14.87,-6.68,-22.3,19.9,13.93,4.93,2.85,1993,21,Anúncios,Pix,,Concluída,19,48,SC,Chapecó
MLB2026-003144,2026-08-06,CAP-GS24-SIL,Capa Galaxy S24 Silicone com Anel,Silicone,Azul,1,29.9,29.9,11.19,18.71,62.6,0.0,0.0,0.0,0.0,0,0,Orgânico,Pix,,Concluída,19,47,MG,Contagem
MLB2026-003145,2026-08-06,CAP-RN14-SIL,Capa Redmi Note 14 Silicone,Silicone,Preto,1,18.9,18.9,6.79,-4.34,-23.0,19.9,13.93,0.0,2.52,1507,14,Anúncios,Pix,,Concluída,37,36,RJ,Duque de Caxias
MLB2026-003146,2026-08-06,CAP-IP15-PLU,Capa iPhone 15 Pelúcia Colorida,Pelúcia,Rosa,1,39.9,39.9,16.9,11.76,29.5,12.9,9.03,0.0,2.21,1722,39,Anúncios,Cartão de crédito,,Cancelada,48,91,RJ,Campos dos Goytacazes
MLB2026-003147,2026-08-06,CAP-GA56-CRI,Capa Galaxy A56 Cristal Espelhada,Cristal,Prata,1,34.9,34.9,16.67,18.23,52.2,0.0,0.0,0.0,0.0,0,0,Orgânico,Cartão de crédito,9,Concluída,7,51,SP,São Bernardo do Campo
MLB2026-003148,2026-08-06,CAP-IP15-AGU,Capa iPhone 15 À Prova d'Água,À Prova d'Água,Preto,1,57.9,57.9,28.58,29.32,50.6,0.0,0.0,0.0,0.0,0,0,Orgânico,Cartão de crédito,6,Concluída,9,64,SC,Blumenau
MLB2026-003149,2026-08-06,CAP-GA54-SIL,Capa Galaxy A54 Silicone Vermelho,Silicone,Vermelho,1,18.9,18.9,8.04,-3.07,-16.2,19.9,13.93,0.0,0.0,0,0,Orgânico,Pix,,Concluída,6,117,MG,Juiz de Fora
MLB2026-003150,2026-08-07,CAP-IP14-COU,Capa iPhone 14 Couro Sintético Premium,Couro,Marrom,1,44.9,44.9,18.82,24.98,55.6,0.0,0.0,1.1,0.0,0,0,Orgânico,Cartão de débito,,Concluída,26,33,SP,Guarulhos
MLB2026-003151,2026-08-07,CAP-IP13-SIL,Capa iPhone 13 Silicone Colorida,Silicone,Rosa,2,21.9,43.8,18.12,23.06,52.6,0.0,0.0,0.0,2.62,749,12,Anúncios,Pix,,Concluída,71,120,RJ,Rio de Janeiro
MLB2026-003152,2026-08-07,CAP-IP13-SIL,Capa iPhone 13 Silicone Colorida,Silicone,Rosa,2,21.9,43.8,17.26,11.76,26.8,19.9,13.93,0.0,0.85,3276,71,Anúncios,Pix,,Concluída,71,118,RS,Pelotas
MLB2026-003153,2026-08-07,CAP-IP12-TPU,Capa iPhone 12 TPU Transparente,TPU,Transparente,1,16.9,16.9,7.84,-3.68,-21.8,12.9,9.03,1.44,2.27,3049,75,Anúncios,Pix,,Concluída,22,0,AM,Parintins
MLB2026-003154,2026-08-07,CAP-IP11-SIL,Capinha iPhone 11 Silicone Antichoque,Silicone,Preto,1,15.9,15.9,7.0,-6.5,-40.9,19.9,13.93,1.47,0.0,0,0,Orgânico,Boleto,,Concluída,22,0,RJ,Duque de Caxias
MLB2026-003155,2026-08-07,CAP-GA56-MAG,Capa Galaxy A56 com MagSafe,MagSafe,Roxo,1,47.9,47.9,21.76,24.19,50.5,0.0,0.0,0.0,1.95,2573,20,Anúncios,Pix,,Concluída,41,22,PR,Maringá
MLB2026-003156,2026-08-07,CAP-GS23-TPU,Capa Galaxy S23 TPU Camuflada,TPU,Camuflado,1,19.9,19.9,7.92,-0.52,-2.6,12.9,9.03,0.0,3.47,316,4,Anúncios,Pix,,Concluída,15,139,SP,Campinas
MLB2026-003157,2026-08-07,CAP-IP15-PLU,Capa iPhone 15 Pelúcia Colorida,Pelúcia,Rosa,1,39.9,39.9,16.76,23.14,58.0,0.0,0.0,0.0,0.0,0,0,Orgânico,Pix,,Concluída,7,90,SP,Campinas
MLB2026-003158,2026-08-07,CAP-IP16-CRI,Capa iPhone 16 Cristal Espelhada,Cristal,Prata,1,37.9,37.9,16.69,4.72,12.5,19.9,13.93,0.0,2.56,1354,33,Anúncios,Cartão de crédito,9,Concluída,12,74,SP,Osasco
MLB2026-003159,2026-08-07,CAP-GA56-CRI,Capa Galaxy A56 Cristal Espelhada,Cristal,Prata,1,34.9,34.9,13.33,7.64,21.9,19.9,13.93,0.0,0.0,0,0,Orgânico,Cartão de crédito,3,Concluída,19,50,SP,Campinas
MLB2026-003160,2026-08-07,CAP-GA56-CRI,Capa Galaxy A56 Cristal Espelhada,Cristal,Prata,2,34.9,69.8,26.32,34.45,49.4,12.9,9.03,0.0,0.0,0,0,Orgânico,Pix,,Concluída,19,48,RJ,Campos dos Goytacazes
MLB2026-003161,2026-08-07,CAP-IP15-AGU,Capa iPhone 15 À Prova d'Água,À Prova d'Água,Preto,1,57.9,57.9,21.91,35.99,62.2,0.0,0.0,0.0,0.0,0,0,Orgânico,Pix,,Concluída,6,63,GO,Anápolis
MLB2026-003162,2026-08-08,CAP-IP15-SIL,Capa de Celular iPhone 15 Silicone Fosca,Silicone,Preto,1,24.9,24.9,9.38,1.59,6.4,19.9,13.93,0.0,0.0,0,0,Orgânico,Pix,,Concluída,82,0,CE,Sobral
MLB2026-003163,2026-08-08,CAP-IP15-SIL,Capa de Celular iPhone 15 Silicone Fosca,Silicone,Preto,1,24.9,24.9,10.72,-3.9,-15.7,19.9,13.93,0.0,4.15,3339,77,Anúncios,Cartão de crédito,,Concluída,82,0,SC,Blumenau
MLB2026-003164,2026-08-08,CAP-IP15-CRI,Capa iPhone 15 Acrílico Cristal Transparente,Cristal,Transparente,1,29.9,29.9,12.5,3.47,11.6,19.9,13.93,0.0,0.0,0,0,Orgânico,Pix,,Enviada,58,0,SC,Chapecó
MLB2026-003165,2026-08-08,CAP-IP13-SIL,Capa iPhone 13 Silicone Colorida,Silicone,Rosa,1,21.9,21.9,9.47,2.38,10.9,12.9,9.03,0.0,1.02,630,6,Anúncios,Pix,,Concluída,31,117,PR,Maringá
MLB2026-003166,2026-08-08,CAP-IP13-SIL,Capa iPhone 13 Silicone Colorida,Silicone,Rosa,1,21.9,21.9,10.41,2.46,11.2,12.9,9.03,0.0,0.0,0,0,Orgânico,Cartão de crédito,12,Concluída,31,116,ES,Vitória
MLB2026-003167,2026-08-08,CAP-GS25-COU,Capa Galaxy S25 Ultra Couro Premium,Couro,Marrom,1,69.9,69.9,24.7,42.62,61.0,0.0,0.0,0.0,2.58,2560,19,Anúncios,Pix,,Cancelada,53,102,PE,Petrolina
MLB2026-003168,2026-08-08,CAP-GS24-SIL,Capa Galaxy S24 Silicone com Anel,Silicone,Azul,1,29.9,29.9,11.21,18.69,62.5,0.0,0.0,0.0,0.0,0,0,Orgânico,Cartão de crédito,,Concluída,21,46,SP,São Paulo
MLB2026-003169,2026-08-08,CAP-GS23-TPU,Capa Galaxy S23 TPU Camuflada,TPU,Camuflado,2,19.9,39.8,18.8,19.08,47.9,0.0,0.0,0.0,1.92,2402,64,Anúncios,Cartão de crédito,12,Concluída,22,137,SP,Osasco
MLB2026-003170,2026-08-08,CAP-RN13-TPU,Capa Redmi Note 13 TPU Cristal,TPU,Transparente,1,14.9,14.9,5.58,9.32,62.6,0.0,0.0,0.0,0.0,0,0,Orgânico,Cartão de crédito,6,Concluída,56,147,SP,Campinas
MLB2026-003171,2026-08-08,CAP-R12-SIL,Capa realme 12 Silicone Fosca,Silicone,Branco,1,20.9,20.9,8.28,0.37,1.8,12.9,9.03,0.0,3.22,3192,73,Anúncios,Cartão de crédito,6,Concluída,23,75,PR,Cascavel
MLB2026-003172,2026-08-08,CAP-MG84-TPU,Capa Moto G84 TPU Transparente,TPU,Transparente,1,15.9,15.9,6.91,-7.8,-49.1,19.9,13.93,0.0,2.86,3396,95,Anúncios,Pix,,Concluída,44,78,MG,Uberlândia
MLB2026-003173,2026-08-08,CAP-MG84-SUP,Capa Moto G84 com Suporte,Com Suporte,Preto,1,29.9,29.9,11.0,17.86,59.7,0.0,0.0,0.0,1.04,2536,37,Anúncios,Cartão de crédito,3,Concluída,9,129,SP,Guarulhos
MLB2026-003174,2026-08-08,CAP-IP16-PLU,Capa iPhone 16 Pelúcia Colorida,Pelúcia,Verde,1,41.9,41.9,19.69,6.27,15.0,19.9,13.93,0.0,2.01,2919,57,Anúncios,Pix,,Concluída,15,27,SP,São Paulo
MLB2026-003175,2026-08-08,CAP-GA54-SIL,Capa Galaxy A54 Silicone Vermelho,Silicone,Vermelho,1,18.9,18.9,9.18,-4.21,-22.3,19.9,13.93,0.0,0.0,0,0,Orgânico,Boleto,,Concluída,19,116,DF,Brasília
MLB2026-003176,2026-08-08,CAP-R13C-SIL,Capa Redmi 13C Silicone Azul,Silicone,Azul,1,17.9,17.9,7.1,1.77,9.9,12.9,9.03,0.0,0.0,0,0,Orgânico,Cartão de crédito,,Concluída,20,0,SP,Campinas
MLB2026-003177,2026-08-09,CAP-IP13-SIL,Capa iPhone 13 Silicone Colorida,Silicone,Rosa,1,21.9,21.9,10.23,2.64,12.1,12.9,9.03,0.0,0.0,0,0,Orgânico,Cartão de crédito,3,Concluída,45,115,CE,Sobral
MLB2026-003178,2026-08-09,CAP-IP11-SIL,Capinha iPhone 11 Silicone Antichoque,Silicone,Preto,1,15.9,15.9,6.45,-4.15,-26.1,12.9,9.03,4.57,0.0,0,0,Orgânico,Pix,,Concluída,29,0,DF,Ceilândia
MLB2026-003179,2026-08-09,CAP-GA55-SIL,Capa Galaxy A55 Silicone Fosca,Silicone,Verde,1,22.9,22.9,9.54,4.33,18.9,12.9,9.03,0.0,0.0,0,0,Orgânico,Cartão de débito,,Concluída,103,2,SP,São Paulo
MLB2026-003180,2026-08-09,CAP-GS25-COU,Capa Galaxy S25 Ultra Couro Premium,Couro,Marrom,1,69.9,69.9,30.45,39.45,56.4,0.0,0.0,0.0,0.0,0,0,Orgânico,Pix,,Concluída,9,101,SP,Osasco
MLB2026-003181,2026-08-09,CAP-GS24-SIL,Capa Galaxy S24 Silicone com Anel,Silicone,Azul,1,29.9,29.9,13.42,2.55,8.5,19.9,13.93,0.0,0.0,0,0,Orgânico,Pix,,Concluída,40,45,PE,Olinda
MLB2026-003182,2026-08-09,CAP-GS23-TPU,Capa Galaxy S23 TPU Camuflada,TPU,Camuflado,1,19.9,19.9,9.07,6.39,32.1,0.0,0.0,0.0,4.44,1201,30,Anúncios,Cartão de crédito,3,Concluída,25,136,SP,São Bernardo do Campo
MLB2026-003183,2026-08-09,CAP-GS23-TPU,Capa Galaxy S23 TPU Camuflada,TPU,Camuflado,1,19.9,19.9,8.02,8.25,41.5,0.0,0.0,0.0,3.63,2151,15,Anúncios,Pix,,Concluída,25,135,AM,Manaus
MLB2026-003184,2026-08-09,CAP-RN14-SIL,Capa Redmi Note 14 Silicone,Silicone,Preto,1,18.9,18.9,8.76,1.11,5.9,12.9,9.03,0.0,0.0,0,0,Orgânico,Pix,,Concluída,58,35,PE,Petrolina
MLB2026-003185,2026-08-09,CAP-RN14-SIL,Capa Redmi Note 14 Silicone,Silicone,Preto,1,18.9,18.9,8.68,-6.12,-32.4,19.9,13.93,0.0,2.41,3277,76,Anúncios,Pix,,Concluída,58,34,MG,Belo Horizonte
MLB2026-003186,2026-08-09,CAP-RN14-SIL,Capa Redmi Note 14 Silicone,Silicone,Preto,1,18.9,18.9,6.86,-1.89,-10.0,19.9,13.93,0.0,0.0,0,0,Orgânico,Cartão de crédito,,Concluída,58,33,SP,São Bernardo do Campo
MLB2026-003187,2026-08-09,CAP-RN13-TPU,Capa Redmi Note 13 TPU Cristal,TPU,Transparente,1,14.9,14.9,7.23,-6.26,-42.0,19.9,13.93,0.0,0.0,0,0,Orgânico,Pix,,Concluída,59,146,RS,Pelotas
MLB2026-003188,2026-08-09,CAP-R12-SIL,Capa realme 12 Silicone Fosca,Silicone,Branco,1,20.9,20.9,8.06,3.81,18.2,12.9,9.03,0.0,0.0,0,0,Orgânico,Pix,,Concluída,37,74,RS,Pelotas
MLB2026-003189,2026-08-09,CAP-R12-SIL,Capa realme 12 Silicone Fosca,Silicone,Branco,1,20.9,20.9,9.69,-2.72,-13.0,19.9,13.93,0.0,0.0,0,0,Orgânico,Pix,,Concluída,37,73,SC,Blumenau
MLB2026-003190,2026-08-09,CAP-GS25-SIL,Capa Galaxy S25 Ultra Silicone MagSafe,MagSafe,Preto,1,54.9,54.9,24.69,27.74,50.5,0.0,0.0,2.47,0.0,0,0,Orgânico,Cartão de crédito,,Concluída,31,0,MG,Uberlândia
MLB2026-003191,2026-08-09,CAP-GS25-SIL,Capa Galaxy S25 Ultra Silicone MagSafe,MagSafe,Preto,1,54.9,54.9,20.66,32.5,59.2,0.0,0.0,0.0,1.74,382,9,Anúncios,Pix,,Concluída,31,0,RJ,Niterói
MLB2026-003192,2026-08-09,CAP-MG84-SUP,Capa Moto G84 com Suporte,Com Suporte,Preto,3,29.9,89.7,33.54,44.51,49.6,12.9,9.03,0.0,2.62,2172,12,Anúncios,Pix,,Concluída,9,126,MG,Juiz de Fora
MLB2026-003193,2026-08-09,CAP-GS24-COU,Capa Galaxy S24 Couro Premium,Couro,Preto,1,64.9,64.9,28.13,36.77,56.7,0.0,0.0,0.0,0.0,0,0,Orgânico,Cartão de crédito,,Concluída,21,132,SP,Campinas
MLB2026-003194,2026-08-09,CAP-GS24-COU,Capa Galaxy S24 Couro Premium,Couro,Preto,1,64.9,64.9,26.61,34.85,53.7,0.0,0.0,0.0,3.44,1143,24,Anúncios,Pix,,Concluída,21,131,RS,Porto Alegre
MLB2026-003195,2026-08-09,CAP-GS24-COU,Capa Galaxy S24 Couro Premium,Couro,Preto,1,64.9,64.9,28.33,36.57,56.3,0.0,0.0,0.0,0.0,0,0,Orgânico,Cartão de crédito,3,Concluída,21,130,RJ,Duque de Caxias
MLB2026-003196,2026-08-09,CAP-IP13-MAG,Capa iPhone 13 Silicone MagSafe,MagSafe,Branco,1,44.9,44.9,20.42,24.48,54.5,0.0,0.0,0.0,0.0,0,0,Orgânico,Pix,,Pendente,28,0,SP,São Bernardo do Campo
MLB2026-003197,2026-08-09,CAP-MG85-TPU,Capa Moto G85 TPU Cinza,TPU,Cinza,1,16.9,16.9,7.71,-2.99,-17.7,12.9,9.03,1.78,1.37,3109,63,Anúncios,Cartão de crédito,6,Concluída,12,0,SP,São Bernardo do Campo
MLB2026-003198,2026-08-09,CAP-R13C-SIL,Capa Redmi 13C Silicone Azul,Silicone,Azul,1,17.9,17.9,7.92,-3.95,-22.1,19.9,13.93,0.0,0.0,0,0,Orgânico,Cartão de crédito,6,Concluída,8,0,PR,Curitiba
MLB2026-003199,2026-08-09,CAP-R13C-SIL,Capa Redmi 13C Silicone Azul,Silicone,Azul,1,17.9,17.9,8.89,-4.49,-25.1,12.9,9.03,0.0,4.47,2279,59,Anúncios,Pix,,Concluída,8,0,RJ,Niterói
MLB2026-003200,2026-08-10,CAP-IP15-SIL,Capa de Celular iPhone 15 Silicone Fosca,Silicone,Preto,1,24.9,24.9,10.04,-4.05,-16.3,19.9,13.93,4.98,0.0,0,0,Orgânico,Pix,,Cancelada,23,0,MG,Juiz de Fora
MLB2026-003201,2026-08-10,CAP-IP16-MAG,Capa iPhone 16 Silicone com MagSafe,MagSafe,Azul,1,49.9,49.9,21.51,28.39,56.9,0.0,0.0,0.0,0.0,0,0,Orgânico,Pix,,Concluída,42,70,RS,Caxias do Sul
MLB2026-003202,2026-08-10,CAP-IP13-SIL,Capa iPhone 13 Silicone Colorida,Silicone,Rosa,1,21.9,21.9,10.56,9.53,43.5,0.0,0.0,0.0,1.81,482,11,Anúncios,Boleto,,Concluída,30,114,MG,Contagem
MLB2026-003203,2026-08-10,CAP-GA55-SIL,Capa Galaxy A55 Silicone Fosca,Silicone,Verde,1,22.9,22.9,8.88,10.63,46.4,0.0,0.0,0.0,3.39,1969,12,Anúncios,Cartão de crédito,,Concluída,23,1,MA,Imperatriz
MLB2026-003204,2026-08-10,CAP-GA55-CRI,Capa Galaxy A55 Cristal Ultra Fino,Cristal,Transparente,1,26.9,26.9,12.89,10.91,40.6,0.0,0.0,0.0,3.1,613,4,Anúncios,Cartão de crédito,,Concluída,44,17,DF,Brasília
MLB2026-003205,2026-08-10,CAP-GA54-TPU,Capa Galaxy A54 TPU Antirrisco,TPU,Cinza,2,15.9,31.8,15.66,1.2,3.8,19.9,13.93,0.0,1.01,2445,67,Anúncios,Cartão de crédito,,Concluída,35,86,PE,Olinda
MLB2026-003206,2026-08-10,CAP-GS23-TPU,Capa Galaxy S23 TPU Camuflada,TPU,Camuflado,1,19.9,19.9,7.17,12.73,64.0,0.0,0.0,0.0,0.0,0,0,Orgânico,Pix,,Cancelada,65,134,PR,Londrina
MLB2026-003207,2026-08-10,CAP-RN14-SIL,Capa Redmi Note 14 Silicone,Silicone,Preto,1,18.9,18.9,8.0,-1.35,-7.1,12.9,9.03,0.0,3.22,942,27,Anúncios,Cartão de crédito,6,Concluída,30,32,MG,Belo Horizonte
MLB2026-003208,2026-08-10,CAP-R11-PLU,Capa realme 11 Pelúcia Fofinha,Pelúcia,Rosa,1,34.9,34.9,16.01,6.59,18.9,12.9,9.03,0.0,3.27,2513,37,Anúncios,Pix,,Concluída,8,24,RJ,Duque de Caxias
MLB2026-003209,2026-08-10,CAP-MG85-SIL,Capa Moto G85 Silicone Azul,Silicone,Azul,1,19.9,19.9,7.8,12.1,60.8,0.0,0.0,0.0,0.0,0,0,Orgânico,Pix,,Concluída,35,126,SP,Osasco
MLB2026-003210,2026-08-10,CAP-ME50-COU,Capa Moto Edge 50 Couro Sintético,Couro,Marrom,1,59.9,59.9,28.12,31.78,53.1,0.0,0.0,0.0,0.0,0,0,Orgânico,Pix,,Concluída,22,0,SP,Campinas
MLB2026-003211,2026-08-10,CAP-GA55-SUP,Capa Galaxy A55 com Suporte e Anel,Com Suporte,Preto,1,35.9,35.9,15.44,17.97,50.1,0.0,0.0,2.49,0.0,0,0,Orgânico,Pix,,Concluída,20,9,CE,Sobral
MLB2026-003212,2026-08-10,CAP-GS25-SIL,Capa Galaxy S25 Ultra Silicone MagSafe,MagSafe,Preto,1,54.9,54.9,20.07,34.83,63.4,0.0,0.0,0.0,0.0,0,0,Orgânico,Pix,,Concluída,28,0,SC,Blumenau
MLB2026-003213,2026-08-10,CAP-R12-CRI,Capa realme 12 Cristal Transparente,Cristal,Transparente,1,24.9,24.9,10.66,5.21,20.9,12.9,9.03,0.0,0.0,0,0,Orgânico,Pix,,Concluída,23,0,SC,Joinville
MLB2026-003214,2026-08-10,CAP-IP16-PLU,Capa iPhone 16 Pelúcia Colorida,Pelúcia,Verde,1,41.9,41.9,18.02,11.43,27.3,12.9,9.03,0.0,3.42,2266,31,Anúncios,Boleto,,Concluída,10,26,SP,São Bernardo do Campo
MLB2026-003215,2026-08-10,CAP-IP13-MAG,Capa iPhone 13 Silicone MagSafe,MagSafe,Branco,1,44.9,44.9,21.67,23.23,51.7,0.0,0.0,0.0,0.0,0,0,Orgânico,Cartão de crédito,,Concluída,58,0,SC,Joinville
MLB2026-003216,2026-08-10,CAP-R13C-SIL,Capa Redmi 13C Silicone Azul,Silicone,Azul,1,17.9,17.9,8.12,9.78,54.6,0.0,0.0,0.0,0.0,0,0,Orgânico,Cartão de crédito,,Concluída,44,0,SP,São Bernardo do Campo
MLB2026-003217,2026-08-11,CAP-IP15-SIL,Capa de Celular iPhone 15 Silicone Fosca,Silicone,Preto,1,24.9,24.9,12.19,12.71,51.0,0.0,0.0,0.0,0.0,0,0,Orgânico,Pix,,Concluída,28,0,MG,Contagem
MLB2026-003218,2026-08-11,CAP-IP13-SIL,Capa iPhone 13 Silicone Colorida,Silicone,Rosa,1,21.9,21.9,10.09,2.78,12.7,12.9,9.03,0.0,0.0,0,0,Orgânico,Cartão de crédito,,Concluída,123,113,BA,Feira de Santana
MLB2026-003219,2026-08-11,CAP-GA56-MAG,Capa Galaxy A56 com MagSafe,MagSafe,Roxo,1,47.9,47.9,22.15,22.75,47.5,0.0,0.0,0.62,2.38,2254,61,Anúncios,Boleto,,Concluída,7,21,SP,Osasco
MLB2026-003220,2026-08-11,CAP-GS23-TPU,Capa Galaxy S23 TPU Camuflada,TPU,Camuflado,1,19.9,19.9,7.2,-1.23,-6.2,19.9,13.93,0.0,0.0,0,0,Orgânico,Cartão de crédito,9,Concluída,33,133,PA,Belém
MLB2026-003221,2026-08-11,CAP-GS23-TPU,Capa Galaxy S23 TPU Camuflada,TPU,Camuflado,1,19.9,19.9,8.24,-4.64,-23.3,19.9,13.93,0.0,2.37,2697,76,Anúncios,Pix,,Concluída,33,132,MG,Contagem
MLB2026-003222,2026-08-11,CAP-RN13-TPU,Capa Redmi Note 13 TPU Cristal,TPU,Transparente,1,14.9,14.9,5.43,8.16,54.8,0.0,0.0,0.0,1.31,1283,5,Anúncios,Boleto,,Concluída,64,145,AM,Parintins
MLB2026-003223,2026-08-11,CAP-R12-SIL,Capa realme 12 Silicone Fosca,Silicone,Branco,1,20.9,20.9,7.36,-0.39,-1.9,19.9,13.93,0.0,0.0,0,0,Orgânico,Pix,,Concluída,36,72,DF,Ceilândia
MLB2026-003224,2026-08-11,CAP-R11-PLU,Capa realme 11 Pelúcia Fofinha,Pelúcia,Rosa,1,34.9,34.9,17.02,7.59,21.7,12.9,9.03,0.0,1.26,2871,21,Anúncios,Cartão de crédito,,Concluída,7,23,SP,Campinas
MLB2026-003225,2026-08-11,CAP-R12-CRI,Capa realme 12 Cristal Transparente,Cristal,Transparente,1,24.9,24.9,12.34,-1.37,-5.5,19.9,13.93,0.0,0.0,0,0,Orgânico,Pix,,Devolvida,33,0,SP,São Bernardo do Campo
MLB2026-003226,2026-08-11,CAP-GA56-CRI,Capa Galaxy A56 Cristal Espelhada,Cristal,Prata,1,34.9,34.9,15.68,7.05,20.2,12.9,9.03,3.14,0.0,0,0,Orgânico,Cartão de crédito,3,Concluída,14,47,SP,Osasco
MLB2026-003227,2026-08-11,CAP-GA56-CRI,Capa Galaxy A56 Cristal Espelhada,Cristal,Prata,1,34.9,34.9,16.21,1.06,3.0,19.9,13.93,0.0,3.7,973,15,Anúncios,Cartão de crédito,6,Concluída,14,46,BA,Salvador
MLB2026-003228,2026-08-11,CAP-GS24-COU,Capa Galaxy S24 Couro Premium,Couro,Preto,1,64.9,64.9,27.5,37.4,57.6,0.0,0.0,0.0,0.0,0,0,Orgânico,Pix,,Cancelada,38,129,BA,Salvador
MLB2026-003229,2026-08-12,CAP-IP15-CRI,Capa iPhone 15 Acrílico Cristal Transparente,Cristal,Transparente,1,29.9,29.9,11.69,5.65,18.9,12.9,9.03,0.0,3.53,749,19,Anúncios,Pix,,Concluída,78,0,BA,Salvador
MLB2026-003230,2026-08-12,CAP-IP16-MAG,Capa iPhone 16 Silicone com MagSafe,MagSafe,Azul,2,49.9,99.8,48.62,50.07,50.2,0.0,0.0,0.0,1.11,2674,40,Anúncios,Pix,,Concluída,35,68,RS,Canoas
MLB2026-003231,2026-08-12,CAP-IP12-TPU,Capa iPhone 12 TPU Transparente,TPU,Transparente,1,16.9,16.9,6.79,1.08,6.4,12.9,9.03,0.0,0.0,0,0,Orgânico,Pix,,Concluída,30,0,MG,Contagem
MLB2026-003232,2026-08-12,CAP-GA55-SIL,Capa Galaxy A55 Silicone Fosca,Silicone,Verde,1,22.9,22.9,10.51,0.42,1.8,12.9,9.03,0.0,2.94,3344,33,Anúncios,Pix,,Concluída,93,0,RJ,Campos dos Goytacazes
MLB2026-003233,2026-08-12,CAP-GA54-TPU,Capa Galaxy A54 TPU Antirrisco,TPU,Cinza,1,15.9,15.9,7.79,-0.92,-5.8,12.9,9.03,0.0,0.0,0,0,Orgânico,Pix,,Concluída,20,85,BA,Vitória da Conquista
MLB2026-003234,2026-08-12,CAP-GA56-MAG,Capa Galaxy A56 com MagSafe,MagSafe,Roxo,1,47.9,47.9,17.64,30.26,63.2,0.0,0.0,0.0,0.0,0,0,Orgânico,Boleto,,Enviada,5,20,SC,Chapecó
MLB2026-003235,2026-08-12,CAP-GA56-MAG,Capa Galaxy A56 com MagSafe,MagSafe,Roxo,1,47.9,47.9,23.41,21.82,45.6,0.0,0.0,0.0,2.67,1215,23,Anúncios,Boleto,,Concluída,5,19,PE,Petrolina
MLB2026-003236,2026-08-12,CAP-GS25-COU,Capa Galaxy S25 Ultra Couro Premium,Couro,Marrom,3,69.9,209.7,92.22,117.48,56.0,0.0,0.0,0.0,0.0,0,0,Orgânico,Pix,,Concluída,38,98,RS,Canoas
MLB2026-003237,2026-08-12,CAP-GS25-COU,Capa Galaxy S25 Ultra Couro Premium,Couro,Marrom,1,69.9,69.9,24.89,40.58,58.1,0.0,0.0,0.0,4.43,1145,7,Anúncios,Pix,,Concluída,38,97,SP,Osasco
MLB2026-003238,2026-08-12,CAP-RN14-SIL,Capa Redmi Note 14 Silicone,Silicone,Preto,1,18.9,18.9,9.43,-8.65,-45.8,19.9,13.93,0.0,4.19,2976,32,Anúncios,Cartão de débito,,Enviada,23,31,MG,Belo Horizonte
MLB2026-003239,2026-08-12,CAP-RN13-TPU,Capa Redmi Note 13 TPU Cristal,TPU,Transparente,1,14.9,14.9,5.51,0.36,2.4,12.9,9.03,0.0,0.0,0,0,Orgânico,Cartão de crédito,12,Concluída,59,144,SP,Osasco
MLB2026-003240,2026-08-12,CAP-GA55-SUP,Capa Galaxy A55 com Suporte e Anel,Com Suporte,Preto,1,35.9,35.9,15.45,10.05,28.0,12.9,9.03,0.0,1.37,605,5,Anúncios,Pix,,Concluída,4,8,PR,Cascavel
MLB2026-003241,2026-08-12,CAP-GA55-SUP,Capa Galaxy A55 com Suporte e Anel,Com Suporte,Preto,1,35.9,35.9,13.12,7.88,21.9,19.9,13.93,0.0,0.97,3052,55,Anúncios,Pix,,Concluída,4,7,RS,Pelotas
MLB2026-003242,2026-08-12,CAP-MG84-SUP,Capa Moto G84 com Suporte,Com Suporte,Preto,1,29.9,29.9,11.06,9.81,32.8,12.9,9.03,0.0,0.0,0,0,Orgânico,Cartão de crédito,,Concluída,5,125,PR,Cascavel
MLB2026-003243,2026-08-12,CAP-IP13-MAG,Capa iPhone 13 Silicone MagSafe,MagSafe,Branco,1,44.9,44.9,16.98,27.92,62.2,0.0,0.0,0.0,0.0,0,0,Orgânico,Cartão de débito,,Cancelada,13,0,BA,Salvador
MLB2026-003244,2026-08-12,CAP-MG85-TPU,Capa Moto G85 TPU Cinza,TPU,Cinza,1,16.9,16.9,8.2,2.68,15.9,0.0,0.0,2.1,3.92,1804,51,Anúncios,Pix,,Concluída,23,0,SP,Osasco
MLB2026-003245,2026-08-12,CAP-R13C-SIL,Capa Redmi 13C Silicone Azul,Silicone,Azul,1,17.9,17.9,6.63,1.74,9.7,12.9,9.03,0.5,0.0,0,0,Orgânico,Pix,,Concluída,48,0,RJ,Duque de Caxias
MLB2026-003246,2026-08-13,CAP-IP15-SIL,Capa de Celular iPhone 15 Silicone Fosca,Silicone,Preto,1,24.9,24.9,9.8,6.07,24.4,12.9,9.03,0.0,0.0,0,0,Orgânico,Pix,,Concluída,51,0,SP,Guarulhos
MLB2026-003247,2026-08-13,CAP-IP15-SIL,Capa de Celular iPhone 15 Silicone Fosca,Silicone,Preto,1,24.9,24.9,8.86,2.11,8.5,19.9,13.93,0.0,0.0,0,0,Orgânico,Boleto,,Concluída,51,0,ES,Serra
MLB2026-003248,2026-08-13,CAP-IP15-SIL,Capa de Celular iPhone 15 Silicone Fosca,Silicone,Preto,1,24.9,24.9,10.98,0.96,3.9,12.9,9.03,0.0,3.93,2018,36,Anúncios,Pix,,Concluída,51,0,ES,Vila Velha
MLB2026-003249,2026-08-13,CAP-IP13-SIL,Capa iPhone 13 Silicone Colorida,Silicone,Rosa,1,21.9,21.9,8.25,-0.28,-1.3,19.9,13.93,0.0,0.0,0,0,Orgânico,Boleto,,Concluída,25,112,DF,Ceilândia
MLB2026-003250,2026-08-13,CAP-IP13-SIL,Capa iPhone 13 Silicone Colorida,Silicone,Rosa,1,21.9,21.9,8.03,13.87,63.3,0.0,0.0,0.0,0.0,0,0,Orgânico,Cartão de débito,,Concluída,25,111,DF,Brasília
MLB2026-003251,2026-08-13,CAP-IP11-SIL,Capinha iPhone 11 Silicone Antichoque,Silicone,Preto,1,15.9,15.9,6.25,5.66,35.6,0.0,0.0,0.0,3.99,2068,34,Anúncios,Cartão de crédito,9,Concluída,76,0,SC,Chapecó
MLB2026-003252,2026-08-13,CAP-GA55-CRI,Capa Galaxy A55 Cristal Ultra Fino,Cristal,Transparente,3,26.9,80.7,39.84,24.57,30.4,19.9,13.93,0.0,2.36,3032,50,Anúncios,Pix,,Concluída,48,14,BA,Salvador
MLB2026-003253,2026-08-13,CAP-GA55-CRI,Capa Galaxy A55 Cristal Ultra Fino,Cristal,Transparente,2,26.9,53.8,26.56,27.24,50.6,0.0,0.0,0.0,0.0,0,0,Orgânico,Cartão de crédito,,Concluída,48,12,SP,Osasco
MLB2026-003254,2026-08-13,CAP-GA54-TPU,Capa Galaxy A54 TPU Antirrisco,TPU,Cinza,1,15.9,15.9,6.29,7.86,49.4,0.0,0.0,0.0,1.75,3120,21,Anúncios,Cartão de crédito,12,Concluída,22,84,CE,Sobral
MLB2026-003255,2026-08-13,CAP-GA54-TPU,Capa Galaxy A54 TPU Antirrisco,TPU,Cinza,1,15.9,15.9,6.19,-1.47,-9.2,12.9,9.03,0.0,2.15,1918,18,Anúncios,Pix,,Cancelada,22,83,SP,São Paulo
MLB2026-003256,2026-08-13,CAP-GA54-TPU,Capa Galaxy A54 TPU Antirrisco,TPU,Cinza,1,15.9,15.9,6.52,-4.55,-28.6,19.9,13.93,0.0,0.0,0,0,Orgânico,Pix,,Concluída,22,82,PE,Olinda
MLB2026-003257,2026-08-13,CAP-GS24-SIL,Capa Galaxy S24 Silicone com Anel,Silicone,Azul,1,29.9,29.9,13.09,-0.68,-2.3,19.9,13.93,0.0,3.56,2611,42,Anúncios,Pix,,Concluída,96,44,DF,Taguatinga
MLB2026-003258,2026-08-13,CAP-GS24-SIL,Capa Galaxy S24 Silicone com Anel,Silicone,Azul,1,29.9,29.9,14.08,1.06,3.5,19.9,13.93,0.0,0.83,1381,7,Anúncios,Pix,,Concluída,96,43,RJ,Niterói
MLB2026-003259,2026-08-13,CAP-RN14-SIL,Capa Redmi Note 14 Silicone,Silicone,Preto,1,18.9,18.9,8.77,10.13,53.6,0.0,0.0,0.0,0.0,0,0,Orgânico,Pix,,Concluída,13,30,SP,Osasco
MLB2026-003260,2026-08-13,CAP-RN13-TPU,Capa Redmi Note 13 TPU Cristal,TPU,Transparente,1,14.9,14.9,5.65,0.22,1.5,12.9,9.03,0.0,0.0,0,0,Orgânico,Cartão de crédito,9,Concluída,36,143,SP,Osasco
MLB2026-003261,2026-08-13,CAP-RN13-TPU,Capa Redmi Note 13 TPU Cristal,TPU,Transparente,1,14.9,14.9,6.89,-5.92,-39.7,19.9,13.93,0.0,0.0,0,0,Orgânico,Pix,,Concluída,36,142,SP,São Paulo
MLB2026-003262,2026-08-13,CAP-RN13-SUP,Capa Redmi Note 13 com Suporte,Com Suporte,Preto,1,32.9,32.9,14.31,6.98,21.2,12.9,9.03,0.0,2.58,2520,50,Anúncios,Pix,,Concluída,7,137,DF,Ceilândia
MLB2026-003263,2026-08-13,CAP-R11-PLU,Capa realme 11 Pelúcia Fofinha,Pelúcia,Rosa,1,34.9,34.9,14.92,4.58,13.1,19.9,13.93,0.0,1.47,2982,83,Anúncios,Cartão de crédito,9,Concluída,41,22,GO,Goiânia
MLB2026-003264,2026-08-13,CAP-R11-PLU,Capa realme 11 Pelúcia Fofinha,Pelúcia,Rosa,1,34.9,34.9,12.56,8.41,24.1,19.9,13.93,0.0,0.0,0,0,Orgânico,Cartão de crédito,,Concluída,41,21,PR,Cascavel
MLB2026-003265,2026-08-13,CAP-R11-PLU,Capa realme 11 Pelúcia Fofinha,Pelúcia,Rosa,1,34.9,34.9,13.41,9.2,26.4,12.9,9.03,3.26,0.0,0,0,Orgânico,Pix,,Concluída,41,20,RS,Canoas
MLB2026-003266,2026-08-13,CAP-MG84-TPU,Capa Moto G84 TPU Transparente,TPU,Transparente,1,15.9,15.9,6.24,9.66,60.8,0.0,0.0,0.0,0.0,0,0,Orgânico,Cartão de débito,,Concluída,67,77,AM,Manaus
MLB2026-003267,2026-08-13,CAP-RN14-AGU,Capa Redmi Note 14 À Prova d'Água,À Prova d'Água,Azul,1,54.9,54.9,22.42,31.22,56.9,0.0,0.0,0.0,1.26,3186,80,Anúncios,Cartão de crédito,3,Concluída,3,20,SP,São Bernardo do Campo
MLB2026-003268,2026-08-13,CAP-R12-CRI,Capa realme 12 Cristal Transparente,Cristal,Transparente,1,24.9,24.9,11.69,0.97,3.9,12.9,9.03,3.21,0.0,0,0,Orgânico,Boleto,,Concluída,39,0,RS,Canoas
MLB2026-003269,2026-08-13,CAP-MG84-SUP,Capa Moto G84 com Suporte,Com Suporte,Preto,1,29.9,29.9,14.26,6.61,22.1,12.9,9.03,0.0,0.0,0,0,Orgânico,Cartão de crédito,3,Concluída,13,124,SC,Florianópolis
MLB2026-003270,2026-08-13,CAP-GS24-COU,Capa Galaxy S24 Couro Premium,Couro,Preto,1,64.9,64.9,30.25,32.55,50.2,0.0,0.0,0.0,2.1,738,11,Anúncios,Pix,,Concluída,32,128,SP,Guarulhos
MLB2026-003271,2026-08-13,CAP-IP13-MAG,Capa iPhone 13 Silicone MagSafe,MagSafe,Branco,1,44.9,44.9,16.46,25.67,57.2,0.0,0.0,0.0,2.77,1959,10,Anúncios,Boleto,,Concluída,40,0,SP,Osasco
MLB2026-003272,2026-08-13,CAP-IP13-MAG,Capa iPhone 13 Silicone MagSafe,MagSafe,Branco,1,44.9,44.9,16.42,28.48,63.4,0.0,0.0,0.0,0.0,0,0,Orgânico,Cartão de crédito,6,Concluída,40,0,MA,Imperatriz
MLB2026-003273,2026-08-13,CAP-IP15-AGU,Capa iPhone 15 À Prova d'Água,À Prova d'Água,Preto,2,57.9,115.8,46.3,65.54,56.6,0.0,0.0,0.0,3.96,2288,20,Anúncios,Boleto,,Concluída,26,61,AM,Parintins
MLB2026-003274,2026-08-13,CAP-GA54-SIL,Capa Galaxy A54 Silicone Vermelho,Silicone,Vermelho,1,18.9,18.9,9.1,-4.13,-21.9,19.9,13.93,0.0,0.0,0,0,Orgânico,Cartão de crédito,12,Concluída,49,115,CE,Fortaleza
MLB2026-003275,2026-08-13,CAP-GA54-SIL,Capa Galaxy A54 Silicone Vermelho,Silicone,Vermelho,1,18.9,18.9,8.09,-3.12,-16.5,19.9,13.93,0.0,0.0,0,0,Orgânico,Pix,,Concluída,49,114,SP,Guarulhos
MLB2026-003276,2026-08-13,CAP-R13C-SIL,Capa Redmi 13C Silicone Azul,Silicone,Azul,1,17.9,17.9,7.43,-3.46,-19.3,19.9,13.93,0.0,0.0,0,0,Orgânico,Pix,,Cancelada,27,0,MG,Belo Horizonte
MLB2026-003277,2026-08-14,CAP-IP15-CRI,Capa iPhone 15 Acrílico Cristal Transparente,Cristal,Transparente,1,29.9,29.9,11.52,6.31,21.1,12.9,9.03,0.0,3.04,1548,45,Anúncios,Pix,,Concluída,62,0,SP,Guarulhos
MLB2026-003278,2026-08-14,CAP-IP16-MAG,Capa iPhone 16 Silicone com MagSafe,MagSafe,Azul,1,49.9,49.9,20.7,29.2,58.5,0.0,0.0,0.0,0.0,0,0,Orgânico,Boleto,,Concluída,48,67,CE,Juazeiro do Norte
MLB2026-003279,2026-08-14,CAP-IP14-COU,Capa iPhone 14 Couro Sintético Premium,Couro,Marrom,1,44.9,44.9,18.51,26.39,58.8,0.0,0.0,0.0,0.0,0,0,Orgânico,Cartão de débito,,Concluída,151,32,SC,Blumenau
MLB2026-003280,2026-08-14,CAP-GA55-SIL,Capa Galaxy A55 Silicone Fosca,Silicone,Verde,1,22.9,22.9,8.3,5.57,24.3,12.9,9.03,0.0,0.0,0,0,Orgânico,Pix,,Concluída,73,0,SP,São Bernardo do Campo
MLB2026-003281,2026-08-14,CAP-GA55-SIL,Capa Galaxy A55 Silicone Fosca,Silicone,Verde,1,22.9,22.9,8.16,13.64,59.6,0.0,0.0,0.0,1.1,1936,34,Anúncios,Boleto,,Concluída,73,0,PE,Caruaru
MLB2026-003282,2026-08-14,CAP-GA55-CRI,Capa Galaxy A55 Cristal Ultra Fino,Cristal,Transparente,1,26.9,26.9,12.06,14.84,55.2,0.0,0.0,0.0,0.0,0,0,Orgânico,Pix,,Concluída,56,11,SP,São Paulo
MLB2026-003283,2026-08-14,CAP-GA55-CRI,Capa Galaxy A55 Cristal Ultra Fino,Cristal,Transparente,1,26.9,26.9,13.2,13.7,50.9,0.0,0.0,0.0,0.0,0,0,Orgânico,Cartão de crédito,,Concluída,56,10,RS,Canoas
MLB2026-003284,2026-08-14,CAP-GS24-SIL,Capa Galaxy S24 Silicone com Anel,Silicone,Azul,1,29.9,29.9,14.44,13.92,46.6,0.0,0.0,0.0,1.54,2439,69,Anúncios,Pix,,Concluída,13,42,PA,Ananindeua
MLB2026-003285,2026-08-14,CAP-R11-PLU,Capa realme 11 Pelúcia Fofinha,Pelúcia,Rosa,2,34.9,69.8,30.12,36.26,51.9,0.0,0.0,0.0,3.42,2057,44,Anúncios,Cartão de débito,,Cancelada,56,18,PR,Londrina
MLB2026-003286,2026-08-14,CAP-R12-CRI,Capa realme 12 Cristal Transparente,Cristal,Transparente,1,24.9,24.9,12.4,3.47,13.9,12.9,9.03,0.0,0.0,0,0,Orgânico,Cartão de crédito,,Devolvida,20,0,SP,Campinas
MLB2026-003287,2026-08-14,CAP-GA56-CRI,Capa Galaxy A56 Cristal Espelhada,Cristal,Prata,1,34.9,34.9,17.32,8.55,24.5,12.9,9.03,0.0,0.0,0,0,Orgânico,Boleto,,Concluída,41,45,SP,Osasco
MLB2026-003288,2026-08-14,CAP-RN14-PLU,Capa Redmi Note 14 Pelúcia,Pelúcia,Rosa,1,32.9,32.9,14.49,17.71,53.8,0.0,0.0,0.7,0.0,0,0,Orgânico,Pix,,Concluída,22,0,PR,Curitiba
MLB2026-003289,2026-08-14,CAP-MG85-TPU,Capa Moto G85 TPU Cinza,TPU,Cinza,1,16.9,16.9,7.01,9.89,58.5,0.0,0.0,0.0,0.0,0,0,Orgânico,Cartão de crédito,12,Concluída,25,0,SP,São Bernardo do Campo
MLB2026-003290,2026-08-14,CAP-R13C-SIL,Capa Redmi 13C Silicone Azul,Silicone,Azul,1,17.9,17.9,7.46,1.41,7.9,12.9,9.03,0.0,0.0,0,0,Orgânico,Cartão de crédito,6,Concluída,21,0,BA,Feira de Santana
MLB2026-003291,2026-08-15,CAP-IP15-SIL,Capa de Celular iPhone 15 Silicone Fosca,Silicone,Preto,1,24.9,24.9,10.87,1.52,6.1,12.9,9.03,0.0,3.48,635,3,Anúncios,Pix,,Concluída,69,0,ES,Vila Velha
MLB2026-003292,2026-08-15,CAP-IP15-CRI,Capa iPhone 15 Acrílico Cristal Transparente,Cristal,Transparente,1,29.9,29.9,11.77,18.13,60.6,0.0,0.0,0.0,0.0,0,0,Orgânico,Pix,,Concluída,53,0,PR,Curitiba
MLB2026-003293,2026-08-15,CAP-IP14-COU,Capa iPhone 14 Couro Sintético Premium,Couro,Marrom,1,44.9,44.9,19.11,22.86,50.9,0.0,0.0,0.0,2.93,1668,32,Anúncios,Pix,,Concluída,36,31,BA,Vitória da Conquista
MLB2026-003294,2026-08-15,CAP-IP14-COU,Capa iPhone 14 Couro Sintético Premium,Couro,Marrom,1,44.9,44.9,16.58,28.32,63.1,0.0,0.0,0.0,0.0,0,0,Orgânico,Cartão de crédito,,Concluída,36,30,RJ,Campos dos Goytacazes
MLB2026-003295,2026-08-15,CAP-IP12-TPU,Capa iPhone 12 TPU Transparente,TPU,Transparente,1,16.9,16.9,8.32,-4.43,-26.2,12.9,9.03,0.0,3.98,1883,30,Anúncios,Cartão de crédito,9,Concluída,35,0,BA,Feira de Santana
MLB2026-003296,2026-08-15,CAP-IP12-TPU,Capa iPhone 12 TPU Transparente,TPU,Transparente,1,16.9,16.9,7.74,-1.0,-5.9,12.9,9.03,0.0,1.13,382,3,Anúncios,Pix,,Concluída,35,0,MG,Belo Horizonte
MLB2026-003297,2026-08-15,CAP-IP12-TPU,Capa iPhone 12 TPU Transparente,TPU,Transparente,1,16.9,16.9,7.98,5.97,35.3,0.0,0.0,0.0,2.95,553,11,Anúncios,Pix,,Concluída,35,0,SP,Guarulhos
MLB2026-003298,2026-08-15,CAP-IP11-SIL,Capinha iPhone 11 Silicone Antichoque,Silicone,Preto,1,15.9,15.9,7.91,6.24,39.2,0.0,0.0,0.0,1.75,689,8,Anúncios,Cartão de crédito,12,Cancelada,81,0,MG,Belo Horizonte
MLB2026-003299,2026-08-15,CAP-IP11-SIL,Capinha iPhone 11 Silicone Antichoque,Silicone,Preto,1,15.9,15.9,7.61,-5.64,-35.5,19.9,13.93,0.0,0.0,0,0,Orgânico,Pix,,Concluída,81,0,SC,Joinville
MLB2026-003300,2026-08-15,CAP-GA55-SIL,Capa Galaxy A55 Silicone Fosca,Silicone,Verde,1,22.9,22.9,10.7,3.17,13.8,12.9,9.03,0.0,0.0,0,0,Orgânico,Pix,,Concluída,13,0,RS,Porto Alegre
MLB2026-003301,2026-08-15,CAP-GA55-CRI,Capa Galaxy A55 Cristal Ultra Fino,Cristal,Transparente,1,26.9,26.9,9.56,3.41,12.7,19.9,13.93,0.0,0.0,0,0,Orgânico,Boleto,,Concluída,14,9,SP,São Paulo
MLB2026-003302,2026-08-15,CAP-GA54-TPU,Capa Galaxy A54 TPU Antirrisco,TPU,Cinza,1,15.9,15.9,6.4,5.12,32.2,0.0,0.0,0.0,4.38,1312,11,Anúncios,Cartão de crédito,9,Concluída,11,81,SP,São Paulo
MLB2026-003303,2026-08-15,CAP-GA56-MAG,Capa Galaxy A56 com MagSafe,MagSafe,Roxo,1,47.9,47.9,21.04,22.54,47.1,0.0,0.0,3.36,0.96,1347,37,Anúncios,Pix,,Concluída,12,18,PE,Caruaru
MLB2026-003304,2026-08-15,CAP-GA56-MAG,Capa Galaxy A56 com MagSafe,MagSafe,Roxo,1,47.9,47.9,17.2,27.23,56.8,0.0,0.0,0.0,3.47,3348,90,Anúncios,Cartão de débito,,Concluída,12,17,MG,Juiz de Fora
MLB2026-003305,2026-08-15,CAP-GA56-MAG,Capa Galaxy A56 com MagSafe,MagSafe,Roxo,1,47.9,47.9,22.48,25.42,53.1,0.0,0.0,0.0,0.0,0,0,Orgânico,Cartão de crédito,,Cancelada,12,16,SP,Osasco
MLB2026-003306,2026-08-15,CAP-GS25-COU,Capa Galaxy S25 Ultra Couro Premium,Couro,Marrom,1,69.9,69.9,28.82,41.08,58.8,0.0,0.0,0.0,0.0,0,0,Orgânico,Pix,,Pendente,28,96,AM,Manaus
MLB2026-003307,2026-08-15,CAP-RN14-SIL,Capa Redmi Note 14 Silicone,Silicone,Preto,1,18.9,18.9,8.97,9.93,52.5,0.0,0.0,0.0,0.0,0,0,Orgânico,Pix,,Concluída,14,29,SP,São Bernardo do Campo
MLB2026-003308,2026-08-15,CAP-R12-SIL,Capa realme 12 Silicone Fosca,Silicone,Branco,1,20.9,20.9,10.11,0.62,3.0,12.9,9.03,0.0,1.14,742,19,Anúncios,Pix,,Concluída,10,71,SP,Campinas
MLB2026-003309,2026-08-15,CAP-R11-PLU,Capa realme 11 Pelúcia Fofinha,Pelúcia,Rosa,1,34.9,34.9,12.53,6.75,19.3,19.9,13.93,0.0,1.69,509,13,Anúncios,Boleto,,Concluída,14,17,SP,Osasco
MLB2026-003310,2026-08-15,CAP-IP15-PLU,Capa iPhone 15 Pelúcia Colorida,Pelúcia,Rosa,1,39.9,39.9,17.76,13.11,32.9,12.9,9.03,0.0,0.0,0,0,Orgânico,Cartão de crédito,3,Concluída,17,89,SP,São Bernardo do Campo
MLB2026-003311,2026-08-15,CAP-GA55-SUP,Capa Galaxy A55 com Suporte e Anel,Com Suporte,Preto,1,35.9,35.9,17.19,9.68,27.0,12.9,9.03,0.0,0.0,0,0,Orgânico,Boleto,,Concluída,18,6,SP,Guarulhos
MLB2026-003312,2026-08-15,CAP-IP16-CRI,Capa iPhone 16 Cristal Espelhada,Cristal,Prata,2,37.9,75.8,36.4,37.63,49.6,0.0,0.0,1.77,0.0,0,0,Orgânico,Pix,,Concluída,29,72,PA,Belém
MLB2026-003313,2026-08-15,CAP-R12-CRI,Capa realme 12 Cristal Transparente,Cristal,Transparente,1,24.9,24.9,10.99,13.91,55.9,0.0,0.0,0.0,0.0,0,0,Orgânico,Cartão de crédito,,Concluída,8,0,CE,Sobral
MLB2026-003314,2026-08-15,CAP-R12-CRI,Capa realme 12 Cristal Transparente,Cristal,Transparente,1,24.9,24.9,11.82,-0.85,-3.4,19.9,13.93,0.0,0.0,0,0,Orgânico,Pix,,Cancelada,8,0,PE,Recife
MLB2026-003315,2026-08-15,CAP-IP16-PLU,Capa iPhone 16 Pelúcia Colorida,Pelúcia,Verde,1,41.9,41.9,19.82,13.05,31.1,12.9,9.03,0.0,0.0,0,0,Orgânico,Boleto,,Enviada,5,25,SP,Osasco
MLB2026-003316,2026-08-15,CAP-IP16-PLU,Capa iPhone 16 Pelúcia Colorida,Pelúcia,Verde,3,41.9,125.7,57.15,68.55,54.5,0.0,0.0,0.0,0.0,0,0,Orgânico,Boleto,,Concluída,5,22,SP,Osasco
MLB2026-003317,2026-08-15,CAP-IP13-MAG,Capa iPhone 13 Silicone MagSafe,MagSafe,Branco,1,44.9,44.9,19.24,21.31,47.5,0.0,0.0,0.0,4.35,2661,56,Anúncios,Cartão de crédito,9,Concluída,5,0,SP,Guarulhos
MLB2026-003318,2026-08-15,CAP-GA54-SIL,Capa Galaxy A54 Silicone Vermelho,Silicone,Vermelho,1,18.9,18.9,8.09,0.03,0.2,12.9,9.03,0.0,1.75,1802,9,Anúncios,Cartão de crédito,12,Concluída,58,113,SC,Blumenau
MLB2026-003319,2026-08-16,CAP-IP16-MAG,Capa iPhone 16 Silicone com MagSafe,MagSafe,Azul,1,49.9,49.9,21.95,23.49,47.1,0.0,0.0,0.0,4.46,525,8,Anúncios,Boleto,,Concluída,29,66,RJ,Campos dos Goytacazes
MLB2026-003320,2026-08-16,CAP-IP14-COU,Capa iPhone 14 Couro Sintético Premium,Couro,Marrom,1,44.9,44.9,21.95,19.41,43.2,0.0,0.0,0.0,3.54,1847,45,Anúncios,Cartão de crédito,,Concluída,72,29,MG,Uberlândia
MLB2026-003321,2026-08-16,CAP-IP13-SIL,Capa iPhone 13 Silicone Colorida,Silicone,Rosa,1,21.9,21.9,8.27,4.05,18.5,12.9,9.03,0.55,0.0,0,0,Orgânico,Pix,,Pendente,22,110,BA,Salvador
MLB2026-003322,2026-08-16,CAP-IP12-TPU,Capa iPhone 12 TPU Transparente,TPU,Transparente,1,16.9,16.9,5.92,0.34,2.0,12.9,9.03,0.0,1.61,2928,81,Anúncios,Cartão de crédito,12,Cancelada,74,0,PE,Caruaru
MLB2026-003323,2026-08-16,CAP-IP11-SIL,Capinha iPhone 11 Silicone Antichoque,Silicone,Preto,1,15.9,15.9,7.7,-10.17,-64.0,19.9,13.93,4.44,0.0,0,0,Orgânico,Cartão de crédito,3,Concluída,41,0,SP,São Paulo
MLB2026-003324,2026-08-16,CAP-GA55-CRI,Capa Galaxy A55 Cristal Ultra Fino,Cristal,Transparente,1,26.9,26.9,9.78,4.18,15.5,12.9,9.03,0.0,3.91,1330,37,Anúncios,Pix,,Concluída,70,8,SP,Osasco
MLB2026-003325,2026-08-16,CAP-GA55-CRI,Capa Galaxy A55 Cristal Ultra Fino,Cristal,Transparente,1,26.9,26.9,12.7,14.2,52.8,0.0,0.0,0.0,0.0,0,0,Orgânico,Pix,,Pendente,70,7,RS,Porto Alegre
MLB2026-003326,2026-08-16,CAP-GA54-TPU,Capa Galaxy A54 TPU Antirrisco,TPU,Cinza,1,15.9,15.9,7.68,-5.71,-35.9,19.9,13.93,0.0,0.0,0,0,Orgânico,Cartão de crédito,6,Pendente,37,80,SC,Chapecó
MLB2026-003327,2026-08-16,CAP-GS25-COU,Capa Galaxy S25 Ultra Couro Premium,Couro,Marrom,1,69.9,69.9,32.69,37.21,53.2,0.0,0.0,0.0,0.0,0,0,Orgânico,Pix,,Concluída,12,95,MG,Belo Horizonte
MLB2026-003328,2026-08-16,CAP-MG85-SIL,Capa Moto G85 Silicone Azul,Silicone,Azul,2,19.9,39.8,18.66,21.14,53.1,0.0,0.0,0.0,0.0,0,0,Orgânico,Pix,,Concluída,23,124,RJ,Rio de Janeiro
MLB2026-003329,2026-08-16,CAP-IP12-PLU,Capinha iPhone 12 Pelúcia,Pelúcia,Amarelo,1,33.9,33.9,14.7,3.89,11.5,19.9,13.93,0.0,1.38,385,7,Anúncios,Pix,,Concluída,14,199,SP,Osasco
MLB2026-003330,2026-08-16,CAP-IP12-PLU,Capinha iPhone 12 Pelúcia,Pelúcia,Amarelo,1,33.9,33.9,13.33,8.68,25.6,12.9,9.03,2.86,0.0,0,0,Orgânico,Pix,,Concluída,14,198,PR,Curitiba
MLB2026-003331,2026-08-16,CAP-IP12-PLU,Capinha iPhone 12 Pelúcia,Pelúcia,Amarelo,1,33.9,33.9,12.15,12.53,37.0,12.9,9.03,0.19,0.0,0,0,Orgânico,Cartão de crédito,,Concluída,14,197,RJ,Duque de Caxias
MLB2026-003332,2026-08-16,CAP-IP16-PLU,Capa iPhone 16 Pelúcia Colorida,Pelúcia,Verde,1,41.9,41.9,20.21,5.67,13.5,19.9,13.93,0.0,2.09,1565,24,Anúncios,Cartão de crédito,12,Concluída,7,21,DF,Ceilândia
MLB2026-003333,2026-08-16,CAP-IP13-MAG,Capa iPhone 13 Silicone MagSafe,MagSafe,Branco,1,44.9,44.9,16.98,24.85,55.3,0.0,0.0,3.07,0.0,0,0,Orgânico,Cartão de crédito,,Concluída,18,0,CE,Fortaleza
MLB2026-003334,2026-08-16,CAP-R13C-SIL,Capa Redmi 13C Silicone Azul,Silicone,Azul,1,17.9,17.9,7.76,-1.89,-10.6,12.9,9.03,0.0,3.0,544,15,Anúncios,Pix,,Concluída,24,0,SP,São Paulo
MLB2026-003335,2026-08-16,CAP-R13C-SIL,Capa Redmi 13C Silicone Azul,Silicone,Azul,1,17.9,17.9,7.09,1.78,9.9,12.9,9.03,0.0,0.0,0,0,Orgânico,Pix,,Concluída,24,0,PA,Belém
MLB2026-003336,2026-08-16,CAP-R13C-SIL,Capa Redmi 13C Silicone Azul,Silicone,Azul,1,17.9,17.9,6.56,2.31,12.9,12.9,9.03,0.0,0.0,0,0,Orgânico,Pix,,Concluída,24,0,MG,Juiz de Fora
MLB2026-003337,2026-08-17,CAP-IP15-CRI,Capa iPhone 15 Acrílico Cristal Transparente,Cristal,Transparente,1,29.9,29.9,11.34,4.63,15.5,19.9,13.93,0.0,0.0,0,0,Orgânico,Pix,,Concluída,19,0,SP,Guarulhos
MLB2026-003338,2026-08-17,CAP-IP16-MAG,Capa iPhone 16 Silicone com MagSafe,MagSafe,Azul,1,49.9,49.9,18.4,29.83,59.8,0.0,0.0,0.0,1.67,359,10,Anúncios,Cartão de crédito,,Concluída,51,65,AM,Manaus
MLB2026-003339,2026-08-17,CAP-IP14-COU,Capa iPhone 14 Couro Sintético Premium,Couro,Marrom,1,44.9,44.9,21.55,20.62,45.9,0.0,0.0,2.73,0.0,0,0,Orgânico,Pix,,Concluída,24,28,MG,Uberlândia
MLB2026-003340,2026-08-17,CAP-GA54-TPU,Capa Galaxy A54 TPU Antirrisco,TPU,Cinza,1,15.9,15.9,6.83,-5.94,-37.4,19.9,13.93,0.0,1.08,2180,39,Anúncios,Pix,,Concluída,65,79,MG,Contagem
MLB2026-003341,2026-08-17,CAP-RN14-SIL,Capa Redmi Note 14 Silicone,Silicone,Preto,1,18.9,18.9,7.06,-6.1,-32.3,19.9,13.93,0.0,4.01,846,25,Anúncios,Cartão de crédito,,Concluída,40,28,MG,Contagem
MLB2026-003342,2026-08-17,CAP-RN14-SIL,Capa Redmi Note 14 Silicone,Silicone,Preto,1,18.9,18.9,8.64,10.26,54.3,0.0,0.0,0.0,0.0,0,0,Orgânico,Pix,,Concluída,40,27,MG,Belo Horizonte
MLB2026-003343,2026-08-17,CAP-IP12-PLU,Capinha iPhone 12 Pelúcia,Pelúcia,Amarelo,1,33.9,33.9,15.77,7.69,22.7,12.9,9.03,0.0,1.41,2773,44,Anúncios,Pix,,Concluída,4,196,PR,Maringá
MLB2026-003344,2026-08-17,CAP-R12-CRI,Capa realme 12 Cristal Transparente,Cristal,Transparente,1,24.9,24.9,11.07,4.8,19.3,12.9,9.03,0.0,0.0,0,0,Orgânico,Pix,,Concluída,24,0,SP,Osasco
MLB2026-003345,2026-08-17,CAP-GA54-SIL,Capa Galaxy A54 Silicone Vermelho,Silicone,Vermelho,1,18.9,18.9,8.81,-8.29,-43.9,19.9,13.93,0.0,4.45,2938,65,Anúncios,Pix,,Concluída,13,112,ES,Vitória
MLB2026-003346,2026-08-17,CAP-GA54-SIL,Capa Galaxy A54 Silicone Vermelho,Silicone,Vermelho,1,18.9,18.9,7.7,-2.73,-14.4,19.9,13.93,0.0,0.0,0,0,Orgânico,Pix,,Concluída,13,111,CE,Fortaleza
MLB2026-003347,2026-08-18,CAP-IP15-SIL,Capa de Celular iPhone 15 Silicone Fosca,Silicone,Preto,1,24.9,24.9,10.7,14.2,57.0,0.0,0.0,0.0,0.0,0,0,Orgânico,Cartão de crédito,9,Concluída,35,0,GO,Goiânia
MLB2026-003348,2026-08-18,CAP-IP15-SIL,Capa de Celular iPhone 15 Silicone Fosca,Silicone,Preto,1,24.9,24.9,12.26,3.61,14.5,12.9,9.03,0.0,0.0,0,0,Orgânico,Pix,,Concluída,35,0,SP,São Paulo
MLB2026-003349,2026-08-18,CAP-IP15-CRI,Capa iPhone 15 Acrílico Cristal Transparente,Cristal,Transparente,1,29.9,29.9,10.74,19.16,64.1,0.0,0.0,0.0,0.0,0,0,Orgânico,Pix,,Concluída,103,0,PE,Caruaru
MLB2026-003350,2026-08-18,CAP-IP14-COU,Capa iPhone 14 Couro Sintético Premium,Couro,Marrom,1,44.9,44.9,16.68,22.49,50.1,0.0,0.0,2.55,3.18,3335,47,Anúncios,Pix,,Concluída,68,27,SP,São Paulo
MLB2026-003351,2026-08-18,CAP-IP14-COU,Capa iPhone 14 Couro Sintético Premium,Couro,Marrom,1,44.9,44.9,17.56,24.39,54.3,0.0,0.0,0.0,2.95,630,5,Anúncios,Cartão de crédito,6,Concluída,68,26,RS,Porto Alegre
MLB2026-003352,2026-08-18,CAP-IP13-SIL,Capa iPhone 13 Silicone Colorida,Silicone,Rosa,1,21.9,21.9,10.66,7.41,33.8,0.0,0.0,2.64,1.19,1770,47,Anúncios,Cartão de crédito,,Concluída,55,109,MG,Belo Horizonte
MLB2026-003353,2026-08-18,CAP-GA55-SIL,Capa Galaxy A55 Silicone Fosca,Silicone,Verde,1,22.9,22.9,10.79,-2.63,-11.5,19.9,13.93,0.81,0.0,0,0,Orgânico,Cartão de crédito,12,Concluída,44,0,RJ,Duque de Caxias
MLB2026-003354,2026-08-18,CAP-GA55-CRI,Capa Galaxy A55 Cristal Ultra Fino,Cristal,Transparente,1,26.9,26.9,11.62,6.25,23.2,12.9,9.03,0.0,0.0,0,0,Orgânico,Cartão de crédito,3,Concluída,77,6,RS,Canoas
MLB2026-003355,2026-08-18,CAP-RN14-SIL,Capa Redmi Note 14 Silicone,Silicone,Preto,1,18.9,18.9,7.6,7.14,37.8,0.0,0.0,0.0,4.16,1953,32,Anúncios,Boleto,,Concluída,13,26,SP,Osasco
MLB2026-003356,2026-08-18,CAP-RN13-TPU,Capa Redmi Note 13 TPU Cristal,TPU,Transparente,1,14.9,14.9,5.73,0.14,0.9,12.9,9.03,0.0,0.0,0,0,Orgânico,Pix,,Concluída,61,141,SC,Florianópolis
MLB2026-003357,2026-08-18,CAP-RN13-TPU,Capa Redmi Note 13 TPU Cristal,TPU,Transparente,1,14.9,14.9,5.96,-0.09,-0.6,12.9,9.03,0.0,0.0,0,0,Orgânico,Cartão de crédito,,Concluída,61,140,PR,Curitiba
MLB2026-003358,2026-08-18,CAP-RN13-TPU,Capa Redmi Note 13 TPU Cristal,TPU,Transparente,1,14.9,14.9,5.28,8.24,55.3,0.0,0.0,0.0,1.38,3176,20,Anúncios,Pix,,Concluída,61,139,SP,São Bernardo do Campo
MLB2026-003359,2026-08-18,CAP-MG84-TPU,Capa Moto G84 TPU Transparente,TPU,Transparente,1,15.9,15.9,7.32,6.53,41.1,0.0,0.0,0.0,2.05,1856,7,Anúncios,Pix,,Concluída,38,76,MG,Contagem
MLB2026-003360,2026-08-18,CAP-MG84-TPU,Capa Moto G84 TPU Transparente,TPU,Transparente,1,15.9,15.9,7.15,8.75,55.0,0.0,0.0,0.0,0.0,0,0,Orgânico,Cartão de crédito,12,Concluída,38,75,SC,Joinville
MLB2026-003361,2026-08-18,CAP-MG84-TPU,Capa Moto G84 TPU Transparente,TPU,Transparente,1,15.9,15.9,7.8,8.1,50.9,0.0,0.0,0.0,0.0,0,0,Orgânico,Pix,,Concluída,38,74,RJ,Duque de Caxias
MLB2026-003362,2026-08-18,CAP-MG85-SIL,Capa Moto G85 Silicone Azul,Silicone,Azul,1,19.9,19.9,7.17,3.7,18.6,12.9,9.03,0.0,0.0,0,0,Orgânico,Pix,,Pendente,33,123,BA,Salvador
MLB2026-003363,2026-08-18,CAP-ME50-COU,Capa Moto Edge 50 Couro Sintético,Couro,Marrom,1,59.9,59.9,27.55,30.7,51.3,0.0,0.0,0.0,1.65,868,25,Anúncios,Boleto,,Concluída,19,0,SP,Campinas
MLB2026-003364,2026-08-18,CAP-ME50-COU,Capa Moto Edge 50 Couro Sintético,Couro,Marrom,1,59.9,59.9,29.21,26.7,44.6,0.0,0.0,0.0,3.99,2135,52,Anúncios,Pix,,Concluída,19,0,MG,Uberlândia
MLB2026-003365,2026-08-18,CAP-GA55-SUP,Capa Galaxy A55 com Suporte e Anel,Com Suporte,Preto,1,35.9,35.9,15.73,18.61,51.8,0.0,0.0,0.0,1.56,3238,92,Anúncios,Pix,,Concluída,13,5,MG,Uberlândia
MLB2026-003366,2026-08-18,CAP-GA55-SUP,Capa Galaxy A55 com Suporte e Anel,Com Suporte,Preto,1,35.9,35.9,14.78,12.09,33.7,12.9,9.03,0.0,0.0,0,0,Orgânico,Pix,,Concluída,13,4,PA,Ananindeua
MLB2026-003367,2026-08-18,CAP-GS25-SIL,Capa Galaxy S25 Ultra Silicone MagSafe,MagSafe,Preto,1,54.9,54.9,21.15,30.25,55.1,0.0,0.0,2.27,1.23,2916,74,Anúncios,Pix,,Concluída,34,0,BA,Feira de Santana
MLB2026-003368,2026-08-18,CAP-R12-CRI,Capa realme 12 Cristal Transparente,Cristal,Transparente,1,24.9,24.9,10.79,-2.39,-9.6,19.9,13.93,0.0,2.57,1708,9,Anúncios,Pix,,Concluída,22,0,GO,Goiânia
MLB2026-003369,2026-08-18,CAP-R12-CRI,Capa realme 12 Cristal Transparente,Cristal,Transparente,1,24.9,24.9,10.49,0.48,1.9,19.9,13.93,0.0,0.0,0,0,Orgânico,Pix,,Concluída,22,0,GO,Anápolis
MLB2026-003370,2026-08-18,CAP-GA56-CRI,Capa Galaxy A56 Cristal Espelhada,Cristal,Prata,1,34.9,34.9,12.96,3.94,11.3,19.9,13.93,4.07,0.0,0,0,Orgânico,Cartão de crédito,9,Concluída,43,44,MG,Belo Horizonte
MLB2026-003371,2026-08-18,CAP-GA54-SIL,Capa Galaxy A54 Silicone Vermelho,Silicone,Vermelho,1,18.9,18.9,7.65,-2.93,-15.5,19.9,13.93,0.25,0.0,0,0,Orgânico,Pix,,Concluída,44,110,MG,Juiz de Fora
MLB2026-003372,2026-08-18,CAP-GA54-SIL,Capa Galaxy A54 Silicone Vermelho,Silicone,Vermelho,1,18.9,18.9,8.59,-6.74,-35.7,19.9,13.93,0.0,3.12,745,7,Anúncios,Cartão de débito,,Concluída,44,109,RJ,Duque de Caxias
